Area,College_Graduation_Rate,Less_Than_High_School
101110,19.357771,19.691002
101122,27.166731,4.6249514
101210,16.592373,22.783556
101220,19.812584,17.849174
101300,31.027668,10.135517
101400,27.681307,10.554988
102103,38.088829,9.1520863
102104,43.88319,9.2738752
102105,16.0893,25.866051
102107,28.682171,11.931244
103101,25.216972,10.414658
103102,23.308487,12.5
103200,24.080957,17.740602
103300,41.791046,6.08496
103400,26.454378,9.2671976
104103,12.74868,33.901745
104105,16.437956,43.328468
104108,13.527054,41.683365
104124,30.313236,18.187943
104201,3.7154989,45.753716
104203,5.0203028,50.31377
104204,10.549451,44
104310,4.4940386,52.491592
104320,7.0229435,48.181309
104401,5.9238362,58.298073
104403,11.023623,50.97113
104404,3.5350509,55.182743
104500,3.483146,51.741573
104610,3.5645473,50.626205
104620,3.5132382,59.012218
104701,6.8085108,59.255318
104703,11.968777,53.772766
104704,14.414063,37.421875
104810,5.7824936,41.803715
104821,10.449268,44.977283
104822,8.2089548,55.902306
106010,22.171019,22.734255
106020,16.460176,35.271809
106111,24.289324,22.488945
106112,23.242506,27.629427
106113,22.142214,28.39784
106114,15.284745,38.093834
106403,5.6230321,41.52047
106405,10.430537,37.017311
106406,23.195732,18.786858
106407,11.741122,35.395187
106408,9.5032396,41.144707
106510,28.454517,19.13755
106520,8.3422747,36.883049
106603,53.991695,6.9220119
106604,12.158274,31.474821
106641,58.592262,4.311985
106642,35.331993,5.0704226
106643,54.844444,8.2666664
106645,58.429859,3.045903
106646,30.645763,15.938783
106648,7.6452599,43.556137
106649,30.865604,21.753986
107010,8.90625,44.583332
107020,16.79978,35.36216
108101,53.014084,5.8591547
108102,58.771591,3.7619963
108103,67.118782,4.1101522
108104,62.705532,2.6158445
108201,61.118107,5.4646187
108202,52.458317,4.8311243
109100,19.120762,25.211864
109200,36.636795,8.5397997
109300,26.666666,18.791666
109400,17.14654,28.577568
109500,11.466372,37.008453
109601,21.3207,27.331951
109603,19.751774,28.58156
109604,15.951807,22.26506
109700,28.997461,13.515228
109800,21.970554,18.431484
111100,28.036053,10.056926
111201,35.658306,14.851097
111202,35.887543,8.0760746
111204,57.533001,5.4164772
111205,40.978218,5.3842993
111206,47.678108,6.6916642
111301,30.12299,14.607379
111302,45.418568,6.4231353
111400,32.888412,15.607759
113101,45.76466,4.9060941
113102,49.036308,4.482295
113211,48.741417,4.870873
113212,46.441795,5.8412175
113213,35.167393,5.9388647
113231,47.166248,3.211587
113232,39.397518,10.129947
113233,14.817951,21.782389
113234,22.259026,27.459423
113235,29,7.3846154
113237,36.09166,13.621897
113301,43.379269,8.148592
113303,31.455717,8.1438751
113321,39.73024,13.558921
113322,42.491081,10.768732
113401,30.812325,17.49427
113421,16.484583,21.680019
113422,26.858908,25.108135
115101,49.541779,6.5498652
115103,47.120419,1.3089005
115104,50.132862,5.4030113
115201,38.038391,3.3473783
115202,38.64492,5.9598494
115301,45.421772,5.8399425
115302,15.588116,35.246235
115401,31.259483,16.059687
115403,24.010672,19.742107
115404,22.516199,24.136068
117101,32.842045,25.250278
117102,21.066252,21.635611
117201,20.645864,38.679245
117202,32.03125,13.560267
117301,39.316238,5.9829059
117302,41.225628,8.1615601
117303,24.848942,11.442598
117404,24.02072,17.869862
117405,7.5817642,51.040634
117407,2.4552429,66.751915
117408,8.7599545,44.027306
117510,4.4589176,45.440884
117520,10.993759,42.918865
117530,14.198659,41.74284
119001,19.251753,31.410755
119002,9.6619368,45.659431
119201,13.137806,40.658897
119202,7.7516661,39.670292
119310,15.209435,32.289547
119320,16.731934,43.111427
119340,7.0675106,57.911392
119341,22.902494,32.199547
119342,9.4282846,42.678036
119400,10.514905,51.056911
119700,30.205542,25.081919
119800,14.098442,36.507545
119900,17.330917,32.940823
120010,19.295204,35.990757
120020,18.885221,42.060871
120030,9.1613817,49.682877
120103,5.0282841,55.248272
120104,16.400766,43.969368
120105,13.686534,36.534218
120106,10.379842,48.664913
120107,5.1150894,46.598465
120108,9.8555374,48.34671
120300,20.683262,30.561441
120400,20.977327,27.911072
121010,22.425198,38.267715
121020,20.01634,35.253269
121101,17.423201,29.802843
121102,23.220339,28.192091
121210,18.500948,35.815941
121221,11.738579,40.164974
121222,5.5868015,41.394825
121600,28.190199,13.148957
121801,14.48344,40.583294
121802,13.005419,31.971655
121900,12.99894,38.996822
122000,21.048983,24.052681
122120,10.468227,36.053513
122121,12.987013,45.454544
122122,4.4787078,50.440529
122200,7.68929,40.643391
122410,10.458389,47.129505
122420,17.535034,41.142651
123010,7.2583828,46.153847
123020,10.212766,40.595745
123103,27.139185,30.33419
123104,16.548702,34.95113
123203,5.756824,41.488834
123204,11.501901,36.311787
123205,12.664757,47.106018
123206,9.799427,44.011463
123301,28.695652,16.8438
123303,20.96475,27.458256
123304,31.034483,22.619425
123410,21.765989,36.99128
123420,19.934641,35.984024
123510,20.604395,26.617826
123520,35.049503,19.60396
123601,29.378109,17.338308
123602,32.587994,18.592133
123700,33.805443,10.137905
123800,32.271965,12.329423
123901,23.914616,24.276411
123902,45.606495,6.2082138
124000,61.962833,5.4006968
124102,39.81884,20.942028
124103,14.357502,45.297916
124104,22.902002,29.290741
124105,25.925926,27.418463
124201,20.342613,25.010706
124203,9.8396902,36.70536
124204,19.600819,26.560902
124300,14.529591,34.294384
124400,43.061367,12.308228
124500,41.680962,6.903945
124600,50.625755,2.9067421
124700,51.634335,5.0491629
124902,38.167259,8.6298933
124903,38.396778,9.7364569
125100,45.96685,8.6850824
125200,41.300465,14.183637
125310,35.8414,22.447706
125320,41.306557,12.633452
125401,47.453339,4.0493517
125402,52.695168,7.8066916
125501,41.24498,10.64257
125502,44.652313,7.3420401
125600,54.56892,4.1300979
127102,19.032259,29.096775
127103,22.075378,36.759666
127104,20.352564,25.921474
127210,22.130014,26.832642
127220,17.63979,36.886005
127300,27.258759,19.45298
127400,11.770944,42.046661
127520,12.606404,46.209972
127603,13.450937,29.437706
127604,30.577637,23.688395
127605,16.425703,25.863453
127606,20.969748,25.652714
127711,34.159439,21.726559
127712,20.975609,24.682926
127803,16.725853,33.771305
127804,27.715355,23.670412
127805,19.218584,33.051743
127806,20.281307,32.940109
127910,14.415995,33.70747
127920,17.17514,27.532957
128101,27.798586,24.053267
128102,10.340439,40.407253
128210,9.955471,58.015266
128220,32.432434,18.160265
128302,15.179718,38.254173
128303,7.4074073,50.130413
128400,42.366665,11.933333
128500,48.128342,4.9386601
128601,27.735537,22.644629
128602,45.721371,5.6634974
128702,48.111374,4.8348804
128801,54.580448,8.5065432
128802,59.126984,3.8548753
128910,54.888451,6.4960628
131010,18.132715,24.639917
131020,18.092644,32.561306
131100,30.498281,18.943298
131200,30.376345,13.978495
131300,14.876033,30.948988
131400,28.521618,17.433752
131600,24.650351,24.854313
131701,27.362265,18.990459
131702,20.263382,29.821581
131800,20.382166,34.191082
131900,24.664703,17.402683
132001,26.929903,13.797693
132002,25.342466,21.618151
132101,29.078947,19.605263
132102,27.707676,19.716089
132300,22.859627,28.943937
132501,15.313146,30.006882
132502,18.441971,25.278219
132700,17.735966,34.793339
132900,31.636763,9.2273893
133000,17.398537,26.61344
133100,31.481482,23.379629
134001,12.08,48.880001
134002,17.269373,33.357933
134101,21.604355,31.258873
134103,19.553253,22.466818
134104,25.319149,18.900709
134201,20.019468,23.718365
134302,28.896797,7.6156583
134303,25.437572,21.376896
134304,27.239655,13.642565
134305,7.8154783,53.564621
134306,25.86841,10.870454
134421,47.604206,4.6357617
134422,42.571507,6.1094141
134423,54.230293,2.6826248
134424,66.350471,2.24663
134520,14.333844,36.99847
134521,3.495702,47.449856
134522,19.817677,30.043598
134710,15.748899,35.903084
134720,24.422735,27.14624
134800,22.491983,22.766834
134901,37.149029,11.101512
134903,39.240505,15.005274
134904,24.14316,27.327873
134905,60.66267,1.480437
135102,45.148861,5.218914
135111,47.86795,9.8120127
135113,53.867531,3.3811951
135114,68.837875,5.0215206
135201,43.085373,4.5431852
135202,37.293621,4.3056006
135203,41.06559,4.8855548
137000,55.633598,2.6631548
137103,53.653156,3.9426522
137104,48.547512,2.904973
137201,47.164322,5.8894815
137301,48.987591,4.4415417
137302,55.839752,2.0030816
137401,51.968243,6.4174662
137402,42.106606,5.1262431
137501,55.063522,4.1742287
137502,56.174648,1.010101
137504,57.660522,4.1958041
138000,53.002754,2.8099174
139001,54.53326,6.0085835
139200,42.165897,3.7890425
139301,42.339603,7.7986727
139302,34.813709,5.6631894
139303,32.651779,8.6190624
139401,34.662998,13.0674
139402,52.977734,4.8161573
139502,61.224491,7.8231292
139503,48.035229,9.0334234
139504,40.989662,6.3515511
139600,59.533073,1.2506949
139701,62.22464,7.3429427
139702,63.652969,2.4429224
139703,58.297256,2.8379028
139801,62.937595,4.6423135
139802,62.576687,6.9529653
141101,63.128799,2.1006081
141102,62.389381,2.8318584
141201,54.515491,3.6914964
141202,66.403854,4.5554094
141302,60.312298,3.2964649
141303,57.864742,1.2158055
141304,59.911716,1.4847512
141400,56.87891,2.3024445
141500,68.617737,1.7559658
141600,69.831696,1.9371229
141700,61.427967,2.1968737
143100,56.734142,3.7516868
143200,59.133526,5.0113158
143300,50.286278,4.0473838
143400,55.189621,2.7944112
143500,64.122566,5.7938719
143602,60.867252,5.2407556
143603,63.681049,2.6761332
143604,63.978287,2.4428072
143700,65.535774,1.4444071
143800,64.720497,1.0931677
143901,65.581245,4.6890264
143902,69.017738,0.77888358
181000,49.183376,8.2075663
181300,53.303509,9.8417072
181400,38.673187,11.831244
181500,37.371662,13.381246
181600,37.770897,12.516585
183101,33.308041,26.479515
183103,17.877094,32.332401
183104,34.146343,22.129684
183220,17.355932,34.135593
183221,31.746811,16.781158
183222,37.438049,18.14716
183300,23.001701,25.807823
183401,25.363583,25.887144
183402,34.411453,26.086956
183510,21.313433,27.880596
183520,18.96916,42.374313
183610,13.73944,44.908848
183620,20.858585,31.616161
183701,19.568508,41.483723
183702,32.932262,27.450981
183810,21.04137,44.650497
183820,8.4802685,42.233418
185100,41.80999,23.505323
185202,33.84948,29.852358
185203,16.834051,48.637016
185204,47.328243,12.560721
185310,6.6927209,44.89497
185320,7.9175706,58.026031
186100,44.918125,10.728402
186201,42.175732,17.824268
186202,39.372326,15.905849
186203,46.729412,9.6000004
186301,17.176958,38.505447
186302,34.071789,18.199663
186401,16.093954,43.149197
186403,14.871306,34.318398
186404,19.351032,41.474926
187101,36.001789,14.221825
187102,30.274858,19.886824
187200,18.433931,38.281673
187300,58.80225,7.516077
188100,35.748791,24.879227
188201,61.79229,1.9798541
188202,61.144882,1.1144884
188300,44.156269,8.5357847
189101,55.6422,11.19266
189102,71.766502,2.5944295
189201,56.564552,11.889132
189202,66.279068,4.5116277
189300,70.506332,3.5021098
189400,69.810715,0.67372471
189500,67.902992,4.8216834
189600,65.170731,4.6504064
189701,63.969036,3.096411
189702,71.394516,1.4302741
189800,60.114613,4.6704869
189902,60.262936,5.4919424
189903,48.797813,4.6994534
189904,59.360958,2.9455817
189905,51.671089,5.0928383
190100,50.612244,7.1020408
190201,31.297266,21.756836
190202,52.873562,7.183908
190301,35.947243,13.812949
190401,49.834766,7.9973564
190402,39.460541,8.7412586
190510,32.017292,23.285303
190520,26.919338,20.310982
190700,42.363342,24.356913
190801,32.533333,21.866667
190802,35.959885,22.731615
190901,23.143166,38.823109
190902,18.520922,29.841064
191000,46.758923,15.331391
191110,24.345461,26.82761
191120,16.646563,29.433052
191201,23.910206,20.1775
191203,23.903744,31.818182
191204,26.988266,26.923077
191301,36.68951,31.154455
191302,31.683168,25.907591
191410,21.514959,39.942711
191420,21.742483,40.555126
191500,25.361542,32.512051
191610,27.766531,37.449394
191620,16.124535,48.513012
191710,21.12676,35.57642
191720,14.632174,44.46241
191810,23.521505,41.577061
191820,40.234375,16.113281
191901,42.440121,7.260479
191902,64.953667,5.9814658
192001,56.333168,8.8220797
192002,61.130898,4.5414071
192300,75.938866,3.0567687
192410,59.173553,10.148761
192420,31.127712,23.550339
192510,30.511736,30.934975
192520,24.673203,42.516338
192610,13.409724,39.733665
192620,23.911186,33.646458
192700,25.009222,20.951679
194101,66.920441,0.45679483
194102,66.367096,0.34566194
194200,65.902962,2.3247979
194300,60.566746,3.3117106
194401,55.894402,6.2812924
194402,69.786293,1.8791451
194500,56.629654,5.0947094
195100,67.448906,6.838254
195201,63.133099,2.1986651
195202,65.380249,6.394249
195300,57.056248,12.933648
195400,66.098724,10.09772
195500,47.164627,8.7934046
195600,40.701897,20.572811
195710,21.351351,37.804054
195720,31.804281,29.663609
195802,22.437532,29.780724
195803,41.82494,13.25351
195804,33.333332,16.116116
195901,51.795143,15.6283
195902,57.717716,8.048048
195903,38.164814,17.708942
197200,18.120806,27.234194
197300,38.397964,19.675779
197410,58.777676,6.9535394
197420,36.510437,24.497833
197500,40.985867,24.646673
197600,36.745987,27.116768
197700,31.814461,32.98772
199000,13.428036,46.448673
199110,11.990951,38.065609
199120,13.556953,46.715584
199201,9.6651449,50.076103
199202,18.988003,41.05373
199300,27.104248,30.424711
199400,12.985649,56.947849
199700,20.047619,42.761906
199800,6.6666665,51.415928
199900,11.386139,53.155941
201110,14.369847,38.92815
201120,14.334863,32.683487
201200,9.1019421,43.992718
201301,19.854612,36.074512
201302,52.604168,11.523438
201401,18.704809,36.529392
201402,14.693252,34.8773
201501,10.526316,38.732189
201503,9.1436863,41.461056
201504,14.340199,40.503433
201601,13.55198,31.497524
201602,13.016205,34.343964
201700,23.20122,28.079268
203100,4.0375204,57.66721
203200,7.0799456,50.067749
203300,14.728683,46.400887
203500,15.47744,40.713535
203600,8.2896118,58.06226
203710,9.423275,54.428425
203720,3.0591974,62.773144
203800,6.5082645,55.647385
203900,8.1023455,51.972282
204110,2.780807,56.052345
204120,6.9639583,56.383629
204200,5.3751998,56.146885
204300,7.8347106,57.619835
204410,5.4237289,59.322033
204420,4.4689493,58.444572
204600,8.6607523,53.443176
204700,9.0515804,55.307819
204810,6.9865913,52.999294
204820,6.0311284,58.430611
204910,8.468873,55.748737
204920,6.984334,53.067886
205110,3.7792144,70.213821
205120,4.2506814,61.416893
206010,14.098973,54.621849
206020,6.6399732,42.67601
206031,66.474197,5.1245036
206032,12.568493,42.739727
206050,15.352982,50.445511
206200,30.061771,25.978037
206300,8.0855198,32.186588
207101,36.574684,26.018396
207102,12.341407,64.705879
207103,12.044472,55.58987
207301,50.410473,13.179499
207302,55.122345,6.7760153
207400,12.162162,35.923424
207501,75.876953,3.8316245
207502,49.188034,22.393162
207710,61.395695,11.210096
207900,72.984619,5.2923079
208000,27.92584,33.557358
208301,6.5625,56.484375
208302,15.928883,41.545719
208401,15.053381,49.679714
208402,22.456511,34.739063
208501,28.896105,28.896105
208502,13.699242,41.410084
208610,28.87183,30.774366
208620,31.100334,26.068506
208710,37.488457,12.342259
208720,16.891436,43.964935
208801,14.533898,46.525425
208802,28.597366,38.674534
208902,6.4657879,74.82737
208903,11.368821,67.26236
208904,4.7597866,67.615662
209102,12.744156,58.469421
209103,5.4862843,62.693268
209104,11.525424,42.576271
209200,47.330959,28.647686
209300,16.888889,41.703705
209401,11.151471,47.184891
209402,6.6803279,70.368851
209403,14.945762,50.703094
209510,17.302526,43.739925
209520,9.9115047,56.873158
209810,11.606217,49.948185
209820,8.7918663,53.468899
210010,11.24684,49.915752
211000,70.221565,4.3722305
211120,37.835785,17.257982
211121,36.845238,23.690475
211122,39.409721,26.692709
211201,18.432104,46.71022
211202,26.681368,34.068356
211310,17.653631,42.271881
211320,24.805492,38.947369
211410,26.318384,27.550518
211420,33.169533,24.897625
211500,47.752163,14.26513
211701,64.177696,6.6162572
211703,31.682627,19.972641
211704,41.102646,10.48857
211802,39.460423,14.527127
211803,39.159843,8.935564
211804,40.109638,12.836912
211910,16.898148,39.120369
211921,42.150803,23.362175
211922,29.404808,35.12022
212101,36,15.402299
212102,31.704338,21.136225
212202,11.74363,44.386944
212203,8.9544516,60.300205
212204,13.447537,49.036404
212303,15.227273,43.5
212304,24.780876,42.310757
212305,14.256722,43.734146
212306,30.009451,20.746693
212410,28.073771,31.557377
212420,17.974573,32.573433
212501,37.130543,16.194582
212502,41.244572,16.40135
212610,37.98423,22.660267
212620,27.237926,33.127209
212701,35.192005,22.409258
212702,56.61253,4.3089161
212800,35.260323,23.052065
212900,21.137972,39.917454
213100,36.153072,21.450151
213201,27.546297,34.126984
213202,15.944735,38.610905
213310,11.842618,49.006622
213320,17.90201,43.907036
213401,13.246268,49.573563
213402,16.377846,38.056404
214000,53.110645,2.5887265
214100,57.258587,3.7589111
214400,64.020538,2.6856241
214501,66.333191,1.3484124
214502,74.423134,1.4456491
214503,64.421852,1.6941974
214600,61.563366,3.3765032
214700,65.582909,4.5517883
214800,63.935741,6.8273091
214901,70.69278,3.0830612
214902,67.912086,2.8571429
215101,68.157181,0.90334237
215102,62.416107,2.4981358
216100,68.915543,1.8990505
216200,67.134476,10.742537
216300,67.629761,3.656354
216401,65.12397,6.1157026
216402,60.669781,9.4626169
216700,44.887527,5.8282208
216800,68.148148,5.0292397
216900,51.563587,16.446606
217001,54.316143,8.7443943
217002,53.189354,5.7508788
217100,39.929413,12.77647
217200,47.35326,14.115952
218110,23.042776,25.343019
218120,16.876818,41.771744
218210,9.3495932,44.349594
218220,24.210859,38.667931
218300,19.018087,21.731266
218400,17.651545,23.141441
218500,15.55674,24.826851
218600,18.66995,25.911329
218701,31.328924,14.010824
218702,14.432284,25.1026
218800,13.592751,29.424307
218900,20.578327,27.596855
219010,11.018957,31.635071
219020,11.223423,30.742418
219300,13.023255,36.08527
219500,34.892639,10.046012
219700,22.053232,32.008297
219800,5.7034221,45.627377
219901,10.871944,44.691719
219902,14.025777,40.219864
220000,17.633646,25.335697
220100,25.305624,9.5965767
221110,7.5487013,52.597404
221120,7.2095437,51.037346
221210,13.712872,46.188118
221220,11.218945,47.903728
221302,8.4684181,47.372833
221303,16.955791,49.020706
221304,16.93989,35.098782
221401,18.961626,33.498871
221402,23.499062,27.767355
221500,5.985342,33.631924
221601,11.052861,42.11446
221602,7.6275644,56.917412
221710,19.375362,38.403702
221810,27.406832,40.99379
221820,68.300156,4.9770293
221900,27.702703,26.930502
222001,23.514212,32.196381
222002,11.392822,42.970036
222100,14.291864,43.133877
222200,10.805085,42.033897
222500,6.6688461,40.699574
222600,20.366455,34.425652
222700,50,0
224010,15.973598,36.831684
224020,10.966058,55.939949
224200,6.315104,58.91927
224310,9.3277311,48.739494
224320,5.0150452,57.973923
224410,33.913044,36.726341
224420,17.777779,48.673836
224600,9.9843178,52.378464
224700,50.934578,7.5934582
226001,4.0963855,59.196789
226002,35.035915,38.707104
226410,1.7200191,63.162926
226420,7.1428571,62.973137
226700,2.1835268,65.505806
227010,2.2028105,62.096466
227020,2.7983105,67.740234
228100,1.0118043,67.183807
228210,5.4162936,58.728737
228220,2.8716998,67.253357
228310,3.3157499,67.106255
228320,1.1143695,61.348972
228410,3.4897025,65.217392
228420,6.8774266,59.789242
228500,1.0699275,61.597248
228600,4.4278998,65.713165
228710,3.0346136,63.821716
228720,2.7391489,66.16098
228800,3.3957033,59.909908
228900,5.9539919,61.366711
229100,2.2892027,66.272415
229200,1.3250195,65.315666
229300,2.9895868,63.721867
229410,1.8201284,63.865097
229420,5.2838426,57.816593
231100,6.7391305,44.347828
231210,7.3170733,60.243904
231220,5.9713378,50.119427
231300,5.659204,47.512436
231400,4.6870084,48.631645
231500,11.520302,32.389046
231600,13.298504,42.840179
231710,7.8538814,61.872147
231720,6.5096092,53.533787
231800,2.5,67.985077
231900,5.6915741,55.80286
232110,5.3227634,44.280861
232120,4.8033528,56.640877
232200,4.5951862,37.855579
232300,8.8735962,40.709888
232400,6.9852943,32.077206
232500,10.542169,45.046856
232600,6.0564909,40.711571
232700,4.9647388,47.559944
232800,4.9823632,52.513229
234000,22.781654,21.061815
234200,29.272238,12.021564
234300,25.592258,9.9099102
234501,14.38806,20.35821
234502,15.042735,25.299145
234600,15.451545,20.552055
234700,4.9527411,30.321362
234800,15.277084,26.759861
234901,3.7304451,42.659447
234902,6.0153255,28.314177
235100,25.273104,13.286094
235201,16.427341,21.539345
235202,16.023432,22.260509
236000,40.936806,7.2062082
236100,26.574907,15.934357
236202,11.623068,34.482758
236203,12.455516,25.583235
236204,8.2463465,30.636744
236400,42.71986,5.6785092
237101,3.7276342,43.538769
237102,11.084624,43.98093
237201,5.1996288,44.42897
237202,3.7950664,47.47628
237300,15.323295,24.62356
237401,9.0867157,30.996309
237402,7.4271846,40.485435
237500,8.0438757,51.432053
237600,3.9879932,42.109776
237710,8.4636116,46.199459
237720,6.5070596,53.284222
237800,12.693992,30.083565
237900,17.533718,13.98844
238000,20.015617,19.000521
238100,16.872162,19.63011
238200,15.556152,24.180548
238310,6.0318666,44.499241
238320,3.7150128,49.567429
238400,23.666666,13.055555
239201,4.2198234,60.157017
239202,5.9871163,51.420994
239310,6.8774028,53.353268
239320,5.9883156,58.033108
239330,5.2631578,54.74894
239501,4.6403713,50.440834
239502,5.0766792,53.463776
239601,6.4205456,53.879078
239602,10.371603,56.57238
239701,2.6066351,54.699841
239702,3.4566698,42.599804
239801,2.6172302,57.470013
239802,4.4742727,49.366146
240010,1.6787913,60.268608
240020,5.2521739,48.173912
240200,4.7323761,49.34726
240300,6.1433449,40.03413
240401,9.3065691,40.656933
240402,6.1755624,35.200706
240500,4.8409796,53.194485
240600,5.7904763,50.704762
240700,5.0943398,47.223721
240800,6.8613138,36.642334
240900,6.4269805,46.738785
241001,8.386838,41.853931
241002,3.5262206,44.620255
241110,4.402895,50.603138
241120,9.9741411,43.849281
241201,6.6700354,36.17989
241202,4.4055943,45.419579
241300,11.764706,31.297134
241400,5.3911204,41.067654
242000,3.5542748,44.284344
242100,0.8563273,52.711704
242200,4.4621239,42.995502
242300,5.6458898,38.121048
242600,1.1958146,58.046837
242700,4.7511311,48.83107
243000,4.3339152,49.534615
243100,3.6295369,60.763454
261101,72.3255,2.7709575
261102,71.648354,1.2872841
261200,75.385651,1.8443997
262100,67.413261,3.9964867
262200,77.890045,1.8424963
262301,79.609543,1.2472885
262302,80.876122,1.4130946
262303,77.186485,2.0823693
262400,79.981293,2.385407
262501,82.710823,2.502888
262601,77.702194,2.1541951
262604,76.541412,1.2455885
262704,75.099922,1.518785
262706,77.172607,1.0812975
262802,79.070663,0
264000,84.166313,2.4779503
264102,79.990883,2.0054696
264103,79.001884,2.212806
264301,76.533272,3.1730998
264302,74.307419,1.1394101
265100,64.094269,3.2347505
265201,68.972466,2.2162526
265202,77.938377,2.9288702
265301,5.4373522,0
265303,70.76326,1.5523933
265304,71.138847,11.856474
265305,81.46479,1.2394366
265410,73.015877,1.5873016
265420,79.912346,5.6975894
265510,84.218575,2.4455483
265520,76.470589,2.5859618
265601,64.264,1.3460703
265602,67.198654,5.7538848
265700,71.890968,3.017766
267100,68.931122,8.9198341
267200,64.644257,5.4561329
267300,66.895981,4.7605944
267402,69.707748,2.6937737
267403,74.786324,4.3162394
267404,74.322777,6.486074
267501,56.654152,17.167292
267502,54.55238,11.619047
267600,55.590622,7.754734
267700,62.130802,11.954993
267800,68.617737,4.8626742
267901,60.723129,3.0708272
267902,75.652176,0.98814231
269000,66.212929,3.1113272
269100,63.916084,6.7482519
269300,81.871544,1.9337016
269500,74.165138,2.3853211
269601,21.719038,29.990757
269602,40.467896,23.19562
269700,45.983662,16.201498
269800,55.669224,4.9445868
269903,54.209099,4.7861509
269904,50.776546,5.9270997
269905,56.729809,13.31007
269906,67.135323,3.3391917
269907,52.438435,9.0294542
270100,53.258308,10.154409
270200,24.55216,24.762909
270300,35.740841,19.171535
271100,57.977791,3.0976038
271200,51.619049,10.571428
271300,53.926991,4.0652657
271400,59.660141,2.9922423
271500,61.36829,5.2847195
271600,79.763428,3.6125319
271701,62.5,4.6328673
271702,75.807518,2.4060645
271801,55.796833,15.421421
271802,46.878983,8.2165604
271901,53.148937,20.510639
271902,54.69223,7.1981163
272100,59.824619,4.7742772
272201,44.426319,18.379555
272202,40.76527,15.158205
272301,44.972374,20.699816
272302,31.273409,23.158552
273100,52.698605,8.1261368
273200,56.333832,14.791356
273300,55.669724,15.376146
273402,67.388588,2.0824656
273502,63.639999,1.2
273600,67.600609,4.788589
273700,55.797443,10.317084
273800,58.099438,4.7313552
273902,70.439865,3.2912951
274100,67.930389,2.7346177
274202,63.098824,3.3670955
275101,42.955666,4.4334974
275102,28.908554,29.019175
275200,36.954281,28.29151
275302,63.815952,5.4013505
275311,47.834778,5.8849654
275400,64.180183,8.4684687
275500,28.262196,31.615854
275602,76.844872,0.84136724
275603,39.395287,12.58337
276000,59.85743,3.7647583
276100,53.295837,3.4645669
276400,65.433853,0.99573255
276500,53.363567,3.3257747
276601,64.395454,4.8096194
276603,65.268166,4.8226643
276604,49.094017,4.5470085
277000,64.03405,2.4119177
277100,44.592728,7.0869765
277200,33.233532,18.383234
277400,23.398329,17.455896
278001,46.096008,4.2220936
278102,62.64262,0.84652191
291110,11.807938,23.958843
291120,7.563025,44.155846
291130,17.047377,33.840946
291210,21.38945,24.791006
291220,18.806213,31.398201
291300,27.561476,10.911885
292000,16.653816,27.987663
293201,28.817789,24.551849
293202,17.361303,30.913607
293301,35.263409,7.4988136
293302,27.312414,20.736698
293304,14.400279,29.846582
293306,25.778038,13.799178
293307,18.034826,30.472637
294110,8.4626751,36.289726
294120,4.5018449,55.867157
294200,6.3206105,21.67939
294301,7.3242764,37.507381
294302,4.418262,33.762886
294410,27.703207,19.500372
294421,13.218699,35.3036
294510,8.153204,50.511944
294520,7.7804294,38.42482
294610,6.8074107,43.515724
294620,8.6281586,46.028881
294701,2.7730618,51.216751
294810,2.9095793,61.906895
294820,3.1440163,53.701824
294830,5.606133,54.000957
294900,7.2052402,57.751091
295103,38.412785,4.0231471
296210,11.937613,43.25135
296220,17.959999,37.48
296300,35.101166,13.641937
296401,35.787807,7.5217733
296402,22.134203,13.932899
296500,10.091743,36.497807
296600,6.8146296,35.16724
296901,17.653673,29.985008
296902,22.181009,18.249258
297000,32.952526,10.0787
297110,8.9002094,31.824993
297120,9.607173,42.783947
297201,12.896222,21.580547
297202,28.844738,11.515821
297300,34.002769,8.4487534
297400,47.36842,7.8947368
297500,36.311474,6.6666665
297601,34.042553,4.1978149
297602,40.343914,11.640212
300100,59.412178,1.7728015
300200,53.84417,4.7729616
300301,48.576359,6.7083693
300400,33.686871,6.8434343
300501,50.422676,7.2103429
300502,48.37851,5.8083253
300600,48.988766,9.9357948
300701,59.435963,3.0110264
300702,58.46981,4.5465655
300800,51.421803,6.0517683
300901,61.735992,3.8837011
300902,56.058674,5.484694
301000,46.496288,10.66227
301100,45.024826,8.1628599
301203,48.929577,12.535212
301204,34.184769,14.633564
301205,53.950619,10.493827
301206,36.952579,14.87432
301300,59.799332,7.6923075
301400,52.68494,7.9609461
301501,34.098816,14.4746
301502,30.128691,30.16654
301601,18.911968,27.20079
301602,29.37063,21.24542
301701,30.408543,18.430826
301702,29.429499,15.67718
301801,31.945675,13.227044
301802,27.711308,17.020456
301900,42.662338,13.214286
302002,37.26125,14.535448
302003,34.066647,22.905209
302004,33.477634,21.32756
302102,36.303192,15.359042
302103,26.749573,24.042917
302104,36.103447,14.137931
302201,21.93964,32.112579
302202,29.774813,23.019182
302301,30.279011,19.720989
302302,25.198637,26.220203
302401,22.273674,24.380644
302503,24.596392,20.955999
302504,22.088875,30.132988
302505,22.367968,20.365896
302506,32.489613,20.627125
310100,48.554104,11.637127
310201,40.328728,7.7894235
310202,45.396561,11.702718
310300,41.199226,5.5609283
310400,42.157265,10.951009
310501,30.897703,21.085594
310601,36.398106,14.952606
310602,43.979057,3.4322281
310701,30.426065,14.786967
310702,37.65324,12.381786
310703,29.575249,13.712638
310800,38.115185,15.445026
310900,33.500111,9.0928869
311000,36.011276,8.3861876
311100,32.637638,14.897445
311200,35.523434,10.556286
311300,37.103397,7.764091
311400,42.199017,7.1867323
311500,41.179386,7.0118928
311600,46.657028,5.8005061
311700,39.728767,9.5375719
311801,33.473587,18.606825
311802,26.448261,23.252098
320000,,
320100,14.607646,32.877262
320201,14.405595,46.853146
320202,11.718952,43.583096
320300,7.7712612,47.311829
400204,50.220947,5.0596552
400205,66.39785,4.3906808
400206,59.609207,4.7644539
400207,40.668098,3.7695372
400302,29.840548,11.799544
400304,37.20129,8.4176531
400402,38.138355,3.6943138
400403,41.420536,6.1533051
400404,50.791466,4.3702683
400501,50.633804,3.3802817
400602,20.469084,23.027719
400603,38.389832,7.5988703
400604,36.052124,16.409266
400800,36.929222,5.7648401
400900,33.965347,9.839817
401001,47.803497,2.5035427
401002,37.765152,6.25
401101,27.166212,10.299727
401102,23.054754,19.164265
401201,41.123188,6.4764495
401202,22.183764,14.852108
401203,30.978405,10.397227
401303,45.336349,5.7659693
401304,44.382969,5.9658408
401311,28.379913,6.5439672
401312,30.259581,9.0234861
401500,32.920258,14.170259
401601,32.554634,8.0130625
401602,29.499727,11.283306
401603,37.708721,11.038961
401701,36.462749,10.781344
401703,30.584192,14.536082
401704,30.442804,22.851871
401800,58.805088,4.1674352
401901,45.243618,16.473318
401902,71.415359,3.9315448
402001,33.257713,17.286751
402002,41.70665,12.405757
402101,16.909523,38.224331
402102,14.243028,25.464808
402200,26.77051,18.795431
402301,14.00849,33.747726
402303,11.38535,37.778664
402304,3.1588874,49.976425
402402,27.709961,16.162109
402403,18.038597,20.795589
402404,30.120481,0
402405,9.3238821,48.582333
402406,16.250891,34.889523
402501,5.1253271,52.450432
402502,6.5295382,49.174839
402600,23.608805,30.440199
402702,6.8270483,46.716515
402703,15.154749,30.771967
402705,12.018234,26.937422
402706,11.013538,31.357483
402801,1.8250951,57.110268
402803,7.3590503,45.87537
402804,8.5244484,50.108177
402902,11.995836,38.095238
402903,9.0584879,36.661911
402904,5.8687615,40.942699
403000,16.698841,40.299229
403200,14.763231,42.479107
403303,31.121399,13.323046
403304,57.645794,9.0567055
403305,51.769604,3.7473977
403312,36.594204,13.238573
403316,47.332054,7.9846449
403317,43.462429,7.8781862
403318,39.431095,7.7734184
403319,47.930489,5.1184835
403320,54.121307,6.8947639
403321,46.610168,10.451978
403322,54.641113,5.7121382
403323,54.39875,8.6673603
403324,60.462795,4.8075004
403325,54.40271,5.7881775
403401,48.572872,8.9416523
403402,47.114594,9.6867275
403403,61.399109,2.7034559
403404,55.942947,5.9165344
403405,57.119999,3.76
403406,37.843552,8.9323463
403407,63.562752,3.6437247
403408,51.171211,8.8160133
403500,35.611237,7.3652239
403600,28.41081,15.524324
403702,35.360188,14.833463
403703,27.383368,11.561866
403721,24.42494,10.623487
403722,19.587629,14.138439
403801,24.794418,11.961126
403802,19.745897,15.325569
403901,20.745131,16.723116
403902,14.575375,15.016162
404000,18.202539,14.653208
404100,11.215455,31.982828
404201,13.861893,31.560102
404202,16.284403,22.247707
404301,11.744777,30.773575
404302,8.5949183,19.581465
404401,8.7133179,27.449209
404402,8.3711872,28.520441
404501,9.2964821,31.78392
404503,12.540193,26.420151
404504,11.674608,38.257317
404600,7.5934582,27.336449
404701,14.298119,45.962372
404702,10.995185,37.132156
404703,8.418231,38.337803
404801,14.107467,34.010868
404802,6.6666665,36.474693
404803,10.408922,39.21933
404901,13.029046,31.092669
404902,12.396694,37.046352
404903,16.80806,35.790031
405001,4.6974521,40.153927
405002,8.7505846,40.898457
405101,9.5375719,40.622993
405102,14.141765,35.892982
405201,11.863391,37.866985
405202,10.163732,42.292248
405203,11.928512,29.717373
405301,24.261202,19.065777
405302,12.87487,18.69183
405400,12.951807,27.245344
405500,19.016468,20.685766
405600,24.108793,10.747293
405701,24.501551,22.286221
405702,26.791695,17.481581
405800,14.135703,27.194399
405900,22.330889,20.741646
406000,19.231915,15.361714
406101,23.516386,18.246235
406102,21.251701,9.8503399
406200,19.321148,28.250652
406300,43.334217,10.283594
406402,26.914968,12.016866
406411,20.618557,17.083946
406412,26.380043,11.995753
406500,29.856281,10.407974
406601,24.961241,14.470284
406602,14.497937,29.105915
406701,24.818512,13.430127
406702,20.293209,21.965021
406800,21.005156,23.002577
406901,11.800405,34.120026
406902,12.64274,31.035889
407001,8.2871466,36.342041
407002,11.767135,37.861271
407101,10.170068,33.741497
407102,8.9897261,40.981735
407200,3.7401574,40.026245
407301,7.9302402,36.722607
407302,6.8382945,35.237328
407400,21.875,22.708334
407501,8.2712107,37.202698
407502,8.6906586,39.050537
407601,8.6611328,43.810898
407602,10.322048,41.123039
407701,5.496336,54.630245
407702,17.042093,29.806599
407801,11.794871,31.704374
407802,13.751558,27.336933
407900,19.315624,24.988745
408003,29.927008,24.058393
408004,33.790848,10.261438
408005,37.210758,12.226392
408006,37.363876,12.054074
408133,30.583143,25.006367
408134,37.942913,11.712599
408135,38.890984,10.826103
408136,20.649738,15.272592
408137,26.807888,17.750183
408138,5.4881268,43.007915
408139,4.7929449,50.230061
408140,6.1016951,44.309929
408141,7.5837741,41.416813
408202,14.224507,29.562983
408211,24.711153,23.084179
408212,31.234186,18.920439
408301,7.7444882,43.018654
408302,19.986097,18.526243
408303,20.179661,15.399423
408401,24.480215,20.389
408402,33.616913,14.127353
408501,12.118073,30.605904
408503,42.212002,10.53732
408504,35.607174,12.731549
408505,34.433086,15.566915
408623,32.411232,15.97853
408624,36.809338,6.9260702
408625,42.948719,10.993589
408626,53.819141,6.5847235
408627,41.494301,12.19924
408628,53.205582,5.5121837
408629,50.693802,5.6429234
408630,17.366413,32.824429
408631,25.52948,20.721237
408703,55.206612,7.6652894
408704,22.805508,20.35284
408705,38.028515,8.2104225
408706,62.729843,4.5968881
408722,31.997608,17.793062
408723,24.506115,18.720602
408724,13.27212,31.942125
408800,25.415358,36.057476
430002,37.276134,14.244065
430003,50.605694,4.754694
430101,18.111753,18.882465
430102,13.847555,35.074402
430200,54.391891,7.9954953
430301,56.719952,2.8419182
430302,46.60931,4.7317815
430400,59.51709,2.6340547
430501,70.812439,1.0698763
430502,59.678925,1.8293821
430600,54.862263,6.2064385
430701,56.116085,4.8006511
430721,50.46225,8.2049303
430723,52.480499,4.5241809
430724,48.966442,10.120806
430801,47.902721,7.3181615
430802,58.278603,9.9896297
430803,52.966423,7.3213835
430901,29.648895,12.483746
430902,33.016422,12.762893
431001,28.072338,13.604604
431002,39.959999,10.12
431100,21.900196,21.442579
431200,12.116716,34.174084
431300,34.365162,10.335782
431400,36.941265,13.261913
431501,27.859327,21.46789
431502,29.222696,11.282388
431600,51.93018,7.6200066
431700,49.303619,13.627598
431800,44.528492,14.523449
431900,36.555698,12.227913
432000,40.682503,10.839746
432101,32.212887,20.572674
432102,37.483479,13.084853
432201,21.56673,22.437138
432202,23.449368,24.43038
432300,17.030567,23.647968
432401,13.275667,35.878151
432402,7.7442498,41.633255
432500,14.029026,27.159641
432601,12.789661,42.290554
432602,19.56852,27.894257
432700,9.3576965,36.240311
432801,6.7745199,57.431747
432802,10.079051,48.221344
432901,17.68202,25.854383
432902,19.718309,27.973396
433101,13.083605,44.571117
433102,13.520409,51.5625
433200,13.854563,46.126427
433302,4.0622301,53.846153
433304,14.431295,35.996056
433305,11.171401,38.174274
433306,16.170635,42.063492
433307,19.767443,32.511627
433401,9.2574253,52.029701
433402,16.411379,50.583515
433403,5.5575223,51.292034
433501,1.8650088,61.367672
433503,4.3141594,55.862831
433504,6.1756191,60.855579
433601,13.734872,35.068954
433602,16.230097,44.273239
433700,7.134593,44.581566
433801,7.2631869,59.15493
433802,11.241535,36.839729
433901,11.533923,48.525074
433902,1.7358171,36.706181
434001,6.7761087,43.765282
434003,10.047497,56.923637
434004,10.881697,42.96875
460000,52.119129,8.8201599
460100,65.153542,1.8914108
460200,52.475704,4.3267007
460301,48.573219,8.3098154
460302,30.816326,9.1836739
460401,38.709679,11.213517
460501,76.414055,2.9379461
460502,73.102982,2.5745258
460600,78.63472,2.2973416
460700,75.256798,1.8126888
460800,80.490852,1.4975041
460900,24.371035,23.539707
461000,17.593699,25.471474
461100,36.144577,16.485455
461200,64.199707,3.729809
461300,49.812382,14.371482
461400,44.47279,7.9506803
461501,37.627464,18.524813
461502,15.621809,30.712681
461600,22.276716,29.323696
461700,68.313461,2.2146509
461901,25.032133,24.068123
461902,61.987862,2.8831563
462001,19.760231,36.544025
462002,9.4478531,38.732105
462100,35.660782,26.163723
462201,36.313667,20.007328
462202,70.632462,3.0075188
462301,26.570513,21.378204
462302,61.402649,5.0024524
462400,45.069992,9.7078514
462500,60.039413,4.5106196
462600,58.483532,7.2094469
462700,42.183937,15.581454
462800,46.373058,9.2227983
462900,50.581394,8.9389534
463000,62.309101,6.4141722
463101,41.14381,15.269295
463102,44.721687,6.5642996
463200,49.722443,4.7581286
463300,72.117798,3.8220551
463400,61.694538,5.2396879
463500,78.327644,0.41443199
463601,77.275604,0.78141499
463602,71.247612,6.9550672
463700,65.646965,4.6713519
463800,77.482994,0.95238096
463900,68.798866,7.071784
464000,71.698112,1.2781497
464100,68.961449,6.0778913
464200,73.693008,4.7027931
480002,56.63166,10.9296
480011,41.455772,16.437696
480012,49.679829,6.4567771
480101,36.268555,10.020243
480102,35.422825,14.311059
480201,53.451881,7.2524409
480202,57.656677,3.5422344
480302,44.940662,13.710181
480303,31.047686,11.242603
480304,30.157104,19.77459
480400,56.089993,8.2234287
480500,71.151215,4.6486192
480600,56.008545,3.8098629
480702,55.860199,4.2181382
480703,53.333332,2.700422
480704,58.127934,7.2476525
480802,26.136829,24.498156
480803,31.162325,24.983299
480804,35.290699,13.430233
480901,31.486076,19.851116
480902,22.288956,22.956289
480903,24.177271,28.609039
481001,33.98967,26.049065
481002,34.960987,16.083565
481101,32.467083,10.01386
481102,35.755814,11.954942
481103,22.921986,30.978724
481201,31.642694,15.140045
481202,30.879885,20.786383
481300,17.783001,35.644341
481401,28.689884,27.632669
481402,22.802147,28.354618
481500,37.30793,22.095882
481603,27.928257,20.351391
481604,30.550034,21.73625
481605,23.877918,33.931778
481606,25.121464,27.150614
481711,22.639425,35.367199
481712,25.401762,28.071539
481713,28.995756,21.92362
481714,20.116156,24.498417
481800,33.51474,14.331066
481901,35.768261,14.037096
481902,26.227592,14.614185
482001,54.037266,10.514641
482002,40.258366,16.836086
482101,28.84148,22.738319
482102,37.093277,16.008677
482201,31.545065,21.566525
482202,29.851158,28.031973
482301,13.772291,36.213993
482303,14.672091,33.987553
482304,12.314854,51.290733
482401,11.026904,45.888596
482402,23.738819,25.062613
482502,7.9096045,41.807911
482503,8.7889271,41.6609
482521,20.909506,30.850092
482522,32.717243,14.068966
482600,33.850079,15.286499
482701,22.408964,20.230314
482702,24.199474,18.110237
482800,22.918615,17.804802
500100,45.279526,2.3694928
500201,41.9505,9.2379322
500202,44.901558,7.6990891
500300,41.099365,6.6384778
500402,5.567452,37.080658
500403,14.047535,31.784321
500404,23.654943,19.537121
500500,9.2217484,40.565033
500600,9.7494555,47.03159
500700,12.563276,29.866545
500800,11.684708,31.418262
500900,10.121257,32.219749
501001,9.2747908,43.561913
501002,21.84053,15.978569
501200,21.12676,15.242566
501300,26.41173,16.504854
501400,16.681944,33.593033
501501,40.938042,3.5900404
501503,29.903749,10.985728
501504,16.885626,18.46986
501600,32.243187,15.366877
501700,27.881041,8.7154064
501802,26.307257,17.186867
501803,7.5849056,30.867924
501804,16.386183,23.560673
501900,17.879906,12.378397
502003,12.897527,31.213192
502004,10.875764,38.207741
502005,14.107085,16.639948
502100,11.511936,27.40053
502200,11.802379,27.538883
502301,9.9624062,32.424812
502302,8.8967972,38.790035
502401,8.9463844,21.571072
502402,11.700845,28.266989
502500,4.5889101,38.164436
502601,10.339671,28.32728
502602,9.5910244,33.876221
502700,13.61295,29.28624
502801,14.986911,14.572426
502802,15.965346,25.680693
502901,15.563268,21.890017
502902,7.9676676,39.645882
503000,9.2215567,38.952095
503103,13.312597,22.363918
503104,8.855155,38.456673
503105,14.054257,25.772419
503106,9.9297009,23.945518
503201,21.448965,19.093504
503202,13.058419,24.086224
503301,20.201536,7.1017275
503302,14.81219,25.773684
503401,22.442589,8.6012526
503402,30.825687,10.568808
503501,24.212034,22.56447
503502,15.611511,15.539568
503601,25.933681,10.471204
503602,42.791519,5.6890459
503701,20.824862,11.182109
503702,14.06518,13.379074
503703,44.104877,9.0988016
503801,23.728813,11.148776
503802,31.264172,11.394558
503901,21.771038,10.909981
503902,23.992002,9.8967009
504001,31.956774,4.7857971
504002,30.409176,10.229386
504101,10.140148,26.325914
504102,,
530003,34.955936,12.421318
530004,27.172365,17.41453
530005,37.448219,16.017675
530006,24.325296,17.596258
530101,11.84874,40.700279
530102,11.934374,31.410425
530202,17.128464,25.944584
530203,13.448661,26.004465
530204,18.034826,27.6534
530301,8.2474222,54.77663
530302,12.527328,41.626587
530400,17.805384,33.333332
530500,9.8679094,45.376846
530601,8.1558676,46.850929
530602,8.1111107,42
530700,7.5383587,46.430954
530801,11.136,53.375999
530802,7.3361082,50.936523
530901,4.4821582,54.395126
530902,2.8899279,61.495964
531000,5.1740355,54.782063
531101,5.5787477,57.950665
531102,7.4498568,49.617954
531201,4.5144043,63.558064
531202,3.0419714,64.805542
531301,5.4941373,59.229481
531302,4.4678054,62.181339
531502,3.1182795,56.881721
531503,3.6240091,61.041904
531504,7.8847613,54.814255
531602,4.1710854,61.187698
531603,7.6054955,51.668301
531604,7.5615211,55.615211
531701,4.0233417,51.535625
531702,4.8126502,50.395325
531800,4.3793216,52.716496
531901,3.0996661,51.478302
531902,7.4210744,36.613365
532001,8.7293892,39.524734
532002,9.1039772,41.974125
532101,8.7518644,39.482845
532102,17.674971,26.492685
532200,8.0221996,37.083755
532302,4.7685833,52.279102
532303,11.103832,37.995415
532304,7.5302243,42.037998
532400,18.181818,27.272728
532500,7.7303886,49.504951
532603,5.9940653,54.065281
532604,3.8132808,67.52137
532605,1.5879828,54.420601
532606,3.2258065,69.319778
532700,0,65.534279
532800,2.4400871,62.875816
532900,6.5839181,58.148949
533001,4.7896709,64.681381
533002,3.8922155,52.994011
533103,4.9864497,67.588074
533104,5.1415796,63.040237
533105,9.9683542,67.40506
533106,6.184586,66.603233
533107,12.413452,49.357071
533201,6.6081872,59.883041
533202,5.4742203,58.561424
533203,4.4221106,59.095478
533300,2.6158037,61.253407
533401,6.6178918,56.468243
533402,5.1867218,50.290455
533403,8.693182,58.06818
533501,6.274292,64.575233
533502,6.8627453,55.718956
533503,0.86880976,66.637703
533601,4.8231511,53.255627
533602,7.9055119,58.456692
533603,8.7674055,53.635895
533701,3.7463977,61.143131
533702,2.0793037,62.137329
533703,3.6754818,64.67952
533803,4.4861765,54.903496
533804,7.7714286,40.990475
533805,9.680171,52.110874
533806,6.3929315,58.991684
533901,2.4691358,52.962963
533902,6.3928876,48.772228
534001,6.967351,53.719288
534002,8.9253836,51.874332
534101,7.4669189,52.646503
534102,5.394774,60.775497
534201,4.0251575,61.341721
534202,4.2972536,59.96769
534203,3.5121951,56.195122
534301,8.530612,54.530613
534302,4.1892557,62.789551
534403,4.6524663,56.894619
534404,4.7875204,46.960732
534405,2.4516737,59.21735
534406,3.0791788,60.667156
534501,5.859375,46.768467
534502,6.3392544,52.908394
534700,7.8998075,52.697495
534802,5.206738,52.833076
534803,4.4911265,54.364361
534804,4.8582997,54.574898
534900,2.2819886,59.358871
535001,4.4736843,60.657894
535002,4.3746781,65.465775
535101,7.6390605,61.285538
535102,5.9985371,49.70739
535200,6.0836501,51.647655
535300,1.9439133,54.238369
535400,2.8588097,59.684948
535501,2.8169014,53.563808
535502,6.1006064,56.867641
535503,5.830904,56.122448
535603,7.2085891,49.897751
535604,4.3689322,60.962784
535605,3.6992359,55.408123
535606,4.9853373,53.958942
535607,7.4610648,51.358204
535701,5.5786195,50.700569
535702,4.8111191,51.35424
535802,7.509613,45.102917
535803,6.9835467,53.126144
535804,6.0044713,49.632706
535901,11.857594,37.726097
535902,8.0668163,38.398861
536000,3.878943,46.462063
536102,10.325582,33.44186
536103,6.5417781,47.130539
536104,8.6457872,41.861492
536200,18.339254,41.030197
540000,5.5081649,46.136974
540101,9.5896835,39.601406
540102,7.591876,44.970985
540201,5.9945502,55.040871
540202,5.6355209,53.061722
540203,5.1117129,47.020988
540300,7.5666075,60.603909
540400,1.5532545,56.06509
540501,2.4444444,43.733334
540502,4.6363373,49.348015
540600,4.2908764,48.599819
540700,10.550725,33.971016
540800,14.070214,24.904005
540901,10.81944,37.601986
540902,11.443779,27.44511
541001,14.528593,28.284389
541002,24.630802,11.339663
541100,7.0887446,32.575756
541200,12.862453,21.338289
541300,5.2631578,37.447067
541400,3.0927835,58.595711
541500,2.0689654,55.402298
541603,1.6470588,56.529411
541604,3.5319409,56.29607
541605,5.7310324,49.52784
541606,4.6657381,49.721447
541700,7.5753307,43.339905
541801,5.4981675,46.017994
541802,5.8458166,46.80307
542000,6.9042315,35.412025
542103,4.1608877,52.380951
542104,4.0528235,41.985428
542105,4.124579,56.734005
542106,4.6666665,51.5
542200,4.7755742,45.92902
542401,6.5288715,31.102362
542402,12.651822,37.5
542501,9.8454027,33.970707
542502,7.2476273,40.940464
542601,6.4578004,48.145779
542602,7.4085364,44.298782
542700,8.3872862,41.701
542800,10.094013,25.185553
542900,4.9729729,46.432434
543000,10.477601,21.806738
543100,7.6674562,29.54986
543201,9.5825424,27.371916
543202,6.9963813,48.170486
543304,32.09095,8.9779654
543305,10.549259,19.747166
543306,29.266863,19.765396
543321,34.016495,9.9975004
543322,34.507042,10.954617
543400,16.970501,28.770302
543501,26.042114,27.718092
543502,25.899765,19.441641
543503,34.746956,19.77507
543601,27.676241,16.038792
543602,39.318939,13.691417
543603,33.687355,7.4344506
543604,27.623762,18.861385
543701,17.478655,33.55098
543702,17.91403,25.703688
543703,20.840408,23.429543
543801,21.637716,21.836227
543802,20.658932,17.157066
543903,28.152719,15.349016
543905,11.463918,38.680412
544001,13.162119,31.099518
544002,15.998019,28.875681
550000,10.452418,41.497662
550100,16.115284,26.222855
550201,14.522821,28.786306
550202,13.094502,26.528721
550300,22.196062,23.416096
550400,15.809894,14.839961
550500,24.605999,24.521267
550601,19.881557,26.565144
550602,23.183279,23.63344
550700,31.604538,20.838158
550800,24.65003,23.838507
550901,22.187981,20.762712
550902,28.124178,22.651934
551000,31.228956,19.52862
551101,9.9954147,30.903255
551102,8.3066072,35.086594
551201,19.313467,20.143343
551202,20.48801,22.612537
551300,9.4322882,30.159668
551401,19.754768,27.758856
551402,18.640133,13.266998
551501,25.614534,13.929462
551502,23.69754,19.826338
551600,0,59.375
551700,11.334057,30.097614
551800,23.371336,27.178339
551900,16.530613,23.35277
552001,18.652849,16.540455
552002,11.430793,25.155521
552100,9.9463568,27.514528
552200,9.8480425,35.417885
552301,21.941679,19.167852
552302,22.43346,14.60076
552400,7.2112317,37.587746
552601,8.9108915,43.873764
552602,22.050224,22.015823
552700,13.983629,21.737154
552800,12.891047,28.991369
552900,16.742407,21.789045
553000,20.363037,21.947195
553100,20.051716,14.315938
553200,19.701429,19.238855
553300,11.767627,26.961271
553400,16.768293,27.221254
553502,12.872517,33.567883
553503,6.9235401,33.594219
553504,8.7007647,45.002941
553601,5.813098,48.565121
553602,11.861559,36.626343
553701,3.5346756,56.107384
553702,2.9188778,58.68082
553801,3.1236808,44.575771
553802,8.666667,39.944443
553901,12.114428,36.840797
553902,9.5326529,32.900032
554001,19.186047,19.23077
554002,14.32092,27.820372
554101,11.533303,31.828342
554103,16.587677,19.620853
554104,13.894456,24.048096
554105,14.371258,19.201597
554201,22.539949,25.189234
554203,16.470589,20.770792
554204,12.236944,26.578333
554301,10.09772,34.43462
554302,12.027027,23.333334
554403,10.899344,28.767124
554404,12.49501,25.508982
554405,18.534254,16.516197
554406,31.756561,9.4317856
554511,53.151184,9.5446262
554512,57.84156,5.4879451
554513,62.305122,6.5701561
554514,39.488117,11.730652
554515,44.396858,7.4589577
554516,46.887093,7.7383046
554517,53.873699,3.092448
554518,48.274986,8.7519026
554519,48.606339,6.4910269
554521,38.786102,11.462094
554522,44.201031,10.876288
554600,20.386591,30.38357
554700,8.7241716,36.536568
554801,13.032827,39.245468
554802,31.252796,17.673378
554900,27.789978,21.261728
555001,22.364752,23.675404
555002,22.113289,13.071896
555102,20.085287,26.140724
555103,27.595018,15.649952
555104,27.918398,22.516056
555202,36.837814,10.309698
555211,5.078125,49.21875
555212,7.0288754,44.338905
570001,24.317705,10.636809
570002,21.529888,12.259372
570003,21.44873,14.016933
570100,24.129822,18.955786
570202,9.0187778,33.879925
570203,7.4440618,32.099827
570204,14.485559,26.037907
570301,7.3111649,49.87888
570303,11.7281,31.929153
570304,8.333333,36.889366
570402,14.967563,22.706209
570403,5.9373875,47.175243
570404,12.831169,38.649349
570501,14.814815,26.741207
570502,10.714286,37.066326
570601,11.885641,37.102474
570602,17.570553,29.717791
570603,11.958405,17.954939
570701,37.313782,6.4013038
570702,28.211143,8.3870964
570800,28.963083,10.124865
570901,32.840851,6.3504405
570902,32.072433,15.050302
571000,22.943508,9.5143709
571101,26.416256,8.2204437
571102,34.78743,6.543438
571200,36.120007,5.4104161
571300,34.004402,7.2349796
571400,23.413174,12.604791
571502,28.435583,19.079754
571503,29.572271,9.9926252
571504,26.200739,10.99138
571600,8.6859684,25.612473
571701,16.102684,27.450409
571703,10.182649,33.196346
571704,8.2185268,33.396675
571800,56.93819,4.5435939
571900,45.822361,3.6629159
572001,45.310135,3.6812909
572002,29.492626,6.9232693
572100,33.632862,13.992298
572201,33.690853,16.235542
572202,26.283987,14.123867
572301,13.341913,30.28743
572302,13.748259,20.854622
572400,19.31217,17.195766
572500,12.758417,28.352037
572600,20.941828,22.631578
572700,16.81345,21.510542
572800,4.3396225,16.603773
572900,9.8686323,38.833706
573002,6.9051166,38.996521
573003,20.573771,28.196722
573004,12.287105,31.91403
573100,19.641768,29.248932
573201,9.5394735,46.673977
573202,8.729744,38.761108
573300,7.2125583,41.450996
573401,23.253151,16.838488
573402,26.985769,18.085382
573403,53.598644,7.1549535
573601,37.362637,3.4161491
573700,42.054485,7.7468786
573800,32.588833,4.0270729
573902,56.709373,3.1692514
574000,42.982006,4.9614396
574100,43.298969,5.5615845
574201,38.488144,3.9525692
574202,22.088608,12.911392
574300,34.640369,6.3573084
574400,44.819279,4.953146
574500,49.919891,4.9668117
574601,43.396225,0
574602,55.6231,4.2553191
574700,17.322834,9.4488192
574800,60.96759,1.6909347
574901,52.152191,3.0361261
574902,44.797108,4.3792686
575001,42.765152,6.212121
575002,44.970245,10.144517
575101,18.222057,37.329399
575102,11.516156,47.928749
575103,25.964684,23.119686
575201,11.282468,40.990261
575202,9.7232075,45.564228
575300,10.53207,47.521866
575401,7.3485599,54.220455
575402,6.9833727,62.70784
575500,0,52.173912
575801,8.1103001,53.365776
575802,13.211525,41.075191
575803,14.030185,42.649525
575901,30.107527,29.863148
575902,32.381706,13.45493
576001,56.727829,4.5871558
576200,27.68405,27.556236
576301,23.191851,25.466892
576302,11.324786,39.615383
576401,2.5754528,48.772636
576402,6.1870503,50.899281
576403,5.4054055,45.173744
576501,27.673244,22.349701
576502,22.790697,14.551495
576503,24.374079,17.120766
576601,38.947914,5.6232185
576602,55.474056,2.9611518
576700,52.739117,4.0864673
576801,36.008678,23.768206
576802,48.94558,8.6394558
576901,9.583333,40.583332
576903,15.554611,28.81428
576904,21.889616,20.533209
577000,40.580296,11.525287
577100,50.359295,3.6123519
577200,58.228924,3.8224676
577300,61.031017,2.2280471
577400,65.371902,4.46281
577501,63.649426,2.4784484
577504,52.475246,3.7953796
577602,60.266293,2.3826208
577603,63.273907,1.993517
577604,60.142349,4.2704625
599000,20.281307,24.500908
599100,20.588236,2.4064171
600100,5.7707105,30.854065
600201,4.3023725,39.766788
600202,5.5427251,31.716705
600302,9.8141975,19.009052
600303,7.3630924,34.698574
600304,5.0488601,42.453854
600400,14.236378,15.963161
600501,22.015915,8.806366
600502,13.639344,25.770493
600601,23.614847,9.7364178
600602,5.2193646,38.577911
600702,34.536083,14.594072
600703,38.372093,4.4573646
600704,31.278128,4.860486
600801,29.810726,12.815457
600802,28.508772,12.445175
600902,19.881796,17.919622
600911,18.701771,25.556061
600912,17.712276,37.831261
601001,22.531645,17.088608
601002,11.389646,22.615805
601100,10.281124,40.829987
601202,11.096076,43.301758
601211,12.903226,27.593052
601212,9.4295387,40.218807
601301,41.87228,8.3454285
601302,26.398706,15.754393
601303,17.927261,18.667524
601401,17.56126,24.445742
601402,10.029851,41.492538
601501,4.0418448,54.01807
601502,6.79983,50.063747
601600,11.409396,48.280201
601700,4.4918032,51.934425
601801,2.195122,60.439026
601802,5.7821784,47.960396
601900,8.5903082,48.568283
602002,8.5970469,36.445148
602003,5.5712271,49.894218
602004,9.8463964,52.737297
602103,14.354309,36.997726
602104,15.926236,32.914223
602105,12.409552,39.869755
602106,14.917724,18.424603
602200,27.754198,23.934305
602301,29.58441,19.394224
602302,57.715939,7.6978679
602402,15.862388,29.000231
602403,16.013628,24.531517
602404,21.148037,25.460039
602504,24.699699,20.045046
602505,18.297331,27.657772
602506,10.415857,27.982899
602507,20.31444,18.204386
602508,20.079569,25.274982
602509,12.478411,33.851467
602600,19.816805,12.62991
602700,27.936903,14.570361
602801,5.7219491,36.030399
602802,25.879305,20.584969
602900,11.322248,30.562153
603001,20.109961,26.559526
603004,32.061069,15.267176
603005,19.510855,24.292389
603006,29.828043,11.706349
603101,27.96097,12.752356
603102,25.973536,16.672968
603200,31.25506,17.651821
603301,34.873951,8.5649643
603302,21.414791,21.479099
603400,23.677069,15.87517
603500,18.331762,22.337418
603600,20.960979,15.091906
603702,33.130024,12.281674
603703,22.689075,19.822046
603704,10.203019,33.784489
603801,15.617476,29.514963
603802,16.608595,36.27565
603900,14.315352,30.518673
604001,12.659979,26.253891
604002,26.437542,24.719101
604100,11.392674,31.856899
609900,16.656071,31.214241
620001,51.334995,4.8415809
620002,49.224808,3.4022396
620101,47.513256,4.6200457
620102,49.743591,4.5787544
620201,75.856445,0
620301,71.037598,1.7142857
620303,76.460709,5.7756882
620305,79.411095,0
620400,64.195152,0.71664828
620501,51.920341,3.7695591
620521,51.084061,7.3411942
620522,51.128033,7.0783982
620601,52.63649,3.8730752
620602,50.151134,6.9269524
620701,59.244236,5.6789069
620702,55.143539,2.6315789
620800,72.467079,4.688323
620901,74.093536,1.0509721
620904,78.797142,0
621001,67.288918,0.14359564
621002,74.03727,0.86956519
621004,73.305443,2.5662482
621102,62.677021,1.6902695
621104,74.761101,0.22484542
621201,60.436138,3.7605696
621204,49.270481,5.53685
621301,63.068722,2.931658
621324,66.656128,3.0341339
621326,59.159161,0.6006006
621400,67.84922,1.2670257
650001,38.62722,8.9940825
650003,26.974007,18.930849
650004,41.95676,5.8995967
650101,35.620682,5.1227069
650102,35.022167,7.2197595
650200,30.767397,12.511916
650300,32.166122,10.382736
650401,42.016262,4.4878049
650501,45.776699,7.2330098
650502,50.930084,4.6824889
650602,51.603168,7.7140703
650603,54.124458,5.4630971
650604,37.10598,6.2298336
650605,51.332066,9.9904852
650701,48.890121,7.436182
650702,53.522011,2.6100628
650800,66.751869,2.7723162
650901,36.03133,11.061002
650902,37.448746,7.9498863
651001,32.790123,11.506173
651002,49.825409,4.7005105
651101,45.521992,4.9019608
651102,47.907127,6.4421191
651201,54.11974,3.4973326
651221,46.789726,8.7479935
651222,51.41663,2.2294474
651302,55.695934,4.864182
651304,61.753426,0.9041096
651401,52.43129,4.1754756
651402,55.75893,2.8571429
670001,31.018337,15.02146
670002,21.238937,17.29351
670003,23.203184,7.8090029
670100,34.571541,11.163522
670201,63.055752,0.56457305
670202,64.124146,1.5255129
670324,72.790199,1.7838125
670326,77.689392,1.8939394
670328,75.675674,0.69005173
670403,71.12159,1.3626834
670405,75.142319,1.9449716
670406,66.260742,4.799427
670407,65.572594,1.8926688
670411,69.59417,1.8389347
670413,71.841454,1.7616295
670416,67.197876,1.3944223
670500,70.315941,3.4533432
670602,69.108559,3.1597528
670701,50.210648,7.7364993
670702,55.039314,2.1920419
700101,58.946522,8.3433857
700102,41.14817,7.4406672
700200,72.455185,3.1850193
700300,67.007385,1.7225062
700400,67.784103,3.8794012
700501,56.537598,7.603816
700502,61.614624,1.5486164
700600,60.73415,9.4827585
700700,66.78643,6.4271455
700801,44.494751,6.6474586
700802,58.289375,2.6752071
700901,60.212688,3.6670334
700902,62.933167,4.2698021
701000,77.281326,1.891253
701100,9.7237568,24.198895
701201,76.702019,0.85528564
701202,79.284081,0.34272659
701302,78.207741,2.4439919
701304,69.211441,2.6285272
701402,65.818848,4.4830742
701501,72.412071,2.4943876
701502,60.427174,8.6027889
701601,76.806419,1.2786202
701602,73.413895,5.1359515
701701,55.469845,4.1023841
701702,50.856915,9.6054201
701801,38.546947,15.689115
701802,46.641556,13.402386
701902,65.258217,1.4084507
702002,64.946327,3.0759702
702102,76.24585,3.580657
702201,58.279125,1.8036665
702202,61.377872,4.2449546
702300,63.145676,5.5329852
702400,49.475632,8.574954
702501,55.31287,5.1652894
702502,73.364761,3.1526222
702600,50.405186,7.8490391
702700,58.578526,5.1967902
702801,42.831635,12.219388
702802,39.904987,16.211401
702803,37.132202,15.70659
702901,62.96582,2.7627859
703001,63.310619,2.4840624
703002,54.151688,2.8037384
703100,53.427513,3.9138491
703200,49.641537,4.9750161
800101,67.085037,1.767418
800102,60.368099,2.3721881
800202,68.125496,2.7155285
800203,55.727299,2.2081149
800204,59.290188,5.3385029
800324,51.518959,2.8493609
800325,57.789513,1.6220294
800326,65.442535,2.2985468
800327,41.502495,12.424481
800328,58.848843,4.1420116
800329,60.03529,2.1835024
800330,54.605263,1.9736842
800331,48.611111,3.2407408
800332,61.38546,1.1659808
800406,53.73904,7.6843734
800408,61.068012,0.39689699
800410,63.131313,3.1746032
800504,56.797752,4.8876405
800506,60.040241,4.3460765
900102,3.4482758,41.987831
900103,4.1559186,26.167957
900104,7.3790002,23.459402
900201,12.566137,21.957672
900300,10.779817,18.715597
900501,7.550117,26.243166
900504,14.826928,12.619243
900505,13.638423,20.208427
900506,15.708955,17.350746
900507,12.053679,21.78289
900508,12.763819,18.241205
900602,3.1084862,32.048492
900605,7.500617,27.165064
900606,7.2669106,25.594151
900607,5.6968465,21.922686
900608,9.3735056,17.694883
900609,10.490694,24.128595
900701,13.293279,23.770184
900703,15.088014,19.279129
900704,14.722754,13.384321
900705,20.558107,6.4641471
900803,13.82882,20.152643
900804,6.7601404,31.847773
900805,15.01125,19.800707
900806,5.7289882,25.660378
900900,19.812735,11.048689
901003,1.71278,41.721565
901004,27.141569,7.2652326
901007,19.814447,12.193505
901008,19.124308,12.632109
901009,23.128723,10.56721
901010,16.388889,16.439394
901011,27.64373,8.2514153
901101,17.163685,18.157721
901102,22.472221,12.694445
901205,21.314579,8.533946
901209,17.702845,20.12645
901210,23.47295,3.4904015
901213,27.670433,6.9631791
910001,8.3308182,32.568668
910002,10.358755,39.0354
910101,6.5693431,39.207508
910201,13.999146,23.81562
910202,28.237612,9.0934687
910205,29.658215,17.640574
910206,30.940481,12.494321
910207,23.939394,15.426997
910208,15.539351,20.266533
910209,29.896908,8.6156111
910210,30.474091,6.8798237
910301,24.218206,9.277276
910302,31.872099,10.752965
910401,30.984289,10.328096
910402,8.4043159,45.371948
910403,4.7480621,44.186047
910404,9.1764708,34.070587
910501,8.067853,36.16053
910502,9.0418358,42.195232
910504,7.7181206,42.407719
910505,3.6439664,28.79331
910601,4.7316203,41.846859
910602,12.059621,21.95122
910603,7.610939,27.992777
910605,5.2330022,36.096256
910606,11.198208,32.922733
910705,9.0974941,29.349558
910706,7.1002197,35.186932
910707,13.150893,24.515394
910709,12.653446,23.607176
910711,7.0556588,35.692116
910712,13.071896,21.278141
910713,8.7719297,32.144878
910714,6.3791556,42.452831
910715,10.470325,21.75252
910716,16.217001,21.061792
910804,20.445545,11.336634
910805,32.336052,15.080085
910807,33.308624,8.8460588
910808,26.235907,11.49176
910809,47.879974,3.2615786
910810,31.776705,7.9978528
910811,32.743362,5.3097343
910812,13.866667,5.0666666
910813,27.302393,4.858593
911001,20.547073,18.638678
920011,21.212122,25.108225
920012,21.723301,7.038835
920013,31.802326,10.552325
920015,42.326855,3.3134031
920016,42.732838,6.3809218
920017,17.909431,11.065713
920018,26.156813,4.4987144
920020,27.468737,8.8831396
920023,10.97973,30.743244
920026,12.040133,31.772575
920028,45.323212,4.872674
920029,21.703297,6.4560437
920030,33.34219,12.885228
920031,25.979143,7.9490151
920032,44.169247,7.7399383
920033,14.602588,16.081331
920034,27.355503,9.6991291
920035,22.084806,18.39419
920036,16.143278,23.15996
920037,13.938003,24.202066
920038,19.601786,19.327154
920039,25.694965,6.1607814
920040,33.705772,6.331471
920041,22.288828,10.626703
920042,30.731913,10.335372
920043,46.304291,5.4610109
920044,35.459862,4.9441786
920045,46.815388,2.1338506
920102,30.435953,10.172228
920104,26.013691,8.6361246
920106,16.358025,23.251028
920107,65.725807,0.58651024
920108,50.938438,4.0540543
920109,54.749229,2.9700196
920110,52.417534,3.5246272
920111,31.499311,3.3929391
920112,33.827251,7.1919045
920114,47.662277,0.9759419
920115,47.901051,6.1469264
920116,37.163891,4.5774646
920118,31.389271,8.225585
920119,46.339436,6.3227954
920200,1.6767583,43.921753
920303,56.102783,2.1413276
920312,34.218136,10.249672
920313,36.550026,10.552215
920314,41.221767,5.3901439
920322,39.051678,3.4096963
920326,41.126823,5.4744525
920328,53.032345,4.9865227
920329,40.362194,4.8375092
920330,43.992294,5.1529016
920331,30.993769,8.0026236
920332,33.386456,13.067729
920334,45.58128,9.833209
920336,16.197975,41.844769
920337,15.058548,41.100704
920338,59.829742,4.3628626
920339,55.480568,3.9562485
930101,64.912277,3.5087719
930200,30.581039,11.620795
930301,15.730337,21.067415
980001,,
980002,,
980003,,
980004,,
980005,,
980006,,
980007,,
980008,0,33
980009,,
980010,23.364487,30.841122
980013,,
980014,,
980015,5.7142859,22.857143
980018,,
980019,61.53846,0
980020,,
980021,,
980022,,
980023,,
980024,45.56213,5.3254437
980025,,
980026,,
980028,,
980030,,
980031,14.300847,18.644068
980033,,
990300,,
