Area,Labor_Force_Participation_Rate,Unemployment_Rate
101110,62.563709,8.7983704
101122,80.622093,8.2483368
101210,70.290001,9.4922104
101220,64.473686,8.0316
101300,59.310165,8.788806
101400,59.821686,11.730769
102103,66.996292,11.07011
102104,60.5905,11.387712
102105,69.380089,11.371841
102107,59.594757,7.3000002
103101,66.336205,9.6816111
103102,64.530838,11.491261
103200,53.747009,6.6461115
103300,64.400841,5.9303589
103400,69.775658,9.2658224
104103,61.467598,13.850129
104105,61.938919,14.717968
104108,60.067638,10.480727
104124,63.901222,10.030396
104201,62.972153,12.478108
104203,74.257988,13.950807
104204,55.277676,12.109115
104310,63.631687,14.834276
104320,66.466232,20.45929
104401,67.297699,12.41037
104403,63.060345,16.267942
104404,68.035629,13.454545
104500,62.117348,8.3504448
104610,61.126648,11.176471
104620,62.524502,12.476489
104701,58.81226,21.433226
104703,63.612217,12.734864
104704,61.50732,13.063292
104810,63.605518,7.7880511
104821,66.588234,12.13192
104822,75.678444,20.230042
106010,63.833332,7.3759789
106020,60.269497,9.6205959
106111,63.502537,10.431655
106112,60.844154,8.7513342
106113,59.992664,5.3178482
106114,68.556938,10.0538
106403,64.008545,9.4549503
106405,62.858219,10.677864
106406,70.126877,5.8223686
106407,56.502892,5.4560957
106408,72.450134,12.831169
106510,64.16954,10.215054
106520,61.326824,7.9956584
106603,63.457836,8.6165047
106604,64.597366,6.4823208
106641,68.526787,9.4462538
106642,64.602394,10.511983
106643,63.01812,5.9078379
106645,54.51796,8.1830788
106646,64.765205,11.678832
106648,67.6511,8.0203047
106649,63.541668,15.300547
107010,58.698273,13.347023
107020,64.495842,9.8189411
108101,61.96257,4.3265305
108102,61.605415,4.1862898
108103,63.699825,7.452055
108104,58.81226,3.3659067
108201,61.197685,4.4016004
108202,61.753841,5.5415616
109100,53.825741,9.942481
109200,69.856018,6.9148936
109300,65.826828,15.363881
109400,62.873604,3.4936998
109500,63.048431,7.1396294
109601,61.928307,10.219561
109603,68.167107,12.473025
109604,65.401009,7.64218
109700,70.13298,9.2150173
109800,63.787769,3.2450578
111100,65.973022,7.3014021
111201,63.269566,11.324903
111202,59.888641,9.7805872
111204,59.440971,5.294311
111205,63.015873,7.4559193
111206,56.164738,5.453712
111301,67.048714,6.8600988
111302,59.038593,8.1422014
111400,67.784523,9.2008057
113101,58.212711,5.3513513
113102,56.863499,8.4288607
113211,64.44175,6.6384182
113212,68.500542,5.3018374
113213,63.812435,6.9089456
113231,61.336254,10.892858
113232,62.964947,9.4347639
113233,71.808983,6.7737947
113234,63.560268,7.023705
113235,68.225586,7.2580647
113237,61.845039,11.446597
113301,58.190956,8.8082905
113303,65.23864,8.197444
113321,69.896561,5.9800663
113322,66.609344,9.079174
113401,65.338905,8.555069
113421,72.844658,7.7992911
113422,73.783928,10.567902
115101,57.860508,7.9844961
115103,48.396675,30.981596
115104,66.974411,7.601418
115201,57.53756,6.4525809
115202,71.786438,7.7194219
115301,61.524979,9.9715099
115302,68.621338,9.772727
115401,71.056694,7.4511023
115403,65.081078,10.741971
115404,58.663696,7.9726653
117101,70.323189,12.713855
117102,68.664612,13.029525
117201,59.685715,8.4729538
117202,60.850224,10.722989
117301,73.264542,9.5603924
117302,63.701157,6.9830246
117303,68.429543,16.870876
117404,68.960594,12.463768
117405,66.283386,14.717403
117407,63.826431,5.8714461
117408,75.333336,18.112095
117510,68.229355,13.742072
117520,68.269585,15.154749
117530,70.574059,14.001863
119001,64.413391,8.7790108
119002,63.809692,9.2990789
119201,69.679298,7.7638307
119202,62.739407,16.096207
119310,63.840885,17.058222
119320,67.047455,12.363478
119340,74.285713,14.409534
119341,61.856129,8.614501
119342,71.059944,14.581006
119400,71.275169,17.168863
119700,63.911919,7.215241
119800,69.230766,8.604845
119900,63.382057,8.7077532
120010,73.016624,14.508783
120020,68.5755,13.419194
120030,60.189838,13.821893
120103,62.827988,12.761021
120104,67.576958,8.1557674
120105,56.703297,17.829458
120106,72.713554,19.88377
120107,66.568268,10.033259
120108,67.962959,17.321915
120300,69.663696,8.9983578
120400,64.530525,14.495159
121010,60.239979,6.8356724
121020,65.146042,8.7657433
121101,67.838387,11.137582
121102,64.634148,8.2264147
121210,55,9.2340727
121221,64.728264,12.93031
121222,66.935707,11.600832
121600,65.696205,6.1014771
121801,66.76783,11.25
121802,57.653061,18.230089
121900,63.800278,4.304348
122000,62.45668,14.580765
122120,66.010117,8.5080643
122121,61.075069,11.760242
122122,65.723984,14.802066
122200,65.925026,10.772076
122410,63.529003,16.457081
122420,68.918922,9.8465471
123010,64.736359,10.357816
123020,67.383148,9.5696201
123103,67.074661,9.5802917
123104,68.362389,8.9046822
123203,71.168831,15.641293
123204,70.860924,11.214953
123205,66.232513,8.6671524
123206,66.118279,10.423672
123301,71.56208,8.6567163
123303,61.056973,9.8833637
123304,56.718033,18.827456
123410,62.459064,12.345091
123420,73.627365,15.118175
123510,66.809692,12.429165
123520,63.166061,9.090909
123601,70.417305,7.4464784
123602,65.720963,7.6688676
123700,63.329239,12.948593
123800,69.714165,14.591498
123901,65.989998,6.3753901
123902,75.504944,9.5617533
124000,69.940773,13.055752
124102,73.834198,4.7368422
124103,66.824646,18.085106
124104,72.67025,12.083847
124105,67.304108,14.483714
124201,65.708885,7.767549
124203,70.95903,10.025381
124204,71.812347,10.999442
124300,69.488052,9.7740669
124400,64.709351,8.3903332
124500,76.181404,9.8049021
124600,70.777382,8.6869698
124700,79.886955,14.829009
124902,63.031708,10.981595
124903,67.208763,16.098766
125100,76.369049,15.822291
125200,79.021667,10.718737
125310,72.222221,18.481518
125320,70.185364,13.205449
125401,89.595375,11.064516
125402,86.206894,9.4285717
125501,81.872581,8.2545137
125502,87.220024,14.879154
125600,69.318726,4.2611685
127102,69.096512,10.735513
127103,71.18084,7.6566124
127104,74.567581,21.778351
127210,73.205635,9.6240597
127220,64.49295,10.197086
127300,69.71904,8.2089548
127400,68.780907,13.660519
127520,71.477196,11.857142
127603,71.526505,13.674122
127604,65.768692,6.0734463
127605,74.27536,8.8691797
127606,68.435104,9.1662607
127711,77.438805,7.9248738
127712,66.722481,8.6574659
127803,67.155144,11.053131
127804,72.400993,12.692307
127805,63.456501,9.3993578
127806,73.674522,14.392803
127910,67.786072,10.972477
127920,72.645889,10.543131
128101,70.854454,9.9131327
128102,70.485641,11.11534
128210,68.80407,17.455622
128220,74.39695,11.433447
128302,68.619659,12.771346
128303,71.704315,21.592211
128400,73.552986,12.752219
128500,72.23922,4.2356567
128601,74.645088,10.19399
128602,71.068474,7.3054528
128702,81.643005,11.751553
128801,74.197998,7.3454208
128802,73.60968,5.2465897
128910,76.889534,7.2589793
131010,68.764091,10.938897
131020,63.674553,6.3194447
131100,70.980392,8.3375187
131200,69.508446,5.8563538
131300,60.833935,5.9825673
131400,63.31118,4.4458165
131600,67.985527,11.439974
131701,64.831551,11.195606
131702,62.829403,7.3399558
131800,66.359543,8.8472719
131900,66.758774,8.5264902
132001,69.486771,6.0588574
132002,69.324715,10.518135
132101,66.198418,7.5596819
132102,67.435837,10.963687
132300,66.189903,7.1075239
132501,53.377983,6.7103109
132502,61.511139,11.548556
132700,63.858307,5.3223391
132900,64.892265,7.4707031
133000,66.530167,12.761592
133100,62.792542,4.8957677
134001,70.715981,9.5489445
134002,65.151978,9.7078228
134101,66.138214,9.3730793
134103,68.771141,5.7786884
134104,68.424171,5.9307361
134201,65.576187,4.8539324
134302,63.828484,10.508637
134303,65.992142,9.8243523
134304,59.484493,10.020311
134305,73.665894,10.748032
134306,62.806774,13.5388
134421,55.834419,4.3199067
134422,65.533157,6.1897702
134423,63.274647,10.461881
134424,65.67556,9.3874836
134520,70.735825,6.3096862
134521,74.865829,5.4958186
134522,76.650284,11.085662
134710,71.94075,8.6541328
134720,70.03949,9.3375616
134800,64.594597,8.9360428
134901,63.181992,6.521739
134903,72.622055,6.7806435
134904,68.367348,8.470149
134905,80.739548,7.0091596
135102,61.68251,10.228865
135111,67.699837,4.5180721
135113,71.022728,2.8571429
135114,61.889725,18.602825
135201,61.434978,5.4014597
135202,64.222404,10.37223
135203,59.532104,5.3232999
137000,62.605366,5.0999594
137103,74.629913,2.4623804
137104,65.228218,8.333333
137201,67.69902,5.9600515
137301,60.729847,6.7264576
137302,60.50972,6.6435084
137401,68.303032,7.6308784
137402,55.640793,12.530414
137501,61.774437,7.4488802
137502,60.510864,5.8709364
137504,65.146393,8.7294731
138000,65.454094,6.3894138
139001,77.220078,5.9666667
139200,74.501549,12.340173
139301,64.874283,6.7920184
139302,64.839218,8.0894308
139303,69.738304,14.93014
139401,67.517403,7.1019473
139402,52.879341,9.1616249
139502,61.928932,4.413619
139503,67.816742,14.011677
139504,60.714287,15.989305
139600,68.312759,6.3629518
139701,60.619362,4.8270316
139702,59.67371,5.1174202
139703,63.743973,6.1210456
139801,53.286713,2.8871391
139802,58.078205,4.8538623
141101,76.472046,5.920414
141102,78.92395,6.7657614
141201,81.139099,7.6895943
141202,66.570251,11.297331
141302,80.753304,8.7912092
141303,78.148544,13.682278
141304,75.830467,7.9556899
141400,65.518135,5.6939502
141500,62.769485,7.7939234
141600,64.647606,10.770578
141700,68.328896,8.1337051
143100,79.248161,11.76282
143200,83.174507,11.385607
143300,73.976196,6.6713982
143400,78.417,8.4579439
143500,79.884911,12.21349
143602,67.72168,13.390207
143603,86.549706,9.5157661
143604,81.346336,7.6952825
143700,76.84375,9.0687275
143800,77.670792,12.396694
143901,71.810883,7.5776396
143902,75.601929,11.78344
181000,62.870159,6.1292272
181300,64.300941,6.3477025
181400,63.533352,8.9177141
181500,70.052979,11.521353
181600,62.941902,11.429693
183101,73.516739,9.5130749
183103,72.654152,6.3140631
183104,63.369965,9.5788603
183220,64.658073,15.561335
183221,72.253868,9.4594593
183222,64.200478,9.824748
183300,63.642731,8.4204731
183401,67.407051,14.61318
183402,62.927223,12.587859
183510,68.90799,10.051357
183520,63.139931,13.675675
183610,64.538239,15.930688
183620,74.723923,14.176245
183701,72.685326,5.9246721
183702,68.089973,9.4064951
183810,70.966759,8.165019
183820,63.343826,13.638873
185100,64.156967,10.3307
185202,78.129906,10.803213
185203,66.439133,14.726027
185204,59.417595,6.986444
185310,63.920101,9.375
185320,59.722824,13.343002
186100,64.604546,8.727273
186201,62.058487,4.9571605
186202,67.434807,2.7877698
186203,66.062805,8.5923214
186301,65.80806,5.1767678
186302,65.579445,7.686511
186401,62.349609,9.8751421
186403,66.762527,7.3846154
186404,72.839508,11.18644
187101,64.375,8.7985439
187102,61.466297,8.083663
187200,63.408192,8.6805553
187300,77.171127,8.594492
188100,69.859673,7.8165941
188201,83.599091,6.2281041
188202,71.65432,12.956582
188300,69.848625,8.1822205
189101,69.897087,16.01227
189102,79.730209,6.5004454
189201,74.629326,10.154526
189202,68.339935,15.206185
189300,65.724243,8.1909256
189400,81.139671,10.572519
189500,80.944756,10.979228
189600,84.175285,10.592914
189701,76.118042,8.3932858
189702,79.746101,7.5976844
189800,80.128891,6.7024131
189902,83.430458,9.5227013
189903,74.681152,5.0600886
189904,72.521599,13.726603
189905,77.969093,15.288788
190100,82.112213,15.407289
190201,59.577858,7.352941
190202,70.602005,17.243013
190301,75.876289,10.081522
190401,70.479233,14.233908
190402,65.121719,8.8425589
190510,71.690475,14.048489
190520,66.203842,10.174029
190700,72.753075,2.9908972
190801,61.424847,16.690241
190802,75.311203,7.493113
190901,75.973656,9.4232941
190902,73.214287,13.395277
191000,80.216385,10.558767
191110,73.542877,6.7219915
191120,62.578617,15.410385
191201,59.63409,8.6601944
191203,66.408272,13.424125
191204,66.996696,14.778325
191301,66.6362,6.9958849
191302,67.04599,9.9717112
191410,64.121338,11.908646
191420,76.243652,8.4775858
191500,71.568199,13.778452
191610,72.132492,11.271347
191620,66.969574,9.4985247
191710,67.970657,15.227818
191720,73.220337,12.5
191810,79.784172,16.63661
191820,80.093178,10.417768
191901,80.561623,12.393494
191902,77.191559,8.4121981
192001,67.582169,7.4616923
192002,80.341522,7.6205287
192300,76.598312,7.3490815
192410,72.679962,10.302307
192420,70.244484,9.0407467
192510,66.861977,10.856865
192520,73.402008,11.874775
192610,69.448112,20.570343
192620,69.880363,14.3001
192700,66.876175,16.165413
194101,82.352943,7.3149743
194102,75.063293,7.7993255
194200,76.756065,9.1514139
194300,70.932755,10.353867
194401,74.751831,3.290993
194402,86.759918,7.3865767
194500,65.315575,13.475178
195100,69.720833,9.9931555
195201,78.40181,8.4134617
195202,78.573914,4.603807
195300,74.482552,6.7090116
195400,70.553932,10.606061
195500,68.458702,4.6848669
195600,75.25473,12.088975
195710,65.681877,14.538153
195720,75.013405,12.651895
195802,67.921227,14.690722
195803,71.180031,9.2986183
195804,75.258217,12.227075
195901,74.370155,10.553746
195902,74.205505,8.0656672
195903,75.428574,10.261708
197200,62.032085,6.4176245
197300,71.457199,9.0945511
197410,75.174339,4.8979592
197420,61.174114,11.341331
197500,78.769958,13.063063
197600,70.201279,11.608392
197700,64.897224,9.0845804
199000,61.998215,7.8057556
199110,63.155293,17.384495
199120,53.45805,11.558855
199201,65.359062,15.488868
199202,64.545067,12.971542
199300,63.705235,12.378378
199400,56.902172,13.085005
199700,70.200462,12.355848
199800,61.052368,12.28866
199900,59.371834,13.225256
201110,61.209965,10.631229
201120,72.463326,16.786165
201200,70.89814,16.985138
201301,63.677811,13.066826
201302,66.460396,9.357542
201401,66.882446,14.789005
201402,62.872627,11.912226
201501,65.090248,14.952615
201503,58.712914,15.516014
201504,64.648911,13.29588
201601,61.649143,11.759425
201602,68.476433,11.247695
201700,60.371761,16.082542
203100,57.171951,14.860051
203200,60.782703,6.1233678
203300,39.938652,4.3010755
203500,63.844303,11.187932
203600,59.797867,12.159624
203710,62.283875,10.845707
203720,50.173447,15.021998
203800,59.646259,10.720803
203900,71.793724,16.801998
204110,57.308971,12.753623
204120,64.32093,17.28223
204200,55.519215,12.960236
204300,51.626553,17.213116
204410,66.51757,9.5100861
204420,59.416706,16.888519
204600,68.520714,14.939551
204700,62.049789,7.1702943
204810,59.134483,8.8930063
204820,58.94508,6.0885611
204910,59.40377,8.4870853
204920,57.415035,11.569507
205110,62.207741,5.4836721
205120,56.752277,16.861315
206010,57.347672,7.6388888
206020,4.5767198,4.6242776
206031,82.250938,5.4154611
206032,58.956974,8.1822205
206050,45.566898,28.537735
206200,42.00256,15.384615
206300,30.954588,41.077843
207101,51.512943,5.9447985
207102,44.581547,9.626955
207103,46.360153,8.8547812
207301,66.68129,11.348684
207302,78.760841,8.3700438
207400,1.1099899,
207501,77.186127,0
207502,44.933388,4.4025159
207710,75.661201,8.3185844
207900,67.424057,4.835165
208000,61.870502,12.195122
208301,69.030731,15.667809
208302,68.673981,18.747301
208401,61.118999,10.176579
208402,71.283783,16.943129
208501,66.960556,7.4151073
208502,70.789474,13.54222
208610,65.643478,16.516516
208620,64.895889,16.824352
208710,76.713486,9.3372393
208720,72.529984,12.401575
208801,63.173218,8.1221199
208802,71.361504,10.800439
208902,74.712067,5.2949061
208903,69.978065,9.7626514
208904,65.356453,8.7853775
209102,59.883411,6.3716812
209103,63.649372,7.7571669
209104,58.902576,10.171103
209200,61.742828,7.3436604
209300,66.121628,8.0694141
209401,64.841499,10.320988
209402,77.45031,12.654867
209403,55.788387,15.332512
209510,70.850769,7.9396324
209520,72.668007,12.491373
209810,63.573586,12.69518
209820,69.366364,15.178572
210010,65.9067,13.14529
211000,71.131706,4.4216342
211120,65.730461,8.7114935
211121,70.731705,7.3187895
211122,68.95488,15.548099
211201,76.510605,4.1317992
211202,76.898445,10.172517
211310,65.700348,14.416776
211320,72.188904,14.745586
211410,64.411369,9.3137255
211420,71.541504,7.4836764
211500,74.799484,12.971291
211701,72.475075,6.6985645
211703,73.894112,5.9243178
211704,68.649887,10.611111
211802,76.89373,11.339476
211803,71.301308,11.780456
211804,59.596329,11.14532
211910,75.435005,10.786974
211921,68.545357,6.2646828
211922,80.869568,12.903226
212101,73.701164,9.1803274
212102,53.607723,6.7298579
212202,74.383423,15.517241
212203,66.666664,4.4585986
212204,74.098602,8.341609
212303,77.886116,10.415624
212304,77.749031,9.6505823
212305,76.041664,15.068493
212306,72.304443,12.105263
212410,79.721497,11.535663
212420,73.545967,12.551021
212501,76.782845,8.6592178
212502,76.458504,3.9226222
212610,71.647621,8.7704573
212620,74.980415,10.066179
212701,63.08411,9.2592592
212702,72.213501,9.956522
212800,66.786568,7.8994613
212900,66.666664,8.2889738
213100,66.865166,9.7328243
213201,63.274822,13.95752
213202,68.224007,12.562358
213310,70.190697,9.1515732
213320,60.648647,14.349376
213401,78.449036,13.58163
213402,75.100723,15.951359
214000,62.958885,7.3469386
214100,69.302185,5.2290406
214400,86.732452,9.8609352
214501,73.475006,5.4633102
214502,67.135017,6.8345323
214503,73.019348,5.8499999
214600,78.262711,4.6020575
214700,72.637032,8.4967318
214800,82.185791,6.1613474
214901,73.475609,8.3909636
214902,78.957237,8.0760098
215101,78.522957,5.6431112
215102,85.405762,7.1264367
216100,68.819702,9.4530725
216200,79.719795,6.7703834
216300,78.041336,6.1992178
216401,79.011742,3.8699691
216402,70.036102,7.216495
216700,70.018005,14.83069
216800,78.454842,9.847434
216900,72.497803,16.681805
217001,64.747124,10.672853
217002,73.439201,6.9312797
217100,75.653084,8.2872925
217200,76.750702,5.6366587
218110,71.584511,10.969011
218120,67.366646,14.797564
218210,67.817589,9.5100861
218220,62.854805,5.3842812
218300,63.770634,15.565395
218400,56.588669,10.337323
218500,71.138771,14.452366
218600,62.965694,10.134739
218701,62.579384,13.81733
218702,55.08234,21.237114
218800,71.748253,14.165042
218900,66.054008,8.7942286
219010,59.568611,13.405239
219020,66.01886,9.5670996
219300,62.813046,10.199351
219500,63.220676,15.408805
219700,71.196869,10.094266
219800,65.81234,13.20132
219901,68.226822,12.620933
219902,69.352478,10.899874
220000,68.139885,9.3198996
220100,59.330143,10.30466
221110,69.741318,13.372376
221120,72.49897,15.218626
221210,72.047577,9.1391506
221220,76.814514,13.473316
221302,76.482437,20.772381
221303,67.005074,15.633609
221304,68.084358,13.009809
221401,46.960865,12.677305
221402,56.585754,7.313643
221500,63.891674,18.785976
221601,67.212517,9.2582569
221602,62.712585,22.508474
221710,58.249889,10.538116
221810,47.541668,13.321648
221820,50.244381,13.03502
221900,36.828964,16.016949
222001,64.219017,9.3853273
222002,67.315071,11.843712
222100,62.794853,15.196358
222200,64.087723,9.505703
222500,64.35463,14.019449
222600,58.366535,12.324612
222700,25.599157,25.205761
224010,60.153679,11.587591
224020,67.025642,7.2685537
224200,67.692307,10.188087
224310,68.090614,21.387833
224320,70.800003,16.892654
224410,54.449154,11.284047
224420,60.010242,18.430035
224600,60.603554,8.1855392
224700,40.790699,17.141771
226001,58.65324,4.0772533
226002,75.380157,11.143131
226410,65.878761,11.342592
226420,68.230225,11.742846
226700,67.793365,9.9717779
227010,58.049679,11.833069
227020,65.806198,8.9318047
228100,64.172096,12.393336
228210,58.156284,10.278638
228220,61.081081,8.2411509
228310,59.328819,8.7701092
228320,59.318913,7.3700542
228410,63.098709,8.0528049
228420,65.976334,10.506085
228500,59.145802,7.1713147
228600,63.292255,10.662958
228710,59.185841,13.397129
228720,60.391766,9.7855968
228800,56.593842,9.9069767
228900,52.757442,13.506013
229100,63.636364,7.8385901
229200,63.031734,6.6952329
229300,60.520157,11.688869
229410,58.194389,15.653389
229420,62.310127,10.919249
231100,47.178001,19.17178
231210,66.206894,16.493055
231220,58.647285,10.217502
231300,58.133133,9.0400343
231400,64.8853,17.115307
231500,61.876675,11.091854
231600,60.624409,12.047441
231710,54.432854,11.257485
231720,64.913979,14.221725
231800,63.177006,8.9559383
231900,57.968178,17.609797
232110,56.99437,12.158054
232120,61.910892,13.311148
232200,56.774475,10.161663
232300,66.723793,15.282535
232400,58.113419,11.111111
232500,57.992565,12.728938
232600,59.974426,13.07747
232700,56.135654,12.599364
232800,64.7248,10.215351
234000,64.189911,13.001658
234200,53.732811,11.243144
234300,64.927185,15.93458
234501,57.946335,22.439894
234502,58.431164,23.378996
234600,67.257507,18.301611
234700,56.681107,9.9353323
234800,64.726425,15.707434
234901,49.123615,9.3896713
234902,54.844116,14.425427
235100,65.961029,15.317286
235201,62.078651,19.079939
235202,62.699821,16.194523
236000,61.860813,6.6532259
236100,57.076103,17.348928
236202,62.062859,14.586306
236203,62.71072,12.688172
236204,60.017811,15.430267
236400,55.399681,10.989011
237101,62.105263,14.467313
237102,55.243088,6.0396895
237201,63.291607,12.449099
237202,64.44883,11.461067
237300,54.058899,12.316438
237401,58.333332,10.11378
237402,55.022659,12.354153
237500,52.927288,8.474576
237600,61.782108,9.8591547
237710,68.738976,12.315587
237720,58.593365,14.454776
237800,60.183968,14.028384
237900,50.996265,22.771673
238000,57.208134,15.535144
238100,60.620914,15.633423
238200,54.342136,15.761822
238310,52.465309,13.393359
238320,53.936687,11.361926
238400,62.840237,19.962336
239201,60.447186,10.459184
239202,60.373619,13.642756
239310,64.00132,10.488432
239320,57.550579,10.043942
239330,58.758316,13.207547
239501,60.116875,17.557716
239502,55.197716,18.906942
239601,56.37693,17.363111
239602,62.215908,15.916504
239701,61.84129,13.182958
239702,53.426163,13.100137
239801,64.559723,8.9804182
239802,67.242386,12.494558
240010,58.715969,18.477509
240020,54.286461,13.866153
240200,57.623871,15.534442
240300,61.563877,14.892666
240401,59.988438,7.1325302
240402,57.031803,8.8599749
240500,62.85778,14.265386
240600,65.978554,22.023567
240700,56.252731,10.454722
240800,62.620262,18.481699
240900,57.804634,15.287457
241001,58.608963,21.14979
241002,60.084328,22.690058
241110,54.651707,10.94953
241120,54.243641,19.940769
241201,57.225674,20.332851
241202,53.987068,11.676646
241300,59.234909,10.292634
241400,56.3745,10.318021
242000,51.506454,16.713093
242100,38.362858,16.878981
242200,56.863781,13.463324
242300,60.779461,18.676846
242600,48.0821,39.748077
242700,59.137932,20.359571
243000,54.658253,10.196229
243100,54.041012,14.955358
261101,64.496666,3.6927621
261102,57.781651,4.522613
261200,68.2062,7.2520752
262100,52.292839,7.3076925
262200,64.691628,8.0349712
262301,55.303345,3.2089553
262302,60.780113,5.1480961
262303,50.726978,6.2101912
262400,56.118507,7.2685537
262501,57.643856,8.8009453
262601,60.87859,7.5
262604,56.328758,3.8397329
262704,59.100491,10.344828
262706,53.727043,4.2895441
262802,61.216457,3.9158387
264000,60.138783,5.8333335
264102,76.487488,4.6673818
264103,78.596802,10.677966
264301,81.174004,5.2427688
264302,76.483788,5.5466666
265100,51.083591,9.6103897
265201,46.648895,21.387754
265202,63.165859,6.6123624
265301,30.219637,22.981901
265303,53.971485,10.792453
265304,54.537521,7.6799998
265305,50.108459,7.7441077
265410,64.316055,7.5297227
265420,65.244957,7.3321557
265510,60.682682,7.0833335
265520,71.272911,11.605282
265601,71.956009,3.4934497
265602,56.77103,3.654485
265700,69.253067,4.5074048
267100,67.517479,5.2822371
267200,70.895523,6.8975067
267300,72.374878,11.389831
267402,81.662537,6.5931034
267403,75.916954,7.2470374
267404,77.926537,7.0044055
267501,79.165924,4.4574518
267502,73.159302,5.032022
267600,72.108841,7.6581578
267700,79.917252,4.3010755
267800,65.841377,4.4614406
267901,41.735336,5.9233451
267902,68.628143,5.4752064
269000,60.192436,5.9107809
269100,67.533234,6.342957
269300,68.841042,3.3578656
269500,64.420113,5.1513543
269601,58.797943,11.634163
269602,66.585861,10.800971
269700,77.363182,8.2797432
269800,74.042709,10.691198
269903,75.5606,7.813674
269904,75.671318,8.1618166
269905,80.412773,1.9854722
269906,83.02269,8.5407515
269907,81.968536,4.4783463
270100,74.041939,11.490886
270200,70.146072,4.8590021
270300,71.174545,9.9276791
271100,67.508842,3.7425151
271200,76.834129,7.6803322
271300,68.269478,7.5706215
271400,60.504776,11.104848
271500,63.598167,5.2852855
271600,61.224491,7.9385967
271701,73.362953,7.3196421
271702,73.454338,3.6293437
271801,71.091354,6.166451
271802,72.290833,7.6756496
271901,74.872726,11.510442
271902,73.291176,10.271158
272100,65.864265,6.516953
272201,78.561737,7.4841681
272202,78.924324,12.717908
272301,73.82621,12.814428
272302,69.892761,5.2550826
273100,66.507683,2.868526
273200,76.76667,9.075119
273300,81.602669,5.7283144
273402,81.598511,11.981777
273502,84.452553,10.803802
273600,75.157387,9.6649485
273700,74.937134,6.935123
273800,78.550728,7.4261994
273902,82.071365,10.038883
274100,77.56813,0.91216218
274202,67.40242,9.0654955
275101,72.824158,8.4146338
275102,72.871666,7.6285963
275200,75.92646,7.7941732
275302,62.287552,8.9970503
275311,76.111557,4.9654808
275400,79.26667,4.7518926
275500,63.293892,15.261351
275602,77.213463,10.249362
275603,66.112434,6.6467066
276000,66.005905,4.4728436
276100,75.231438,7.3581114
276400,58.739094,7.7623382
276500,50.744785,11.780822
276601,71.747429,10.356119
276603,85.202957,7.3691621
276604,67.710419,6.4372921
277000,63.251671,5.915493
277100,71.035538,6.8854222
277200,74.636665,5.7788944
277400,72.986824,7.8234706
278001,67.845039,5.9957175
278102,76.456314,6.9387755
291110,55.1124,10.592105
291120,68.189804,16.408936
291130,62.827225,12.444445
291210,56.537342,9.0836973
291220,65.985916,8.858058
291300,59.601707,3.4208434
292000,73.533531,18.622379
293201,69.919937,8.8058891
293202,73.006805,14.620938
293301,63.599514,7.7756534
293302,65.882629,8.9784374
293304,71.927849,12.97022
293306,64.891418,10.756972
293307,72.527473,14.55863
294110,68.324844,7.8508773
294120,66.666664,12.280702
294200,69.908211,7.6650105
294301,62.286526,7.1591773
294302,71.332397,9.3983488
294410,60.117714,13.519814
294421,74.464363,11.274222
294510,57.334526,11.128445
294520,68.494179,4.2763157
294610,66.476913,9.1817312
294620,63.16404,10.859519
294701,60.044052,9.4644165
294810,63.148964,11.230521
294820,63.692307,13.103865
294830,62.429905,12.155688
294900,66.094933,18.648159
295103,67.793007,7.0059252
296210,66.451935,18.41909
296220,62.118595,23.772011
296300,69.927048,8.8871717
296401,59.061604,6.791995
296402,62.751408,11.217949
296500,67.377052,16.399027
296600,69.851646,13.282937
296901,68.424416,11.630079
296902,68.222794,6.3709297
297000,70.114136,8.1727571
297110,61.575237,16.755211
297120,74.599388,17.870201
297201,69.039627,14.83463
297202,66.244728,13.424791
297300,53.978779,6.5110564
297400,52.912022,10.948478
297500,70.697441,2.6969483
297601,66.559143,9.6930532
297602,67.020027,11.862917
300100,58.336739,2.732049
300200,59.946712,4.0370369
300301,65.57225,5.7991514
300400,69.596825,8.0405188
300501,66.554764,4.0983605
300502,76.777252,8.1088667
300600,60.372635,5.0207276
300701,65.990044,3.8305283
300702,56.505493,7.8957605
300800,60.019726,7.0665569
300901,63.469887,7.9119573
300902,62.926548,8.6397057
301000,61.965916,9.4459944
301100,59.760605,5.4491901
301203,59.530025,7.5
301204,61.134903,12.294221
301205,67.068497,8.0065355
301206,59.679928,7.7467413
301300,63.329239,6.2075653
301400,65.917122,5.0194931
301501,67.899765,11.775043
301502,62.299782,15.155616
301601,57.280197,12.236802
301602,69.504601,13.273581
301701,67.738045,8.0664291
301702,62.020977,14.99187
301801,69.243202,7.8957605
301802,59.911896,14.705882
301900,61.181805,6.5742292
302002,62.563038,17.591276
302003,55.223003,13.443146
302004,63.535912,12.964427
302102,62.209419,10.667519
302103,55.603008,11.667886
302104,63.991707,13.327164
302201,49.054905,11.926605
302202,61.149269,15.836765
302301,62.007767,5.5456171
302302,63.542912,11.324304
302401,67.852234,10.975963
302503,56.862743,10.344828
302504,56.419788,10.745058
302505,62.681656,16.579178
302506,61.402336,11.364872
310100,65.684387,6.957087
310201,62.95348,7.6949153
310202,65.35994,14.213014
310300,62.72921,5.0305915
310400,67.909058,8.3424807
310501,71.449326,13.421454
310601,64.492203,8.1097021
310602,65.729782,11.177794
310701,63.67347,5.4843307
310702,64.673996,5.1724138
310703,65.097328,17.420029
310800,63.457535,8.9350843
310900,68.110619,3.8330493
311000,74.491096,3.1169939
311100,68.155037,9.2811651
311200,72.286285,7.9757977
311300,66.301826,5.0025015
311400,68.905739,10.849056
311500,70.283119,9.9015989
311600,80.293602,8.6248016
311700,65.356926,4.689959
311801,75.203773,10.724472
311802,73.712555,14.337899
320000,,
320100,62.895123,10.695876
320201,69.920242,6.0293317
320202,65.910576,7.1144938
320300,62.908367,10.956302
400204,60.192524,7.4631548
400205,56.242798,6.6939893
400206,61.159485,6.2944922
400207,63.523315,6.8515496
400302,55.902363,10.522549
400304,60.273499,7.4669728
400402,64.367142,11.171662
400403,65.145103,13.781902
400404,66.512169,3.9634147
400501,64.489799,5.4249549
400602,65.002899,6.7857141
400603,72.029518,7.8210382
400604,62.873516,10.742188
400800,49.879765,10.778237
400900,63.271782,5.4719563
401001,65.894569,8.545455
401002,61.257034,10.260337
401101,63.797752,14.758718
401102,59.075489,8.9734383
401201,67.24942,14.326979
401202,62.621742,12.189996
401203,65.390472,10.678642
401303,66.666664,5.3019147
401304,58.631989,5.5536151
401311,68.606834,8.8396282
401312,52.373093,9.2198582
401500,62.658497,6.6779089
401601,56.590195,3.9348171
401602,65.631287,7.1842017
401603,47.765118,12.018349
401701,59.9729,8.3596926
401703,61.932446,10.371033
401704,57.785465,9.8802395
401800,60.332653,6.5019507
401901,46.790154,9.8156185
401902,59.33194,5.8409572
402001,64.792664,18.276922
402002,60.853054,8.8814211
402101,64.673912,16.959511
402102,60.760475,12.515965
402200,60.081863,11.374408
402301,63.959747,9.9524336
402303,57.862373,11.336032
402304,62.643478,22.820656
402402,62.965916,10.224754
402403,53.336369,13.919726
402404,43.780609,31.208054
402405,56.942078,13.612565
402406,62.262592,10.344828
402501,61.697067,12.125107
402502,56.891785,14.300591
402600,61.866619,6.8955812
402702,64.833008,13.636364
402703,69.165062,14.661355
402705,57.429859,9.710495
402706,62.970589,12.143858
402801,56.454342,11.632551
402803,63.167339,15.625
402804,61.305519,9.0559826
402902,60.771832,14.500818
402903,63.389431,10.479739
402904,66.726295,11.796247
403000,59.257236,16.589861
403200,10.162601,0
403303,69.380684,7.8027468
403304,55.021439,9.967186
403305,64.226685,10.018382
403312,59.953381,8.2426128
403316,64.387375,11.051829
403317,61.60619,9.138155
403318,65.766846,7.2058377
403319,64.395782,6.4651551
403320,64.221191,7.9245281
403321,66.476578,8.1495094
403322,65.743393,6.2469735
403323,60.084499,6.9207993
403324,61.644554,8.3262529
403325,68.570717,8.9123316
403401,61.887802,9.4604321
403402,60.267712,5.8504877
403403,65.013115,7.1166544
403404,63.253548,6.0967064
403405,64.795563,6.0962567
403406,58.984207,6.2952242
403407,59.833794,6.9444447
403408,61.978504,6.6725454
403500,53.506001,6.8476977
403600,59.759548,12.840237
403702,58.572754,11.972574
403703,63.083878,10.589172
403721,65.153847,6.7689886
403722,64.830719,12.08106
403801,67.734825,15.759906
403802,69.110764,11.963882
403901,63.551064,11.300398
403902,59.965637,10.765452
404000,64.166878,8.7754288
404100,64.708405,9.4433403
404201,63.612854,14.75029
404202,53.490402,13.866232
404301,66.659348,9.9505768
404302,66.924568,9.5375719
404401,64.569778,6.1590147
404402,61.287601,8.9449539
404501,69.053841,13.096139
404503,67.833405,7.054213
404504,71.379478,5.6740026
404600,63.619228,16.74074
404701,61.75985,11.497326
404702,59.957355,14.224751
404703,63.521015,13.233459
404801,62.694965,10.310336
404802,54.799107,14.460285
404803,61.170212,12.173913
404901,64.16172,11.643836
404902,60.393425,15.021876
404903,62.313759,12.165963
405001,64.778275,10.97708
405002,68.883705,10.107284
405101,61.677418,14.728033
405102,61.085972,8.2870369
405201,59.156326,13.255033
405202,62.413704,11.183941
405203,61.778366,7.1965628
405301,68.433357,15.375854
405302,70.133392,11.02526
405400,65.788315,13.985313
405500,64.067917,4.7876887
405600,66.975243,11.893282
405701,74.480286,6.1116457
405702,66.603416,13.715914
405800,67.818138,11.83043
405900,69.297951,15.899176
406000,68.598572,11.461219
406101,65.955177,5.7713051
406102,69.882843,11.900065
406200,58.155079,13.908046
406300,59.956615,6.2590446
406402,59.334461,7.6045628
406411,60.422962,11
406412,58.934315,9.5869055
406500,71.460495,11.682775
406601,61.090511,13.49518
406602,59.510567,11.925234
406701,63.649582,14.563107
406702,61.986439,17.599743
406800,60.610889,12.007011
406901,56.361111,6.9492359
406902,65.183685,16.184074
407001,60.671722,13.392858
407002,62.117725,12.01694
407101,69.128296,5.3623796
407102,60.815765,7.9879427
407200,62.803673,12.005731
407301,60.519024,5.6619482
407302,61.74342,14.597762
407400,65.316902,15.184187
407501,59.195744,10.78921
407502,64.234489,8.5922327
407601,71.368164,7.2365637
407602,62.321724,14.422565
407701,63.149216,6.9190602
407702,64.170311,9.0936022
407801,59.14534,15.164748
407802,72.325203,12.634892
407900,67.478874,12.434479
408003,66.82753,9.9201822
408004,71.737923,15.557276
408005,66.190598,6.3162026
408006,73.420967,14.323144
408133,62.809208,12.29452
408134,65.612984,10.416667
408135,70.484871,13.388735
408136,64.528542,10.387674
408137,68.975067,14.190094
408138,58.423626,10
408139,54.210835,10.917979
408140,63.893074,17.383617
408141,62.30492,8.2080927
408202,62.864227,8.6785011
408211,54.489471,5.2132702
408212,56.098717,3.680203
408301,58.486614,14.132166
408302,66.647163,5.5311675
408303,60.359871,13.279133
408401,58.896748,9.173871
408402,54.203289,9.3139296
408501,61.946533,7.0802426
408503,54.497353,5.691329
408504,61.128834,4.0947409
408505,62.793571,9.3832026
408623,57.271744,9.199748
408624,64.046532,3.6323609
408625,57.908165,6.7547722
408626,55.649158,5.1202135
408627,59.430473,11.512135
408628,58.545059,3.6721067
408629,55.764412,2.5468166
408630,53.425358,4.6889954
408631,62.352123,8.7797623
408703,54.516071,3.6561265
408704,52.567417,4.4975405
408705,60.827354,4.406662
408706,60.476788,7.0539417
408722,60.918049,5.1936994
408723,57.864941,9.5737247
408724,69.196228,4.899416
408800,56.765785,6.7098293
430002,61.654652,11.163697
430003,69.68,8.1898203
430101,54.991497,7.4204946
430102,62.944786,10.37037
430200,45.482548,2.9345372
430301,68.835342,3.8117464
430302,75.625793,8.7798033
430400,61.259541,9.6128168
430501,64.268219,5.5740829
430502,66.449341,5.8339963
430600,58.411217,3.6500001
430701,65.41787,6.9016151
430721,58.61702,3.9322443
430723,68.268433,10.234628
430724,64.939095,6.141964
430801,67.650314,6.8157034
430802,58.826897,3.0155642
430803,60.413006,7.2363634
430901,73.480026,11.583924
430902,74.169647,9.989666
431001,81.099655,14.183764
431002,68.653503,15.42887
431100,64.020363,9.2194405
431200,65.703392,9.3158216
431300,68.851028,5.7741117
431400,61.629436,7.8891258
431501,52.160831,8.495018
431502,62.450256,9.012289
431600,60.399879,6.373518
431700,52.999119,7.2021241
431800,55.969376,9.2051754
431900,59.046005,7.2657743
432000,57.85297,4.1925464
432101,65.399666,8.760684
432102,58.949772,7.0875292
432201,57.346649,12.985075
432202,54.955193,8.0095921
432300,60.029156,5.9737735
432401,58.124599,12.486188
432402,55.083244,8.9067526
432500,63.599396,9.4245796
432601,54.191071,13.610267
432602,65.515396,11.93298
432700,60.819714,17.930204
432801,51.511387,10.369775
432802,59.059475,19.711163
432901,61.384151,8.5375814
432902,59.490742,8.7270708
433101,53.045185,3.3333333
433102,61.924362,7.6028252
433200,60.176643,12.133073
433302,58.339622,14.359638
433304,55.051712,10.211946
433305,63.480778,14.184985
433306,59.518871,13.449477
433307,56.271709,9.8079557
433401,61.015594,8.2568808
433402,49.720669,5.3058677
433403,62.277172,11.311172
433501,52.916073,3.7634408
433503,58.310501,1.8794049
433504,61.126152,6.0230293
433601,56.409,11.708587
433602,49.139492,7.7419353
433700,57.138252,6.6553864
433801,55.23193,9.6484375
433802,58.890522,7.6731129
433901,60.313572,11.454103
433902,61.365211,17.334839
434001,57.531761,14.33078
434003,53.51228,8.8046961
434004,55.965782,4.9879322
460000,62.240242,5.6596093
460100,65.996346,7.3868885
460200,65.176949,5.3986969
460301,67.251625,8.2070704
460302,67.846451,12.038524
460401,73.177444,6.2030077
460501,56.55793,3.3810661
460502,63.86953,4.2776079
460600,57.796894,3.8886223
460700,55.103031,5.1033874
460800,60.982212,5.7070389
460900,72.626732,5.8629441
461000,63.042286,8.5365858
461100,69.27224,14.113902
461200,66.824272,7.2327046
461300,61.94865,8.7672691
461400,66.420395,6.1735263
461501,70.731705,11.591192
461502,54.683033,12.884378
461600,64.500305,12.357414
461700,63.108322,4.3532338
461901,75.911179,12.877584
461902,66.32373,11.375388
462001,72.097832,7.9789777
462002,62.782402,5.255682
462100,70.640076,6.6644778
462201,51.414204,12.10269
462202,65.361801,7.1990318
462301,67.280983,9.5275908
462302,77.755264,4.7941637
462400,65.607582,7.3916736
462500,70.993431,10.852496
462600,63.772953,7.8534031
462700,71.663116,6.4266586
462800,68.822708,3.9215686
462900,72.523857,6.7150636
463000,67.289719,6.9444447
463101,66.162849,7.2218127
463102,68.309113,10.690192
463200,57.967506,15.503876
463300,71.981239,1.7100977
463400,73.272354,9.0152569
463500,63.768375,5.622716
463601,76.275604,3.90625
463602,71.88443,8.2783442
463700,69.694595,6.5730338
463800,72.470665,5.4266958
463900,59.029194,7.4755607
464000,69.314644,8.0337076
464100,53.839592,5.0079241
464200,53.561558,2.7391822
480002,62.416107,1.7543859
480011,59.074505,2.730866
480012,66.674767,6.707984
480101,57.201645,5.563549
480102,58.295963,7.556561
480201,58.52018,7.2249589
480202,63.676044,5.407464
480302,62.177731,4.6757832
480303,65.356712,9.1581869
480304,59.368664,5.6585364
480400,67.100128,1.9056847
480500,70.043839,9.7357445
480600,71.944313,4.9279928
480702,61.536335,5.1638975
480703,77.959648,8.4472656
480704,73.817436,8.6941462
480802,60.711792,4.367816
480803,64.393715,8.5635357
480804,65.212265,8.318264
480901,62.108612,9.531312
480902,70.239487,3.7422037
480903,56.167484,6.5815983
481001,53.843914,8.653326
481002,65.561653,7.4718199
481101,62.300415,4.8410063
481102,68.957657,5.196032
481103,62.098099,5.7823129
481201,62.151016,9.0862684
481202,65.39119,4.6420398
481300,64.312653,12.686567
481401,61.605839,5.1540284
481402,58.363838,9.7627487
481500,48.143093,8.0544529
481603,68.882645,8.5636606
481604,65.629303,5.7490559
481605,60.292953,9.0610638
481606,60.399292,9.3305435
481711,59.213455,10.442774
481712,58.109341,11.015288
481713,55.620075,4.1014171
481714,53.736992,6.5140843
481800,51.935081,7.1314101
481901,64.873093,4.1001563
481902,65.409668,6.6561847
482001,51.740238,11.320755
482002,58.100857,4.216682
482101,59.611179,7.7863841
482102,55.92028,7.1977639
482201,57.565689,11.647429
482202,60.836594,12.263772
482301,66.650864,14.366999
482303,58.637772,9.3980989
482304,65.853661,18.464842
482401,62.848297,11.428572
482402,63.21479,9.1201982
482502,52.617397,15.581566
482503,58.738152,10.892587
482521,52.519733,9.4797688
482522,57.187351,6.8286552
482600,58.233849,11.064215
482701,59.8316,5.0082784
482702,49.763035,9.333333
482800,57.437199,12.628993
500100,62.081417,1.8508725
500201,57.958687,4.3675752
500202,57.000473,5.4954205
500300,67.564651,8.2934608
500402,70.631638,14.667781
500403,53.566509,12.44216
500404,62.754707,8.2203045
500500,59.445179,9.6296301
500600,58.354813,9.7534046
500700,55.492462,8.6803102
500800,65.20121,9.1330719
500900,60.283539,10.24921
501001,57.142857,9.323204
501002,71.128746,12.342569
501200,66.194382,9.2752533
501300,68.572372,3.5662651
501400,67.754829,11.307768
501501,63.707165,8.8019562
501503,67.13942,6.4168992
501504,60.133335,9.9778271
501600,61.19632,6.2656641
501700,60.465912,8.7818699
501802,69.477638,7.8132677
501803,60.708015,9.6385546
501804,58.169491,6.8764567
501900,75.311264,6.9758062
502003,68.924889,9.1168089
502004,58.96104,8.9207048
502005,57.081547,5.8270679
502100,61.190964,8.2774048
502200,59.748074,5.7898049
502301,61.882305,5.9310803
502302,53.255424,12.460815
502401,63.363518,10.49408
502402,66.868324,5.6412988
502500,64.299484,14.542728
502601,64.850136,12.972689
502602,65.002754,8.5702162
502700,52.960064,6.8207655
502801,65.082001,4.1336355
502802,48.012718,7.3951435
502901,59.471947,8.5090637
502902,54.676693,11.441144
503000,59.91338,7.9919677
503103,64.677101,11.081695
503104,65.625,13.075061
503105,60.019146,8.3997869
503106,61.022602,12.507589
503201,53.631115,5.4390936
503202,60.404774,10.953609
503301,70.756645,10.115607
503302,62.456749,5.8787317
503401,66.327805,7.9591289
503402,65.046837,6.2106209
503501,62.74548,4.4313602
503502,64.565956,5.1674643
503601,56.079403,8.4562435
503602,55.858894,2.9654036
503701,68.772697,7.6733546
503702,62.494026,7.7217126
503703,56.963352,7.9831934
503801,63.946869,6.3303661
503802,60.407963,6.7127748
503901,63.393627,10.326087
503902,60.117878,8.0765638
504001,51.68581,9.8566313
504002,59.19347,6.4882402
504101,58.031208,8.2245951
504102,,
530003,52.188553,8.8172045
530004,59.288887,9.0954523
530005,46.540405,9.5496473
530006,60.050808,5.7641459
530101,49.154804,10.226244
530102,52.184467,10.613108
530202,62.686565,8.9285717
530203,62.391602,7.9736648
530204,57.705479,6.6468844
530301,61.546841,6.8141594
530302,64.688644,14.694224
530400,53.524376,18.953846
530500,58.408955,10.512688
530601,62.155296,16.754232
530602,64.577896,16.307278
530700,65.51339,18.99489
530801,60.350204,10.612082
530802,63.552834,14.578313
530901,65.457626,9.4769554
530902,61.800255,17.910448
531000,67.554901,16.9832
531101,64.935822,19.407007
531102,65.813309,17.893476
531201,65.1437,19.079939
531202,63.117519,8.9450655
531301,59.625,16.10063
531302,66.925117,14.420732
531502,66.266983,15.983112
531503,67.694366,15.973598
531504,63.098507,19.86467
531602,57.112526,17.100372
531603,62.411068,13.489551
531604,60.440678,13.853057
531701,61.013321,16.179337
531702,66.817093,12.753278
531800,59.718906,15.408525
531901,64.116829,8.0260305
531902,60.901501,11.348684
532001,49.400478,9.4660196
532002,64.756096,8.9767733
532101,54.188801,6.8250375
532102,60.749187,5.5764074
532200,61.180248,5.8727036
532302,57.142857,14.236791
532303,57.740112,18.248531
532304,60.563774,12.626728
532400,68.421051,23.076923
532500,71.254684,10.030662
532603,65.775635,15.589607
532604,64.014191,11.243073
532605,61.620186,11.476294
532606,63.56908,15.222078
532700,63.539742,11.854546
532800,61.119083,6.8661971
532900,59.209713,8.6200905
533001,63.875824,11.978399
533002,57.398212,9.1695499
533103,62.044991,18.589321
533104,58.88372,11.532386
533105,62.853703,15.900383
533106,58.63118,8.5603113
533107,72.779922,12.732096
533201,61.643192,8.8347292
533202,64.338783,14.395689
533203,64.934059,14.217443
533300,64.008812,6.8134894
533401,71.164024,4.8698883
533402,72.829689,13.830755
533403,62.025318,9.4023323
533501,68.156662,10.056215
533502,70.497849,10.462075
533503,63.18182,16.135662
533601,67.569931,10.909875
533602,63.191273,12.123645
533603,60.296844,12.547009
533701,59.463432,8.4672432
533702,68.199379,8.7252121
533703,64.259689,12.164948
533803,63.494987,8.7334833
533804,64.38607,14.278937
533805,63.645622,14.88
533806,58.531971,8.9204912
533901,66.713318,11.748252
533902,64.134453,10.482181
534001,65.106621,11.144194
534002,64.313148,11.575562
534101,67.86834,7.04388
534102,65.02803,11.27321
534201,64.08046,10.164425
534202,62.19923,17.059961
534203,68.605545,9.9382372
534301,64.978905,15.816326
534302,65.701561,14.802259
534403,64.997787,12.269938
534404,66.291664,13.010685
534405,62.200474,8.7900162
534406,61.329304,14.330497
534501,73.22493,14.507772
534502,59.315147,8.5127201
534700,63.585148,11.921063
534802,64.023369,9.3220339
534803,56.222549,14.895833
534804,58.093277,9.3270369
534900,61.777122,9.3269558
535001,59.986988,10.466377
535002,59.477867,12.150127
535101,62.973122,19.163763
535102,58.302265,13.280866
535200,65.181396,15.502428
535300,59.025928,13.998358
535400,56.443516,17.865086
535501,68.873047,15.524889
535502,59.015026,11.173975
535503,61.938663,10.698497
535603,72.810875,12.795168
535604,60.7714,14.654283
535605,65.911911,22.729412
535606,59.225513,9.3589745
535607,61.300766,9.2654829
535701,68.503288,12.42497
535702,68.714012,21.98723
535802,59.770115,9.9306431
535803,61.531506,11.709946
535804,66.410889,9.6533728
535901,64.546089,16.151079
535902,64.348824,15.38266
536000,64.99485,8.8794928
536102,56.790123,9.1164093
536103,65.736221,12.278839
536104,61.658894,12.965964
536200,66.365372,13.724463
540000,63.850029,11.013731
540101,66.163666,7.0467834
540102,66.811317,12.905959
540201,62.323944,15.367231
540202,56,14.808362
540203,63.071297,16.563147
540300,67.677048,10.586319
540400,63.579189,18.255396
540501,43.636047,13.251094
540502,66.951439,10.711887
540600,60.060059,19.388889
540700,65.945946,20.696722
540800,66.219238,7.7027025
540901,55.696953,15.356005
540902,59.088543,15.160864
541001,50.230946,17.701149
541002,55.621552,16.857361
541100,62.527424,13.824561
541200,54.940792,11.07395
541300,58.520126,14.37397
541400,62.083153,17.823509
541500,65.514671,12.182163
541603,57.840172,21.882002
541604,55.43169,18.399658
541605,64.719627,13.212996
541606,56.683586,21.492537
541700,60.757866,13.389711
541801,58.623356,11.69745
541802,59.466812,13.083257
542000,59.118141,13.741386
542103,61.402359,13.820704
542104,67.71418,14.530387
542105,60.199936,16.709911
542106,64.414413,14.748887
542200,61.875736,17.66762
542401,64.133018,17.654322
542402,62.308929,16.26856
542501,61.895969,23.918449
542502,60.788177,19.989195
542601,59.000942,14.696486
542602,64.026718,12.14605
542700,68.737198,11.883482
542800,58.537598,15.471966
542900,57.29895,9.4584284
543000,62.016201,15.578133
543100,61.503094,11.673375
543201,64.329163,17.185762
543202,60.135532,14.845664
543304,68.113174,17.092339
543305,63.474792,12.057143
543306,59.163345,11.335578
543321,66.269753,11.8262
543322,54.378433,16.514051
543400,62.831604,12.207435
543501,62.730003,5.4774022
543502,59.172821,8.1377935
543503,62.442398,7.5478029
543601,69.003807,14.160919
543602,64.488899,12.821135
543603,55.72168,6.1403508
543604,66.453415,13.77858
543701,62.258064,6.6062174
543702,71.20575,15.456559
543703,69.204391,14.370664
543801,63.129196,16.544851
543802,65.466362,6.6273141
543903,60.297928,10.09667
543905,66.543777,18.928902
544001,59.754639,13.31998
544002,66.976181,6.4496684
550000,25.591099,17.391304
550100,67.908592,7.9005122
550201,66.191093,5.9438276
550202,58.778809,7.8819723
550300,66.39344,10.95679
550400,60.693642,8.2993193
550500,66.907646,4.5865493
550601,67.998161,6.3808236
550602,59.528797,6.7282324
550700,66.575294,3.0194895
550800,65.634781,10.943296
550901,61.189888,9.823678
550902,70.81646,8.2781458
551000,66.157715,10.019006
551101,63.473053,12.763596
551102,69.206596,9.3832769
551201,65.373329,7.1321697
551202,66.672348,5.1137815
551300,61.200695,7.4989867
551401,65.42234,4.5397749
551402,71.813438,9.519968
551501,64.215271,7.7226853
551502,57.593037,14.069828
551600,0,
551700,61.047695,9.8163605
551800,71.637772,12.194549
551900,62.142197,9.2124815
552001,59.121731,10.212998
552002,61.313164,16.535433
552100,57.058361,13.959917
552200,67.552948,8.0720482
552301,66.539299,10.828548
552302,62.618347,8.9155369
552400,63.222507,10.194175
552601,61.025997,9.8896923
552602,63.220005,9.8222218
552700,64.173882,7.9793339
552800,62.699116,5.6104445
552900,59.729111,7.8569145
553000,63.790779,8.1149616
553100,62.08522,7.8044338
553200,61.899239,8.8888893
553300,56.307465,7.1195297
553400,63.613415,7.7664399
553502,70.880585,8.7529411
553503,62.876255,12.993921
553504,58.764717,8.5444231
553601,63.190186,12.047661
553602,65.968994,9.3615351
553701,64.188957,10.714286
553702,61.054131,11.245917
553801,61.269218,11.959423
553802,59.213203,10.385643
553901,65.952103,11.537335
553902,69.832535,11.510792
554001,59.662289,7.7987423
554002,57.174736,7.6893053
554101,63.04562,11.868818
554103,64.862747,5.6831923
554104,64.400803,16.106333
554105,67.417221,7.416503
554201,65.015266,9.6555319
554203,71.61541,10.019743
554204,55.340115,14.81907
554301,60.863258,13.289631
554302,69.610298,15.562404
554403,64.483398,11.552217
554404,60.693264,13.846983
554405,62.405384,10.51213
554406,62.802418,4.6147671
554511,56.77599,4.8501363
554512,54.262329,2.2442973
554513,61.089684,2.7624309
554514,55.860664,9.7405558
554515,56.358646,6.1688313
554516,66.803406,6.3769484
554517,64.206131,8.1561823
554518,60.981411,7.727756
554519,52.222961,5.8449807
554521,56.838264,6.1169314
554522,57.083622,9.8062954
554600,63.551403,8.7418299
554700,59.547935,7.1989527
554801,69.984802,3.4201953
554802,55.722771,7.6403694
554900,59.190392,7.089241
555001,61.305145,9.782609
555002,69.240402,7.233273
555102,56.11972,10.253968
555103,69.200996,7.2712746
555104,63.559849,11.034821
555202,56.481796,8.7951803
555211,56.759327,10.71578
555212,58.177021,7.4559193
570001,69.08934,8.8565493
570002,64.677612,4.8916407
570003,59.614883,4.8013968
570100,59.302326,17.124184
570202,65.776085,19.858156
570203,76.251785,11.866792
570204,66.137566,19.253334
570301,71.009773,14.847899
570303,63.627354,10.280374
570304,64.56189,14.390349
570402,66.013824,14.310646
570403,62.448132,16.73588
570404,66.386215,14.544357
570501,64.75676,7.8464108
570502,66.686249,15.800294
570601,65.696854,15.428572
570602,64.653992,13.493026
570603,62.812317,15.494912
570701,70.344826,4.0945792
570702,62.895691,8.1683168
570800,67.975258,9.4854746
570901,65.397171,6.4559069
570902,68.049934,6.9410014
571000,67.573936,10.18078
571101,73.932289,6.9390631
571102,63.20813,3.1173892
571200,69.212624,4.5164042
571300,66.816147,8.1721277
571400,61.52668,7.6763487
571502,67.83947,12.115073
571503,71.939682,9.8232632
571504,68.753159,10.499266
571600,53.588905,36.529682
571701,69.47007,18.128475
571703,55.622349,16.274635
571704,66.437836,14.179105
571800,62.718658,5.7524695
571900,71.260429,5.2552552
572001,76.790695,8.7219868
572002,60.292465,7.2014923
572100,68.004585,13.659359
572201,61.931511,10.035109
572202,67.98275,8.3455343
572301,69.767441,12.941176
572302,65.99424,14.683406
572400,51.759834,12.4
572500,48.6166,25.304878
572600,63.582767,8.7018547
572700,58.484161,12.688588
572800,47.803619,34.594593
572900,64.451912,11.672684
573002,62.978401,10.950662
573003,72.873085,7.5598087
573004,60.708828,17.413185
573100,68.845764,7.9624133
573201,58.745029,13.484776
573202,65.598335,15.862945
573300,49.985409,17.571512
573401,70.138885,8.3451204
573402,69.156105,12.890289
573403,71.774483,3.4239678
573601,65.510681,4.8095546
573700,65.206314,7.0703125
573800,63.958214,7.0780401
573902,67.580177,4.4866266
574000,64.879478,5.4861112
574100,65.183563,7.8701978
574201,63.903854,7.3281455
574202,53.052402,4.3788185
574300,59.399841,3.2452326
574400,65.983315,6.466763
574500,61.955032,6.9422531
574601,38.608776,28.899637
574602,54.636364,1.1647254
574700,0,
574800,73.214287,7.4833703
574901,68.239624,10.250123
574902,60.084625,10.054773
575001,74.050636,8.5470085
575002,66.027664,8.3057699
575101,64.289978,12.62181
575102,54.03846,17.793594
575103,71.010506,8.1718912
575201,62.538414,15.970516
575202,61.014996,9.3100185
575300,63.345966,14.529915
575401,63.463516,14.210526
575402,66.456581,15.437303
575500,59.375,
575801,58.02005,14.146869
575802,62.611668,12.12757
575803,54.101299,8.6164045
575901,65.916031,12.738853
575902,62.323692,10.778673
576001,70.030579,4.3668122
576200,59.385738,5.5696201
576301,66.694328,9.9958525
576302,68.871193,15.384615
576401,59.315357,9.7548523
576402,62.248177,13.930582
576403,58.691734,19.04344
576501,68.511978,7.7936964
576502,70.567566,15.894294
576503,68.272125,5.7319226
576601,86.131386,6.6666665
576602,71.18644,6.7577033
576700,70.043571,6.22084
576801,61.781223,12.380953
576802,73.733131,8.7027245
576901,56.39426,10.471976
576903,66.044662,3.9370079
576904,71.727745,12.200209
577000,81.542656,9.2428713
577100,75.663132,6.0692377
577200,82.080002,7.6023393
577300,77.718468,8.8018312
577400,75.179993,4.9395161
577501,61.244179,12.330256
577504,75.296913,3.9957938
577602,60.128616,15.347593
577603,64.417892,6.5369825
577604,69.308601,6.2043796
599000,71.062408,6.3251438
599100,94.358971,6.7934785
600100,52.648804,16.317017
600201,61.147758,14.832794
600202,52.951488,16.041206
600302,61.381943,20.925415
600303,54.275219,10.707692
600304,55.887524,14.308176
600400,59.585987,17.958311
600501,64.321381,17.78405
600502,60.766628,13.729128
600601,63.67347,12.820513
600602,56.052036,9.7880926
600702,69.313301,13.196594
600703,64.065231,15.363636
600704,62.834225,11.854103
600801,64.821999,15.715062
600802,63.069546,16.19772
600902,74.129448,14.145435
600911,72.510414,12.637075
600912,68.553749,16.081577
601001,46.820808,12.222222
601002,67.681229,14.692757
601100,66.930649,16.117685
601202,65.873581,9.6495953
601211,62.330177,17.899603
601212,73.782768,16.892273
601301,77.443108,15.211755
601302,78.511513,16.503752
601303,73.94062,15.516569
601401,70.009903,12.734347
601402,61.735794,8.9708738
601501,67.729767,14.025316
601502,65.104851,9.9647713
601600,64.03775,12.789474
601700,66.123695,7.6212473
601801,64.855621,13.884007
601802,67.297935,10.251256
601900,62.408062,15.408119
602002,73.299316,15.603249
602003,65.799774,12.749681
602004,64.741165,10.628962
602103,68.765533,10.512048
602104,70.683578,10.202725
602105,65.520157,7.5301204
602106,72.154427,9.9630995
602200,64.657318,8.2871599
602301,71.047623,9.323801
602302,69.112228,6.6408143
602402,58.213257,9.3399343
602403,69.676804,11.186903
602404,68.915718,9.8529873
602504,73.760391,10.229645
602505,73.249298,12.90631
602506,67.708977,11.339735
602507,73.189629,11.68891
602508,73.09037,5.716444
602509,62.996159,6.1483741
602600,57.295116,12.895927
602700,56.403538,20.441347
602801,64.930443,14.598904
602802,61.477654,15.084075
602900,66.420212,12.70872
603001,64.920486,9.9423628
603004,67.118912,5.1129608
603005,66.666664,10.215827
603006,70.677567,11.23967
603101,59.739079,8.0751648
603102,57.552082,10.124434
603200,63.126625,5.8235292
603301,60.384975,5.3984575
603302,63.118813,14.90196
603400,64.473686,10.117238
603500,68.001602,3.2979977
603600,65.457062,8.4638176
603702,63.147884,12.085843
603703,67.824577,5.7618437
603704,70.767944,10.762862
603801,74.88385,10.291971
603802,66.273506,7.6960077
603900,70.026955,7.8008723
604001,63.488503,6.8904595
604002,69.665451,6.9007263
604100,67.903816,7.5699258
609900,57.006874,15.955473
620001,68.451691,6.4200683
620002,74.312614,4.8150024
620101,74.949173,8.2278481
620102,74.88076,6.2845011
620201,83.609138,3.2987747
620301,58.382591,5.7063966
620303,69.009178,4.2660551
620305,70.316147,3.7417018
620400,67.716347,6.8157616
620501,75.860672,5.5792847
620521,71.699417,4.4711537
620522,71.722702,10.68314
620601,75.787659,9.3963556
620602,71.85099,4.2125731
620701,79.425026,9.4393187
620702,70.560303,4.8990579
620800,66.328598,4.987062
620901,54.282963,5.1418438
620904,59.981167,7.2998428
621001,69.337608,4.1987672
621002,70.669746,2.7777777
621004,73.12336,8.0402012
621102,74.041664,8.216095
621104,82.829376,3.6288571
621201,72.464615,7.0109715
621204,75.75042,6.2333035
621301,69.789474,7.139266
621324,75.029694,4.1551247
621326,81.121155,5.0378957
621400,68.379448,5.5326176
650001,57.26141,4.2788129
650003,68.474846,7.577497
650004,70.554306,13.215259
650101,59.004692,14.586934
650102,65.360168,4.7811995
650200,66.913773,4.7521868
650300,66.666664,11.888298
650401,66.46096,7.145741
650501,60.653702,7.0941339
650502,61.452053,6.2416406
650602,59.220985,8.0268459
650603,59.817783,6.9327731
650604,69.809387,6.9583087
650605,56.005165,9.1468105
650701,55.923695,5.2962298
650702,65.412918,7.6666665
650800,60.746811,5.8770614
650901,73.229607,9.8610735
650902,74.455673,5.0913839
651001,63.099632,10.071475
651002,65.190025,4.6045303
651101,57.388874,5.352798
651102,59.387875,7.9286423
651201,70.363731,4.4048052
651221,63.919415,9.6275072
651222,67.87133,2.574605
651302,61.901962,3.4526448
651304,64.198784,6.2401266
651401,59.910801,4.7973533
651402,61.860466,4.7619047
670001,64.79644,7.5501585
670002,67.860451,7.279345
670003,72.982834,13.143193
670100,72.349014,7.3768501
670201,57.932148,6.3022866
670202,59.934547,5.6162248
670324,48.806625,3.2934132
670326,51.298027,0.20242915
670328,56.356358,2.3534636
670403,48,7.1161051
670405,43.956921,2.8130672
670406,45.899471,2.4495678
670407,64.07415,6.2853341
670411,48.920265,5.3763442
670413,53.491863,4.5390735
670416,52.410347,5.7767806
670500,50.131752,5.2562418
670602,50.532917,4.0632753
670701,61.294788,5.1680317
670702,58.963333,2.3032629
700101,71.634346,7.9401908
700102,64.410736,9.692029
700200,80.045555,7.2092581
700300,82.818672,7.5872536
700400,85.086845,8.3763494
700501,85.476189,7.8922935
700502,72.302933,7.0816865
700600,58.476048,4.4142613
700700,60.222145,4.8991356
700801,56.021828,10.816258
700802,67.090729,9.0319357
700901,66.827545,6.2590275
700902,72.345932,8.2796469
701000,70.892708,12.208099
701100,23.779194,24.553572
701201,58.557995,9.3683081
701202,77.5,7.6036868
701302,81.414322,6.3474388
701304,64.381821,7.6249647
701402,69.442986,5.230073
701501,80.930229,8.2758617
701502,68.991219,7.5231481
701601,70.327866,6.6433568
701602,77.016785,8.9279442
701701,74.196655,10.307492
701702,76.087677,6.329114
701801,66.98262,13.266509
701802,63.604416,14.60142
701902,67.64418,14.992775
702002,70.515694,13.407525
702102,74.26078,6.8601584
702201,78.236656,6.7615657
702202,68.475861,6.2211981
702300,70.442215,8.9614935
702400,72.673935,6.8435216
702501,72.23127,5.0732808
702502,67.961426,6.2672448
702600,66.538383,10.167428
702700,70.561562,3.5096393
702801,63.410885,6.2997575
702802,73.859123,10.006716
702803,71.714066,9.1639872
702901,74.571869,6.1767502
703001,81.287025,8.7207842
703002,62.129063,11.19535
703100,68.083282,10.151324
703200,61.919998,12.596899
800101,65.189049,7.4333334
800102,69.070816,14.184975
800202,55.445107,2.9482071
800203,59.75161,8.0831413
800204,53.086742,7.6545634
800324,73.377235,6.8717947
800325,58.864506,7.1597633
800326,63.394539,7.2781286
800327,69.308678,10.196951
800328,72.097054,6.0697117
800329,73.249245,5.6026731
800330,73.8815,11.129296
800331,61.244698,7.1593533
800332,56.751133,5.4981675
800406,54.632866,10.72
800408,58.216038,8.715209
800410,52.235611,11.122501
800504,60.811478,7.0789261
800506,56.026539,5.7236843
900102,23.867596,24.817518
900103,49.205269,10.890633
900104,49.168491,20.427237
900201,41.245594,10.826211
900300,51.952213,10.880538
900501,54.453312,12.910892
900504,60.626945,11.807847
900505,50.685974,10.300752
900506,47.757477,10.898551
900507,54.179333,11.676017
900508,51.100956,8.6178865
900602,48.040176,17.236105
900605,53.946621,11.929825
900606,41.789967,17.789291
900607,37.515175,9.0614891
900608,54.158752,13.253857
900609,57.458565,12.548077
900701,55.552059,15.005663
900703,50.3055,10.863698
900704,55.08353,4.6793761
900705,60.155781,9.0637445
900803,49.01453,12.298209
900804,48.913918,21.134869
900805,49.423347,15.196358
900806,44.64032,23.184713
900900,56.881332,13.505747
901003,0,
901004,64.940529,10.470016
901007,56.875,9.1908092
901008,60.678555,12.759856
901009,57.749077,6.549521
901010,50.087261,10.932055
901011,56.685974,11.106175
901101,57.769653,10.443038
901102,52.414577,10.691004
901205,60.972466,5.3612604
901209,47.970478,3.6538463
901210,61.302982,13.572343
901213,60.788864,7.3064342
910001,53.269463,11.600719
910002,52.446922,10.77187
910101,59.832638,15.384615
910201,56.822952,15.209359
910202,60.036789,6.2428188
910205,62.082138,10.923077
910206,71.024467,6.4585576
910207,59.594139,9.1562614
910208,65.427505,12.468434
910209,63.135593,8.5810165
910210,60.402081,12.956909
910301,59.48872,5.5106168
910302,57.575111,11.584012
910401,63.266487,14.263944
910402,58.372589,26.559061
910403,58.656509,20.543093
910404,57.095829,14.862267
910501,58.000599,19.358177
910502,52.222599,17.933723
910504,52.027027,15.289256
910505,55.099216,5.7788944
910601,53.314697,23.333334
910602,53.284134,19.875347
910603,58.59013,7.1502233
910605,58.084385,12.831389
910606,60.247349,14.736071
910705,59.463688,11.837655
910706,56.536697,12.08925
910707,61.346096,14.695521
910709,52.821316,17.655787
910711,54.458096,14.029506
910712,59.680088,25.508318
910713,56.281052,18.91551
910714,58.548332,10.987074
910715,63.798088,15.928895
910716,64.002899,7.3179932
910804,64.883629,14.096916
910805,62.912373,11.388775
910807,66.86512,9.0881176
910808,66.475441,8.0906153
910809,62.23317,8.619173
910810,65.414848,4.9399199
910811,69.930069,24
910812,61.691544,8.0645161
910813,58.328094,10.183189
911001,47.045258,7.352941
920011,46.875,14.166667
920012,67.374298,13.764511
920013,64.162758,10
920015,69.157875,5.0140142
920016,69.454735,8.0411587
920017,66.213791,7.820364
920018,68.348381,7.4592075
920020,67.242302,11.755362
920023,68.923615,8.3753147
920026,50.142448,0
920028,70.691498,7.0260448
920029,74.395767,13.5533
920030,80.953407,8.6064482
920031,51.601116,6.4139943
920032,72.326256,4.4303799
920033,63.063065,25.238094
920034,67.998619,11.550152
920035,66.748245,13.761916
920036,68.328102,9.0178061
920037,70.270775,10.081816
920038,74.964149,10.749808
920039,71.987953,10.041841
920040,67.730766,15.559341
920041,71.610558,11.880559
920042,71.969696,5.112782
920043,69.764313,7.9472327
920044,75.236809,6.5947242
920045,73.721855,5.9647861
920102,68.422287,10.05816
920104,68.666107,6.9639583
920106,72.220024,16.767124
920107,67.687401,7.2573042
920108,76.405586,5.2743511
920109,66.201248,3.3818183
920110,73.993225,8.3926754
920111,75.028725,8.473711
920112,64.735893,12.702828
920114,76.605507,8.2009897
920115,70.063293,7.4977417
920116,74.539635,7.160759
920118,75.176682,11.045829
920119,65.618729,9.1743116
920200,0,
920303,76.304535,3.4753363
920312,65.785347,11.9891
920313,64.355316,6.8661971
920314,74.617996,5.6313992
920322,61.976048,5.6590753
920326,69.951729,7.159287
920328,70.759567,3.7126715
920329,73.140587,6.9402533
920330,64.772018,8.3252974
920331,65.286057,9.6303062
920332,60.438557,12.92517
920334,57.661987,8.8362789
920336,77.820137,12.334294
920337,74.636696,11.52648
920338,68.004509,8.587533
920339,70.030403,7.8154683
930101,68.992249,22.47191
930200,66.071426,9.6525097
930301,34.057972,5.673759
980001,,
980002,,
980003,,
980004,,
980005,,
980006,,
980007,,
980008,40.384617,0
980009,,
980010,49.57983,15.254237
980013,,
980014,18.571428,
980015,66.023163,21.052631
980018,,
980019,74.125877,9.4339619
980020,,
980021,,
980022,,
980023,,
980024,86.338799,3.7974684
980025,,
980026,34.285713,
980028,,
980030,,
980031,2.4777007,0
980033,,
990300,,
