Area,Immigrant_Citizen,Immigrant_Non-Citizen,Immigrant
101110,62.545235,37.454765,34.369816
101122,90.951065,9.0489378,32.907932
101210,46.94323,53.05677,46.718803
101220,60.846561,39.153439,45.589249
101300,83.661789,16.338207,35.668934
101400,73.990074,26.009922,34.339256
102103,83.07373,16.926271,52.054054
102104,72.439949,27.560051,45.446712
102105,49.933067,50.066933,38.4655
102107,68.31913,31.680868,32.833164
103101,67.011833,32.988167,24.160114
103102,80.422462,19.577538,39.897224
103200,74.526855,25.473146,31.036673
103300,69.795425,30.204573,25.235348
103400,69.402626,30.597378,30.925203
104103,49.696602,50.303398,41.005226
104105,38.546711,61.453289,49.494778
104108,40.130863,59.869137,37.299168
104124,49.23077,50.76923,27.184015
104201,26.301853,73.698143,46.443943
104203,32.035549,67.964455,48.943661
104204,37.390213,62.609787,47.271648
104310,26.761087,73.238914,52.016285
104320,41.759998,58.240002,46.98365
104401,31.405514,68.594482,40.102482
104403,41.154701,58.845299,46.282974
104404,28.225176,71.774826,46.18996
104500,40.159191,59.840809,45.356087
104610,37.782341,62.217659,43.161003
104620,32.408005,67.591995,45.265926
104701,35.099792,64.900208,37.113667
104703,19.921492,80.078506,44.909653
104704,42.034657,57.965343,40.301868
104810,43.785774,56.214226,42.186962
104821,34.726223,65.273773,42.278404
104822,32.01646,67.983536,47.239502
106010,41.366905,58.633095,27.883652
106020,42.565056,57.434944,34.272972
106111,55.303032,44.696968,30.149502
106112,62.74617,37.25383,30.421036
106113,50.41254,49.58746,35.079594
106114,31.642303,68.357697,39.250759
106403,50.536194,49.463806,41.992683
106405,61.759869,38.240131,31.79085
106406,49.200428,50.799572,34.140129
106407,31.218531,68.781471,34.347977
106408,24.272488,75.727516,38.689865
106510,56.653385,43.346615,24.364201
106520,37.634407,62.365593,36.205147
106603,80.349342,19.650656,35.165848
106604,41.602375,58.397625,36.330315
106641,87.677055,12.322947,32.913754
106642,80.5326,19.467402,31.823496
106643,83.432343,16.567657,31.874605
106645,81.494659,18.505339,25.254644
106646,68.635727,31.364275,38.547031
106648,31.168201,68.831795,51.652477
106649,64.116577,35.883423,41.324802
107010,42.228962,57.771038,42.32991
107020,48.395931,51.604069,46.062355
108101,73.646576,26.353422,40.910992
108102,85.57312,14.426877,40.960606
108103,91.980812,8.0191908,44.118538
108104,86.842102,13.157895,36.575481
108201,77.687958,22.312046,42.319534
108202,78.632477,21.367521,37.431446
109100,67.886177,32.113823,37.244511
109200,69.657425,30.342577,22.470675
109300,79.752853,20.247149,30.422209
109400,52.744122,47.255878,41.119579
109500,40.671642,59.328358,40.025604
109601,44.281376,55.718624,39.718594
109603,49.477566,50.522434,39.176498
109604,62.488392,37.511608,34.809307
109700,73.747498,26.252504,31.79019
109800,55.225895,44.774105,28.734741
111100,71.672356,28.327644,27.18837
111201,67.927773,32.072227,34.33717
111202,68.163803,31.836195,27.059875
111204,85.003189,14.996809,25.36009
111205,64.720001,35.279999,31.328321
111206,75.605385,24.394619,23.48852
111301,41.71521,58.28479,38.90218
111302,69.087402,30.912596,30.450098
111400,69.158272,30.841728,39.388123
113101,57.122807,42.877193,37.061119
113102,79.115044,20.884956,18.733421
113211,70.666664,29.333334,26.88172
113212,75.952126,24.047878,27.967133
113213,69.083153,30.916843,29.847263
113231,80.733948,19.266054,24.330357
113232,80.2901,19.709898,25.707392
113233,22.52899,77.471008,46.193089
113234,38.450962,61.549038,47.219215
113235,60.060974,39.939026,19.014492
113237,69.031273,30.968727,31.469034
113301,81.111115,18.888889,30.495552
113303,62.293793,37.706207,30.266287
113321,51.113914,48.886086,42.338493
113322,78.292686,21.707317,31.25
113401,70.304451,29.695551,38.104588
113421,29.619473,70.380531,42.238632
113422,59.438866,40.561134,43.095985
115101,84.860558,15.139442,24.232477
115103,20.15066,79.849342,15.576415
115104,62.989323,37.010677,25.99445
115201,43.722172,56.277828,33.627789
115202,63.124432,36.875568,24.144737
115301,70.250893,29.749104,27.140078
115302,41.978348,58.021652,46.024914
115401,43.35548,56.64452,40.247368
115403,40.760506,59.239494,42.828571
115404,49.789028,50.210972,40.847984
117101,51.726246,48.273754,59.989002
117102,65.996346,34.003654,39.580318
117201,35.062153,64.937851,50.118153
117202,72.818794,27.181208,36.430317
117301,81.375359,18.624641,35.970112
117302,73.515717,26.484283,33.952568
117303,55.493896,44.506104,24.292261
117404,56.653111,43.346889,41.005482
117405,17.581837,82.418159,49.607124
117407,12.263669,87.736328,51.841061
117408,29.694323,70.305679,43.536121
117510,17.312799,82.687202,47.695034
117520,19.635742,80.364258,43.837326
117530,31.562597,68.437401,50.179268
119001,47.010868,52.989132,46.688656
119002,49.706337,50.293663,45.964764
119201,49.053032,50.946968,39.939487
119202,52.030319,47.969681,41.834656
119310,57.570805,42.429195,47.356205
119320,32.55547,67.444527,53.963665
119340,14.97684,85.023163,51.634335
119341,53.222836,46.777164,58.49192
119342,43.806305,56.193695,51.359169
119400,45.277206,54.722794,53.262852
119700,67.628944,32.371056,54.419773
119800,50.712158,49.287842,46.596699
119900,55.975075,44.024925,52.360844
120010,47.661469,52.338531,48.296879
120020,24.872751,75.127251,61.115719
120030,23.098202,76.901794,57.358192
120103,12.352576,87.647423,49.296207
120104,39.676113,60.323887,46.013412
120105,44.31818,55.68182,51.373627
120106,14.744308,85.255692,57.060703
120107,18.820225,81.179779,54.966545
120108,24.012157,75.987839,60.63895
120300,60.620155,39.379845,46.096123
120400,51.383507,48.616493,51.474148
121010,62.356445,37.643555,50.29953
121020,51.151039,48.848961,47.620319
121101,43.524284,56.475716,50.951778
121102,60.922329,39.077671,31.595093
121210,45.515846,54.484154,46.329273
121221,55.532139,44.467861,41.189236
121222,38.962654,61.037346,46.714481
121600,69.022125,30.977873,52.198212
121801,44.080742,55.919258,55.194218
121802,65.46154,34.53846,37.28133
121900,47.54023,52.45977,51.056339
122000,56.693165,43.306835,50.889969
122120,55.529633,44.470367,44.785789
122121,53.602535,46.397465,45.366379
122122,42.384769,57.615231,41.256718
122200,39.407631,60.592369,47.712574
122410,30.263159,69.736839,49.312225
122420,46.528927,53.471073,52.143936
123010,36.700829,63.299171,47.266438
123020,36.764706,63.235294,53.603603
123103,51.95689,48.04311,41.708069
123104,45.342533,54.657467,46.815876
123203,42.524509,57.475491,44.120033
123204,37.831734,62.168266,52.598751
123205,42.154255,57.845745,55.416359
123206,45.969772,54.030228,55.215576
123301,62.546417,37.453583,41.898201
123303,47.540985,52.459015,59.7673
123304,55.522766,44.477234,52.758007
123410,50,50,53.478786
123420,46.224255,53.775745,50.508553
123510,42.37495,57.62505,49.150509
123520,53.070175,46.929825,45.599998
123601,58.783051,41.216949,51.976658
123602,52.615845,47.384155,37.322174
123700,75.269539,24.730457,39.881752
123800,72.68293,27.317074,32.952312
123901,52.216465,47.783535,40.143288
123902,60.304661,39.695339,41.014332
124000,75.900902,24.099098,17.435696
124102,45.330971,54.669029,45.192307
124103,36.741478,63.258522,54.607353
124104,48.121647,51.878353,40.997433
124105,37.936386,62.063614,47.847069
124201,53.258724,46.741276,48.748394
124203,38.503937,61.496063,47.159302
124204,39.923954,60.076046,42.460445
124300,43.561104,56.438896,40.435707
124400,57.8125,42.1875,31.47541
124500,68.152031,31.847969,23.836302
124600,62.253521,37.746479,21.162443
124700,57.606838,42.393162,23.316063
124902,66.16848,33.83152,24.590712
124903,64.585464,35.414536,30.426659
125100,52.947781,47.052219,29.058575
125200,29.484734,70.515266,27.557192
125310,41.054401,58.945599,36.634476
125320,60.270775,39.729225,38.664261
125401,63.162624,36.837376,28.999479
125402,43.755867,56.244133,26.4268
125501,53.502415,46.497585,25.228519
125502,62.952244,37.047756,19.503246
125600,74.940331,25.059666,17.582878
127102,36.477272,63.522728,51.073708
127103,30.501673,69.498329,44.72031
127104,44.358208,55.641792,43.170105
127210,42.103157,57.896843,42.368286
127220,40.246178,59.753822,56.994049
127300,51.610905,48.389095,35.224792
127400,28.482111,71.517891,47.29752
127520,24.883623,75.116379,59.551411
127603,31.223629,68.776375,54.897419
127604,55.526318,44.473682,40.977715
127605,24.538935,75.461067,47.378639
127606,45.169888,54.830112,39.159927
127711,58.732132,41.267868,43.055927
127712,32.175228,67.824776,45.924385
127803,45.407871,54.592129,43.466404
127804,43.143631,56.856369,44.41502
127805,33.236874,66.763123,57.267994
127806,48.513741,51.486259,55.321129
127910,29.186604,70.8134,48.907955
127920,47.219414,52.780586,49.289806
128101,52.542374,47.457626,42.766537
128102,30.234657,69.765343,47.523052
128210,20.153551,79.846451,47.754353
128220,42.235004,57.764996,42.198334
128302,33.005733,66.99427,46.943481
128303,22.803955,77.196045,50.058243
128400,60.01553,39.98447,30.806026
128500,67.469879,32.530121,24.279928
128601,47.77137,52.22863,41.728664
128602,52.690166,47.309834,17.364691
128702,59.750778,40.249222,27.347078
128801,70.350693,29.649309,28.411837
128802,54.786808,45.213192,26.01507
128910,65.904938,34.095062,26.741629
131010,49.001331,50.998669,47.622066
131020,40.582726,59.417274,51.253334
131100,64.032257,35.967743,36.067482
131200,65.033623,34.966377,33.71114
131300,64.361473,35.638523,47.780254
131400,63.896404,36.103596,41.345692
131600,58.537735,41.462265,39.79726
131701,50.844852,49.155148,43.652214
131702,50.070423,49.929577,38.819027
131800,46.452328,53.547672,47.060871
131900,53.731342,46.268658,39.864002
132001,52.994793,47.005207,23.244553
132002,51.470589,48.529411,21.896955
132101,49.873577,50.126423,35.638657
132102,55.611221,44.388779,37.127975
132300,48.185093,51.814907,48.836266
132501,52.57782,47.42218,50.503563
132502,64.289513,35.710484,47.38966
132700,31.623569,68.376434,42.820839
132900,53.789005,46.210995,34.275528
133000,49.477535,50.522465,41.527447
133100,56.557377,43.442623,46.228039
134001,31.43644,68.56356,55.290535
134002,50.29459,49.70541,44.879807
134101,46.67519,53.32481,53.242554
134103,51.810089,48.189911,37.78027
134104,50.747707,49.252293,50.012062
134201,39.37397,60.62603,43.763519
134302,76.258209,23.741795,23.71562
134303,69.546669,30.453333,30.976376
134304,61.131058,38.868942,36.973118
134305,19.035715,80.964287,61.175442
134306,42.269611,57.730389,35.815601
134421,74.626869,25.373135,21.788618
134422,80.965515,19.034483,29.040657
134423,100,0,17.702784
134424,91.622337,8.3776598,27.596331
134520,29.992842,70.007156,51.360294
134521,15.162037,84.837959,56.470589
134522,30.126183,69.873817,49.441124
134710,18.149809,81.850189,52.249538
134720,41.550781,58.449219,48.837208
134800,64.927856,35.072144,42.181648
134901,54.829544,45.170456,31.242603
134903,40.248028,59.751972,45.549469
134904,36.945393,63.054607,50.064075
134905,78.044281,21.955719,31.212208
135102,57.177227,42.822773,30.040955
135111,57.578739,42.421261,32.795353
135113,44.819279,55.180721,41.075554
135114,31.065468,68.934532,49.481262
135201,66.00985,33.990147,21.88286
135202,72.145142,27.854856,20.530237
135203,76.576019,23.423981,22.112888
137000,88.218391,11.78161,21.763601
137103,67.912369,32.087627,32.502617
137104,84.522499,15.477497,31.720057
137201,59.468937,40.531063,34.166382
137301,84.962402,15.037594,17.530756
137302,75.790428,24.209576,24.49115
137401,65.234764,34.765236,22.817415
137402,78.931206,21.068796,28.516378
137501,55.056179,44.943821,30.674545
137502,76.418243,23.581757,21.836288
137504,94,6,29.600395
138000,76.024277,23.975721,27.829391
139001,61.083744,38.916256,28.940937
139200,78.158669,21.841331,36.490349
139301,73.943665,26.056337,31.864546
139302,61.515305,38.484695,42.713245
139303,63.155216,36.844784,44.40678
139401,59.253731,40.746269,43.733681
139402,81.418442,18.58156,24.530272
139502,73.978493,26.021505,45.948616
139503,62.492565,37.507435,57.845837
139504,73.547318,26.452684,51.175304
139600,88.880486,11.119515,28.515963
139701,84.570473,15.429524,24.115044
139702,84.849907,15.150094,35.164108
139703,84.878052,15.121951,36.950253
139801,87.041283,12.958715,25.407925
139802,89.786224,10.213777,43.246021
141101,45.246479,54.753521,23.730938
141102,58.863636,41.136364,29.362696
141201,49.03661,50.96339,24.808796
141202,73.652695,26.347305,29.195805
141302,79.73568,20.264317,31.654175
141303,71.441444,28.558559,35.03788
141304,79.265877,20.734127,30.948727
141400,84.940414,15.059588,20.361792
141500,95.748032,4.2519684,21.258787
141600,80.284775,19.715225,21.957672
141700,77.446106,22.553898,19.432806
143100,70.234604,29.765396,15.58501
143200,52.296295,47.703705,17.149391
143300,52.356689,47.643311,22.926401
143400,75,25,14.632627
143500,58.454811,41.545189,14.570943
143602,45.849804,54.150196,16.049906
143603,75.601372,24.398626,12.950601
143604,41.210709,58.789291,25.10228
143700,63.860832,36.139168,24.572533
143800,79.358437,20.641562,13.010343
143901,72.110794,27.889208,25.156176
143902,72.580643,27.419355,18.581419
181000,82.503769,17.496229,32.273243
181300,79.186226,20.813772,32.560509
181400,57.833332,42.166668,38.969475
181500,69.154228,30.845772,25.888718
181600,57.110268,42.889732,28.389465
183101,55.42857,44.57143,38.115982
183103,59.673203,40.326797,34.552845
183104,69.444443,30.555555,35.940102
183220,54.207344,45.792656,48.17469
183221,53.881279,46.118721,27.703985
183222,72.676056,27.323944,30.780346
183300,70.232956,29.76704,34.442795
183401,58.128654,41.871346,35.185184
183402,50.302116,49.697884,43.324608
183510,57.142857,42.857143,37.207458
183520,33.225178,66.774818,40.403774
183610,35.122898,64.877106,44.045586
183620,36.70121,63.29879,34.827068
183701,34.670845,65.329155,41.775799
183702,57.057316,42.942684,35.947109
183810,43.1026,56.8974,48.396294
183820,34.988583,65.011414,43.799999
185100,47.595726,52.404274,34.810913
185202,44.306049,55.693951,27.508566
185203,42.471302,57.528698,45.653515
185204,76.558266,23.441734,38.985737
185310,44.377357,55.622643,41.290123
185320,49.283669,50.716331,49.750534
186100,60.881695,39.118305,38.687393
186201,54.004856,45.995144,50.045551
186202,51.870079,48.129921,50.02462
186203,64.653244,35.346756,30.325645
186301,26.208027,73.791977,39.349018
186302,55.091534,44.908466,36.576691
186401,44.02549,55.97451,52.04533
186403,54.787235,45.212765,50.166779
186404,37.916309,62.083691,44.780113
187101,79.226685,20.773314,45.545582
187102,64.1604,35.8396,47.44352
187200,47.899158,52.100842,42.759613
187300,60.023445,39.976555,27.062183
188100,65.211266,34.788731,37.755917
188201,64.535583,35.464417,23.753582
188202,78.428352,21.57165,28.08308
188300,72.297295,27.702703,45.121952
189101,96.128174,3.871829,29.769476
189102,70.085472,29.91453,29.286608
189201,68.611847,31.388151,34.429222
189202,64.186852,35.813148,22.481525
189300,79.094078,20.905924,29.255861
189400,62.444443,37.555557,12.809565
189500,66.880615,33.119385,19.445831
189600,49.761528,50.238472,17.643759
189701,47.007618,52.992382,23.994778
189702,64.327484,35.672516,17.952755
189800,73.217552,26.78245,27.487436
189902,61.990715,38.009285,37.159832
189903,63.394344,36.605656,27.992548
189904,51.709843,48.290157,38.324066
189905,49.428104,50.571896,50.788383
190100,46.07938,53.92062,21.516352
190201,40.176991,59.823009,42.867981
190202,42.26376,57.73624,31.698486
190301,53.654106,46.345894,43.010544
190401,76.184212,23.81579,44.600941
190402,48.663521,51.336479,54.150703
190510,44.838482,55.161518,56.19574
190520,38.08765,61.91235,63.20826
190700,32.679245,67.320755,39.789791
190801,55.886848,44.113152,53.431374
190802,42.960812,57.039188,51.037037
190901,33.619282,66.380722,54.789616
190902,46.834862,53.165138,50.299953
191000,53.57634,46.42366,38.424946
191110,52.610641,47.389359,58.272964
191120,42.099365,57.900635,58.437023
191201,54.36853,45.63147,51.121929
191203,44.288448,55.711552,56.919724
191204,50.888531,49.111469,59.864605
191301,43.89706,56.10294,54.291416
191302,41.339985,58.660015,58.3368
191410,26.074381,73.925621,47.665943
191420,30.383091,69.616905,59.873451
191500,38.048782,61.951218,57.715996
191610,34.283386,65.716614,56.149979
191620,36.822723,63.177277,62.656559
191710,24.80315,75.196854,60.641201
191720,23.624733,76.375267,60.453724
191810,27.272728,72.727272,44.301628
191820,51.765892,48.234108,36.447224
191901,41.314552,58.685448,36.286201
191902,59.968102,40.031898,20.802919
192001,59.420288,40.579712,25.141701
192002,82.901558,17.098446,22.209436
192300,68.873238,31.12676,25.275898
192410,60.909092,39.090908,36.230049
192420,47.724258,52.275742,53.147018
192510,42.328484,57.671516,65.602837
192520,32.366974,67.633026,54.895245
192610,39.26358,60.73642,57.229294
192620,31.022062,68.977936,60.882675
192700,46.975693,53.024307,47.566551
194101,56.009335,43.990665,27.223635
194102,82.938385,17.061611,22.228075
194200,54.50597,45.49403,25.253633
194300,54.981548,45.018452,21.784565
194401,68.478264,31.52174,26.136364
194402,65.517242,34.482758,18.476942
194500,71.44886,28.551136,35.991821
195100,70.390312,29.60969,15.034399
195201,63.328999,36.671001,25.505804
195202,77.586205,22.413794,21.86775
195300,63.212437,36.787563,35.552631
195400,71.112999,28.887001,26.586853
195500,47.673531,52.326469,26.635513
195600,49.449036,50.550964,43.551289
195710,29.61039,70.38961,48.285954
195720,32.731647,67.268349,37.381916
195802,47.229553,52.770447,55.187477
195803,49.300156,50.699844,43.110962
195804,45.566288,54.433712,46.642097
195901,40.567375,59.432625,30.559168
195902,64.375,35.625,23.79772
195903,65.507248,34.492752,29.792746
197200,67.947311,32.052689,47.019356
197300,49.259258,50.740742,41.389881
197410,54.141415,45.858585,23.098459
197420,61.120399,38.879601,34.59647
197500,41.418438,58.581562,35.877861
197600,54.331451,45.668549,43.757725
197700,57.354576,42.645424,52.23534
199000,45.059566,54.940434,51.534851
199110,54.594017,45.405983,37.439999
199120,39.859833,60.140167,50.914364
199201,43.78801,56.21199,55.860229
199202,43.778111,56.221889,43.809525
199300,42.118645,57.881355,33.183353
199400,50.713013,49.286987,49.723022
199700,36.005089,63.994911,47.67971
199800,46.966946,53.033054,55.115116
199900,38.076313,61.923687,46.26701
201110,64.199196,35.800808,27.963869
201120,45.567474,54.432526,42.409004
201200,41.860466,58.139534,37.18045
201301,36.23304,63.76696,37.889324
201302,70.570572,29.42943,36.473164
201401,45.526932,54.473068,41.642284
201402,57.763237,42.236763,35.819305
201501,51.0975,48.9025,36.237514
201503,42.745098,57.254902,38.812786
201504,39.523212,60.476788,38.992172
201601,42.985844,57.014156,34.6875
201602,59.194397,40.805603,39.311531
201700,55.937138,44.062862,29.287418
203100,25.024729,74.975273,43.1222
203200,26.979212,73.02079,46.369976
203300,39.771103,60.228897,33.365154
203500,34.283821,65.716179,48.086735
203600,34.753471,65.246529,43.036671
203710,25.378515,74.621483,40.10989
203720,19.455423,80.544579,55.013287
203800,31.402142,68.597855,40.64912
203900,31.938326,68.061676,43.978043
204110,35.728542,64.271454,48.003834
204120,43.446381,56.553619,39.744991
204200,28.726614,71.273384,48.994678
204300,28.588858,71.41114,51.101414
204410,32.041885,67.958115,45.979778
204420,24.240063,75.759941,44.104504
204600,27.844311,72.155685,43.25491
204700,32.211945,67.788055,49.593327
204810,28.169014,71.830986,39.97081
204820,29.697987,70.302017,48.732624
204910,27.06422,72.935783,43.296921
204920,38.709679,61.290321,44.630352
205110,12.835052,87.164948,50.705696
205120,31.74905,68.250954,47.992702
206010,36.800961,63.199039,52.67659
206020,24.204546,75.795456,11.611031
206031,43.564358,56.435642,29.097311
206032,39.871384,60.128616,48.47068
206050,53.203884,46.796116,45.215099
206200,63.801651,36.198349,36.733456
206300,28.978224,71.021774,10.826986
207101,49.879227,50.120773,52.789288
207102,60.558254,39.441746,73.604286
207103,45.516811,54.483189,71.282738
207301,57.617188,42.382813,21.852325
207302,33.333332,66.666664,17.746878
207400,14.121037,85.87896,35.015137
207501,50,50,47.650375
207502,67.46843,32.53157,66.413734
207710,63.203049,36.796951,32.812012
207900,63.438595,36.561405,30.797493
208000,30.919577,69.080421,43.365292
208301,14.497272,85.502731,57.975597
208302,29.335562,70.664436,54.177044
208401,34.204109,65.795891,65.205544
208402,43.75,56.25,58.947369
208501,50.662651,49.337349,65.638596
208502,29.20686,70.793137,51.992199
208610,44.753521,55.246479,66.651024
208620,37.370491,62.629509,61.788078
208710,41.150764,58.849236,63.359482
208720,22.439587,77.560417,56.996063
208801,20.10737,79.892632,63.007381
208802,43.798882,56.201118,58.515854
208902,4.1327124,95.867287,66.796265
208903,8.047945,91.952057,60.159672
208904,16.099476,83.90052,63.105728
209102,15.21599,84.784012,64.800499
209103,12.033195,87.966805,60.083103
209104,20.287661,79.712341,54.339779
209200,35.150375,64.849625,48.717949
209300,23.616922,76.38308,50.304024
209401,21.158129,78.841873,54.649464
209402,10.278461,89.721542,66.08931
209403,26.120689,73.879311,64.64196
209510,27.206703,72.793297,66.791046
209520,22.52916,77.47084,63.657681
209810,27.317677,72.682327,58.348358
209820,15.089345,84.910652,50.033112
210010,28.25054,71.749458,64.84594
211000,72.669823,27.330173,27.074423
211120,33.396286,66.603714,61.403172
211121,49.833332,50.166668,51.502148
211122,22.010399,77.989601,55.356571
211201,25.327511,74.672485,60.803185
211202,33.417084,66.582916,61.06636
211310,28.865194,71.134804,61.126629
211320,30.602781,69.397217,58.729198
211410,41.265823,58.734177,58.173786
211420,40.116589,59.883411,56.227654
211500,43.150986,56.849014,48.679165
211701,56.054131,43.945869,46.675533
211703,35.975609,64.024391,62.457405
211704,53,47,54.588879
211802,35.109951,64.890045,63.683834
211803,28.408644,71.591354,67.06192
211804,51.318832,48.681168,69.822296
211910,16.823057,83.176941,62.834282
211921,36.918808,63.081192,65.440506
211922,19.795828,80.20417,60.990795
212101,35.65596,64.34404,63.895653
212102,45.57143,54.42857,60.475163
212202,26.996529,73.003471,62.203022
212203,18.852459,81.147537,67.799934
212204,15.458333,84.541664,65.466446
212303,19.444445,80.555557,64.993881
212304,15.80786,84.192139,61.328335
212305,23.152966,76.847031,63.432343
212306,33.630951,66.369049,65.327286
212410,25.400547,74.599449,61.886337
212420,27.282211,72.717789,57.155636
212501,27.945473,72.054527,47.590363
212502,39.257294,60.742706,54.050179
212610,39.083138,60.916862,66.494446
212620,26.613705,73.386299,65.54567
212701,52.127659,47.872341,60.256409
212702,69.054611,30.945391,45.34079
212800,53.097343,46.902657,41.311237
212900,30.861244,69.138756,51.121075
213100,37.362637,62.637363,56.443832
213201,33.771626,66.228371,63.460693
213202,33.132771,66.867226,62.528217
213310,34.87159,65.12841,65.11628
213320,38.213764,61.786236,63.505348
213401,21.079622,78.92038,65.972221
213402,38.002094,61.997906,62.812637
214000,75.208916,24.791086,18.63483
214100,72.893776,27.106228,19.238901
214400,56.166668,43.833332,19.81506
214501,44.333637,55.666363,37.427895
214502,33.236294,66.76371,41.56918
214503,37.703888,62.296112,47.738846
214600,64.294792,35.705208,28.442356
214700,65.656563,34.343433,30.579151
214800,56.851311,43.148689,22.707712
214901,70.608498,29.391504,29.287155
214902,59.923298,40.076702,36.35413
215101,31.753033,68.246971,34.539223
215102,50.485435,49.514565,29.215254
216100,68.831169,31.168831,19.243128
216200,52.896725,47.103275,24.828018
216300,60.794472,39.205528,22.917078
216401,72.124756,27.875244,32.84251
216402,73.829201,26.170799,35.403122
216700,56.928406,43.071594,21.797131
216800,37.243946,62.756054,16.332117
216900,49.58234,50.41766,32.36771
217001,74.811462,25.188538,23.866091
217002,67.426941,32.573059,26.175373
217100,43.690735,56.309265,24.116095
217200,37.412586,62.587414,28.621466
218110,48.764629,51.235371,44.246262
218120,26.306435,73.693565,54.898518
218210,29.049112,70.95089,47.957905
218220,31.04925,68.950752,40.679443
218300,55.165817,44.834183,27.123335
218400,45.308926,54.691074,30.559441
218500,48.108109,51.891891,32.813053
218600,47.577854,52.422146,33.604652
218701,47.713718,52.286282,20.347897
218702,32.439678,67.560318,34.251606
218800,43.405678,56.594322,44.38681
218900,27.616646,72.383354,27.213451
219010,39.496613,60.503387,38.344471
219020,43.59137,56.40863,36.865498
219300,25.5716,74.428398,37.491539
219500,59.90099,40.09901,23.393167
219700,38.951756,61.048244,40.167465
219800,40.252037,59.747963,44.609787
219901,31.151119,68.848885,40.787716
219902,32.924107,67.07589,44.466503
220000,49.909473,50.090527,28.797358
220100,71.325302,28.674698,18.067043
221110,24.078947,75.921051,62.346184
221120,28.909952,71.09005,54.89431
221210,39.750328,60.249672,50.363998
221220,28.170782,71.829216,63.167637
221302,18.21253,81.787468,59.666485
221303,25.533333,74.466667,57.405281
221304,43.598618,56.401382,54.090908
221401,32.955536,67.044464,36.194382
221402,39.471512,60.528488,41.387558
221500,42.42247,57.57753,44.103226
221601,38.313953,61.686047,49.340218
221602,26.488592,73.511406,56.616257
221710,25.698757,74.301239,48.936169
221810,24.532373,75.467628,49.785099
221820,10.021552,89.978447,57.963772
221900,27.480917,72.519081,43.76392
222001,44.53941,55.46059,34.856007
222002,39.587334,60.412666,44.378193
222100,33.618843,66.381157,39.276703
222200,26.377743,73.622261,45.068726
222500,33.420254,66.57975,42.360088
222600,35.693462,64.306541,43.417721
222700,15.752625,84.247375,22.57045
224010,34.195065,65.804932,40.29356
224020,16.597164,83.402832,47.636074
224200,23.021584,76.978416,62.638264
224310,17.413794,82.586205,52.992233
224320,20.454546,79.545456,48.746357
224410,24.7929,75.2071,49.720505
224420,25.228216,74.771782,48.983738
224600,30.05707,69.942932,46.698254
224700,13.530928,86.46907,23.810986
226001,16.549911,83.450089,50.575729
226002,22.719734,77.280266,37.734669
226410,26.189283,73.810715,54.429001
226420,15.578078,84.421921,51.211071
226700,17.133858,82.866142,48.149834
227010,16.666666,83.333336,48.349262
227020,22.115896,77.884102,51.379406
228100,23.17304,76.826958,47.671478
228210,28.032787,71.967216,48.813015
228220,12.954545,87.045456,42.115337
228310,19.002079,80.997925,52.135269
228320,21.78808,78.211922,50.586266
228410,15.308027,84.691971,49.21899
228420,17.739899,82.260101,46.877773
228500,19.382275,80.617729,48.063683
228600,12.266791,87.733208,44.151566
228710,15.745999,84.253998,48.546368
228720,16.34527,83.654732,50.172771
228800,18.507334,81.492668,41.818508
228900,25.699558,74.300446,44.466274
229100,16.480207,83.519791,48.588753
229200,14.485981,85.514015,52.826462
229300,9.9352875,90.064713,45.512821
229410,28.101946,71.898056,41.187847
229420,20.750669,79.249329,40.315609
231100,25.990492,74.009506,36.285221
231210,27.208977,72.791023,40.836197
231220,29.73645,70.26355,44.550289
231300,39.271782,60.728218,44.077187
231400,33.12748,66.87252,45.650421
231500,42.464115,57.535885,35.03772
231600,27.463917,72.536079,34.687454
231710,24.771524,75.228477,47.71632
231720,26.888803,73.111198,47.409992
231800,14.001692,85.998306,50.893433
231900,22.29673,77.70327,44.06279
232110,27.751572,72.248428,42.698891
232120,19.66115,80.338852,44.904457
232200,31.678253,68.321747,36.145012
232300,15.926773,84.073227,52.048595
232400,42.404751,57.595249,29.264408
232500,25.556793,74.443207,35.812561
232600,37.209301,62.790699,39.216
232700,22.868944,77.131058,42.875542
232800,19.622425,80.377571,43.139191
234000,44.100296,55.899704,23.70215
234200,64.948456,35.051548,8.6839752
234300,83.259911,16.740088,5.9611344
234501,57.46888,42.53112,20.337553
234502,27.323944,72.676056,15.912147
234600,43.883659,56.116341,23.102766
234700,46.133797,53.866203,31.226261
234800,63.662792,36.337208,21.293716
234901,19.182747,80.817253,31.770645
234902,35.028713,64.971291,31.596682
235100,61.495846,38.504154,15.270727
235201,35.056179,64.943817,17.294987
235202,38.897167,61.102833,16.145332
236000,82.725525,17.274471,11.867882
236100,74.342102,25.657894,17.746643
236202,26.475695,73.524307,41.364452
236203,29.481482,70.518517,36.173634
236204,12.771739,87.228264,25.145201
236400,67.091835,32.908165,8.909091
237101,29.875519,70.124481,39.714363
237102,24.384027,75.615974,40.558235
237201,27.058823,72.941177,39.941261
237202,29.770176,70.22982,39.109531
237300,47.144073,52.855927,22.838785
237401,33.055557,66.944443,40.223465
237402,46.253746,53.746254,29.065041
237500,26.457726,73.542274,48.241913
237600,25.066668,74.933334,39.682541
237710,19.83346,80.166542,43.640568
237720,18.284229,81.715775,38.608231
237800,43.720932,56.279068,22.548506
237900,43.055557,56.944443,9.0270815
238000,28.174124,71.825874,15.140974
238100,55.303032,44.696968,14.354067
238200,54.637436,45.362564,10.854841
238310,11.837655,88.162346,37.537029
238320,19.082569,80.917435,27.834524
238400,39.203674,60.796326,12.468971
239201,13.547574,86.452423,42.626915
239202,24.78968,75.21032,35.603035
239310,20.046728,79.95327,50.081909
239320,24.276432,75.723564,43.837391
239330,21.094891,78.905113,43.783958
239501,28.34008,71.65992,40.054054
239502,23.40752,76.592476,37.048622
239601,31.410257,68.589745,37.802906
239602,22.394365,77.605637,40.490448
239701,20.875252,79.124748,40.414719
239702,27.61076,72.389244,34.450806
239801,18.451519,81.548477,39.395668
239802,30.991085,69.008911,40.029388
240010,22.445415,77.554588,30.929228
240020,24.640089,75.359909,32.377197
240200,33.136093,66.863907,34.983063
240300,30.640818,69.359184,37.394279
240401,22.626154,77.373848,34.780148
240402,21.022728,78.977272,32.696392
240500,26.840179,73.159821,37.553452
240600,32.771221,67.228783,35.054188
240700,31.89386,68.10614,31.252033
240800,14.895209,85.10479,26.989899
240900,27.474152,72.525848,34.06575
241001,18.00738,81.992622,30.80946
241002,21.717173,78.282829,28.393881
241110,24.695459,75.304543,28.85906
241120,25.819672,74.180328,32.275131
241201,36.217949,63.782051,32.286995
241202,16.067415,83.932587,36.105476
241300,22.778675,77.221321,27.933212
241400,17.956903,82.043098,37.016247
242000,36.145649,63.854351,27.564259
242100,14.558473,85.441528,30.068174
242200,37.182587,62.817413,29.641577
242300,26.45241,73.547592,33.415943
242600,18.169014,81.830986,28.791565
242700,17.048056,82.951942,33.862843
243000,31.483051,68.516953,34.035191
243100,20.971979,79.028023,34.60606
261101,60.659115,39.340885,24.961439
261102,82.437279,17.562723,27.630602
261200,74.492752,25.507246,25.88147
262100,73.333336,26.666666,27.245707
262200,79.95356,20.04644,27.407722
262301,72.768532,27.231468,22.084866
262302,84.190231,15.809769,25.080593
262303,79.813667,20.186335,21.668909
262400,68.315018,31.684982,18.019802
262501,56.074768,43.925232,7.8966789
262601,79.472954,20.527046,19.180634
262604,70.183487,29.816513,20.027561
262704,70.744682,29.25532,21.387941
262706,63.636364,36.363636,11.379311
262802,68.71508,31.284916,15.178066
264000,76.098419,23.901581,18.213829
264102,65.042976,34.95702,25.77548
264103,66.085793,33.914207,29.911789
264301,53.462837,46.537163,23.106947
264302,70.545456,29.454546,19.923927
265100,80.745338,19.254658,24.542683
265201,68.710091,31.289911,26.75094
265202,47.02869,52.97131,27.400337
265301,22.580645,77.419357,17.492838
265303,33.30241,66.697586,21.888325
265304,45.584045,54.415955,20.324263
265305,33.444817,66.555183,27.930874
265410,60.43956,39.56044,19.252468
265420,79.418884,20.581114,19.290051
265510,40.588535,59.411465,47.631706
265520,70.373024,29.626972,31.502825
265601,72.823532,27.17647,28.82333
265602,73.969284,26.03072,42.2617
265700,70.027626,29.972376,27.932098
267100,64.39357,35.60643,30.582453
267200,63.269142,36.730858,37.628136
267300,50.709484,49.290516,30.515041
267402,67.272728,32.727272,34.643787
267403,49.019608,50.980392,36.54723
267404,60.543133,39.456867,38.677788
267501,36.794426,63.205574,43.471676
267502,45.773525,54.226475,37.210682
267600,40.894569,59.105431,31.352253
267700,49.448818,50.551182,37.091122
267800,66.109787,33.890213,28.120806
267901,64.296997,35.703003,27.167381
267902,63.010967,36.989033,28.772232
269000,55.326462,44.673538,25.693096
269100,69.931442,30.06856,25.404329
269300,73.459717,26.540285,14.409287
269500,77.678574,22.321428,22.360868
269601,33.668732,66.331268,40.577888
269602,45.462879,54.537121,39.744991
269700,52.287582,47.712418,32.025116
269800,41.025642,58.974358,28.423929
269903,41.003136,58.996864,40.186443
269904,34.162304,65.8377,38.019409
269905,26.705013,73.294991,38.126568
269906,47.895336,52.104664,30.425753
269907,50.413223,49.586777,33.952999
270100,43.026154,56.973846,34.709316
270200,48.770279,51.229721,49.54628
270300,51.317829,48.682171,25.851704
271100,54.084969,45.915031,25.457571
271200,43.806648,56.193352,46.867256
271300,77.46479,22.535212,25.278149
271400,86.341461,13.658537,11.202186
271500,58.805031,41.194969,20.476498
271600,24.111822,75.888176,37.969925
271701,56.834171,43.165829,33.918526
271702,30.76923,69.230766,36.510128
271801,29.404388,70.595612,44.828556
271802,57.517792,42.482208,34.648582
271901,30.434782,69.565216,26.436781
271902,56.365742,43.634258,22.10284
272100,71.898735,28.101265,17.865219
272201,37.111111,62.888889,35.742653
272202,42.055267,57.944733,30.962566
272301,38.37838,61.62162,33.759125
272302,37.71645,62.28355,40.939301
273100,58.314857,41.685143,20.889301
273200,41.845764,58.154236,22.426992
273300,50.257732,49.742268,21.773289
273402,64.851486,35.148514,14.444047
273502,45.833332,54.166668,13.765182
273600,47.916668,52.083332,20.092089
273700,51.083031,48.916969,19.785715
273800,32.367973,67.632027,17.638222
273902,50.505051,49.494949,13.473054
274100,53.565216,46.434784,26.794035
274202,58.512932,41.487068,23.096067
275101,50.739956,49.260044,37.185535
275102,27.041645,72.958359,47.568821
275200,41.23193,58.76807,38.597767
275302,52.533531,47.466469,27.952511
275311,53.167702,46.832298,27.961098
275400,53.97039,46.02961,21.846516
275500,47.078384,52.921616,40.003799
275602,40.714787,59.285213,17.985884
275603,72.944695,27.055305,22.654926
276000,80.654335,19.345661,12.594052
276100,44.99358,55.00642,25.701088
276400,68.898491,31.101511,11.087165
276500,41.75655,58.24345,12.310319
276601,81.027664,18.972332,25.130369
276603,53.787151,46.212849,19.705271
276604,36.012363,63.987637,15.227112
277000,89.364037,10.635965,16.394032
277100,77,23,25
277200,43.082314,56.917686,22.613861
277400,38.975502,61.024498,26.257311
278001,65.686272,34.313725,12.171838
278102,72.569443,27.430555,9.2903223
291110,18.181818,81.818184,20.644258
291120,37.375965,62.624035,39.589699
291130,49.680626,50.319374,39.44569
291210,45.409317,54.590683,38.312252
291220,40.123806,59.876194,46.837112
291300,69.654091,30.345911,26.346313
292000,34.302326,65.697678,35.817345
293201,59.951458,40.048542,37.488625
293202,29.250084,70.749916,45.874844
293301,71.464333,28.535669,27.551723
293302,54.887936,45.112064,38.141144
293304,47.561646,52.438354,41.848202
293306,60.199715,39.800285,29.379715
293307,29.253731,70.746269,37.34671
294110,42.227043,57.772957,30.455847
294120,39.323467,60.676533,39.647945
294200,36.332653,63.667347,26.389639
294301,40.965347,59.034653,30.149254
294302,39.705013,60.294987,33.571003
294410,40.879478,59.120522,24.663588
294421,25.752018,74.247986,44.998348
294510,30.847458,69.152542,42.949253
294520,33.599419,66.400581,37.67086
294610,36.754585,63.245415,40.286442
294620,37.277489,62.722511,42.369122
294701,33.333332,66.666664,42.645241
294810,20.00935,79.990646,47.916668
294820,14.629049,85.370949,49.778934
294830,17.133066,82.866936,46.127502
294900,20.33543,79.664574,38.864746
295103,47.398029,52.601971,14.61159
296210,32.295273,67.704727,31.538742
296220,42.090195,57.909805,30.356367
296300,65.67411,34.32589,26.688742
296401,72.360619,27.639383,24.670763
296402,55.762081,44.237919,17.67992
296500,38.839943,61.160057,34.049999
296600,35.769501,64.230499,27.89649
296901,42.519684,57.480316,32.739628
296902,52.580402,47.419598,33.694557
297000,49.278847,50.721153,15.98156
297110,20.588236,79.411766,35.376465
297120,35.357494,64.642509,26.946424
297201,67.258598,32.741398,24.597324
297202,54.820629,45.179371,22.954195
297300,71.732521,28.267477,14.316797
297400,75.748032,24.251968,16.883808
297500,79.32692,20.673077,8.1568632
297601,75.757576,24.242424,1.2865497
297602,58.797329,41.202671,11.210986
300100,71.122391,28.877609,29.743332
300200,61.484802,38.515198,35.359409
300301,74.6922,25.307798,33.516735
300400,60.491493,39.508507,28.369682
300501,69.731804,30.2682,34.061989
300502,61.568172,38.431828,43.128437
300600,66.705811,33.294186,37.987953
300701,95.916283,4.0837164,29.858253
300702,90.42691,9.5730915,43.631233
300800,61.267605,38.732395,42.951077
300901,88.963806,11.036196,44.680515
300902,87.050362,12.94964,27.029655
301000,79.105843,20.894161,44.336571
301100,74.158936,25.841066,52.187073
301203,70.692497,29.307503,54.800091
301204,58.889565,41.110435,63.777088
301205,82.335327,17.664671,44.652405
301206,65.972656,34.027348,60.545624
301300,76.327118,23.672884,34.556271
301400,87.760414,12.239583,41.401619
301501,85.855263,14.144737,65.376343
301502,47.017269,52.982731,73.155327
301601,70.474037,29.525959,68.237831
301602,54.613735,45.386265,45.866142
301701,83.086517,16.913485,44.226128
301702,68.854713,31.14529,61.670055
301801,60.094532,39.905468,65.705414
301802,52.558895,47.441105,70.767464
301900,66.67347,33.32653,61.511425
302002,56.757931,43.242069,57.988911
302003,55.043327,44.956673,75.24778
302004,47.465439,52.534561,78.819527
302102,70.480469,29.519529,50.129959
302103,55.26379,44.73621,70.812012
302104,68.022438,31.97756,53.103275
302201,57.92683,42.07317,68.232994
302202,56.266666,43.733334,65.892227
302301,59.223675,40.776325,59.692589
302302,54.650768,45.349232,57.123394
302401,49.50185,50.49815,59.673859
302503,53.914143,46.085857,69.276184
302504,33.133167,66.866829,64.209572
302505,53.133732,46.866268,55.629581
302506,52.854897,47.145103,54.232956
310100,86.307228,13.692768,40.202991
310201,64.776787,35.223213,38.640675
310202,65.287354,34.712643,52.200001
310300,88.901604,11.098398,30.63442
310400,69.991402,30.008598,36.64146
310501,42.469296,57.530704,44.5308
310601,39.134842,60.865158,45.509075
310602,68.909828,31.090176,29.495832
310701,70.460472,29.539532,46.262058
310702,76.725426,23.274574,44.902065
310703,67.558655,32.441349,51.423187
310800,76.694328,23.305672,26.551598
310900,80.487808,19.512196,24.385147
311000,66.414139,33.585857,29.427794
311100,72.056076,27.943926,26.458952
311200,57.714287,42.285713,21.671827
311300,77.390182,22.609819,20.109119
311400,75.3507,24.649298,22.487608
311500,58.601288,41.398712,22.863443
311600,55.485352,44.514648,24.100222
311700,61.165047,38.834953,19.534483
311801,53.451328,46.548672,37.944931
311802,55.547897,44.452103,37.619911
320000,,,
320100,46.388607,53.611393,37.672459
320201,26.544468,73.455536,39.682114
320202,46.018894,53.981106,36.94532
320300,32.772766,67.227234,36.177475
400204,73.653198,26.346802,18.809374
400205,70.285713,29.714285,26.644337
400206,82.656097,17.343904,18.789572
400207,74.576271,25.423729,15.863495
400302,73.892403,26.107595,20.741713
400304,52.567238,47.432762,23.378109
400402,74.959351,25.040651,14.559659
400403,68.656715,31.343283,16.381418
400404,81.599998,18.4,11.436414
400501,92.13974,7.8602619,10.904762
400602,37.64706,62.35294,25.76959
400603,72.85817,27.141829,26.970873
400604,42.857143,57.142857,25.641829
400800,54.633472,45.366528,11.827253
400900,72.911049,27.088949,17.207792
401001,60.76923,39.23077,8.1224613
401002,49.228611,50.771389,17.780548
401101,53.803749,46.196251,16.289511
401102,62.154697,37.845303,12.393016
401201,91.257996,8.7420044,14.096784
401202,90.40554,9.5944605,21.387772
401203,67.502022,32.497978,22.109026
401303,77.251183,22.748816,34.308945
401304,82.741119,17.258883,16.889574
401311,87.559242,12.440759,13.210205
401312,74.04203,25.957973,14.247974
401500,56.653992,43.346008,13.222725
401601,46.60194,53.39806,20.003883
401602,56.680161,43.319839,12.424547
401603,84.615387,15.384615,7.8609223
401701,74.049583,25.950413,13.917645
401703,46.66161,53.33839,28.024666
401704,55.763603,44.236397,29.809874
401800,59.816303,40.183697,22.025541
401901,24.784853,75.215149,14.609002
401902,79.024841,20.975161,19.103691
402001,48.902439,51.097561,24.969549
402002,68.771332,31.228668,13.412681
402101,47.521866,52.478134,34.313725
402102,58.284763,41.715237,23.096153
402200,68.768997,31.231003,18.910763
402301,40.402477,59.597523,33.546825
402303,34.266212,65.733788,32.176586
402304,22.182037,77.817963,41.054195
402402,38.614719,61.385281,35.791756
402403,31.733654,68.26635,30.564724
402404,26.174496,73.8255,14.593535
402405,40.104168,59.895832,38.464108
402406,42.663437,57.336563,43.620617
402501,25.6654,74.334602,37.19286
402502,30.342634,69.657364,40.839584
402600,40.223465,59.776535,30.690098
402702,15.685328,84.314674,31.940805
402703,43.198406,56.801594,31.968605
402705,38.425926,61.574074,36.496761
402706,46.482578,53.517422,36.387558
402801,28.277153,71.722847,41.140217
402803,27.900146,72.099854,40.02351
402804,33.070454,66.92955,44.150417
402902,33.195488,66.804512,41.01141
402903,47.371334,52.628666,40.004429
402904,48.261925,51.738075,34.543423
403000,38.311459,61.688541,39.603821
403200,58.47953,41.52047,23.170732
403303,72.204727,27.795275,44.545773
403304,72.166534,27.833462,52.03611
403305,61.909008,38.090992,52.456715
403312,65.011162,34.988838,35.206287
403316,69.102859,30.897139,36.448204
403317,68.867218,31.132784,29.53035
403318,72.877357,27.122641,27.775959
403319,63.776382,36.223618,39.678589
403320,73.729729,26.270269,51.685604
403321,70.665985,29.334011,31.527489
403322,70.598488,29.40151,43.014248
403323,70.773216,29.226786,49.751518
403324,70.5606,29.439398,47.770798
403325,80.484917,19.515079,34.851608
403401,74.117233,25.882769,51.008644
403402,62.428078,37.571922,48.157383
403403,84.101288,15.898713,48.676498
403404,75.467468,24.532536,50.720791
403405,88.633286,11.366712,40.783665
403406,59.950859,40.049141,41.91555
403407,66.442955,33.557049,56.653992
403408,83.473808,16.52619,51.946835
403500,70.230263,29.769737,32.357635
403600,75.876663,24.123337,23.354984
403702,75.975975,24.024025,17.651735
403703,69.955948,30.044052,22.98036
403721,56.598984,43.401016,24.019508
403722,37.730629,62.269371,18.657488
403801,63.093288,36.906712,19.517649
403802,50.728363,49.271637,19.541193
403901,48.043819,51.956181,18.591795
403902,62.876579,37.123421,20.741785
404000,47.508774,52.491226,29.057913
404100,43.486156,56.513844,34.885193
404201,40.033222,59.966778,32.089554
404202,49.035088,50.964912,28.795151
404301,38.152077,61.847923,39.047127
404302,45.350735,54.649265,29.844206
404401,33.959045,66.040955,30.688662
404402,59.769451,40.230549,37.660084
404501,30.149813,69.850189,41.459629
404503,47.832371,52.167629,44.978874
404504,35.373886,64.626114,51.028076
404600,45.051193,54.948807,20.546984
404701,45.798149,54.201851,43.846966
404702,50.418201,49.581799,47.846966
404703,31.258551,68.741447,41.879116
404801,53.927254,46.072746,48.87286
404802,43.257442,56.742558,49.044449
404803,53.78788,46.21212,32.038834
404901,50.828541,49.171459,50.868744
404902,58.793194,41.206806,43.455849
404903,49.88781,50.11219,44.507324
405001,53.44492,46.55508,41.058014
405002,42.291668,57.708332,42.806183
405101,48.793697,51.206303,42.128189
405102,57.290264,42.709736,52.844952
405201,47.780796,52.219204,41.511562
405202,55.950752,44.049248,41.494797
405203,55.320599,44.679401,38.447418
405301,64.44249,35.557507,32.67355
405302,47.969315,52.030685,36.597855
405400,66.55629,33.44371,27.114384
405500,58.195927,41.804073,30.115379
405600,76.675789,23.324213,25.228645
405701,67.903709,32.096291,27.442884
405702,61.345852,38.654148,26.102942
405800,57.107841,42.892159,27.98354
405900,58.801498,41.198502,20.848516
406000,55.825649,44.174351,23.008678
406101,52.214764,47.785236,20.980005
406102,61.570683,38.429317,17.222723
406200,50.337662,49.662338,33.092659
406300,68.171761,31.828243,40.52018
406402,83.982681,16.017317,20.597414
406411,70.817123,29.182878,38.49226
406412,67.656769,32.343235,23.727486
406500,72.46566,27.534336,23.8608
406601,76.865158,23.13484,25.867563
406602,51.980675,48.019325,36.207802
406701,66.279068,33.720932,31.906393
406702,54.857998,45.142002,33.211979
406800,67.522552,32.477448,30.381615
406901,51.498501,48.501499,41.743118
406902,67.804428,32.195572,29.772041
407001,58.224796,41.775204,34.688755
407002,55.242661,44.757339,44.625668
407101,52.275131,47.724869,39.122334
407102,48.573601,51.426399,48.389473
407200,46.797672,53.202328,38.57925
407301,41.372673,58.627327,32.621887
407302,51.737453,48.262547,33.162613
407400,68.848167,31.151833,36.53754
407501,36.64706,63.35294,37.694012
407502,49.222797,50.777203,42.314251
407601,36.377098,63.622902,45.42601
407602,41.3839,58.6161,38.215103
407701,29.503366,70.496635,45.231297
407702,50.689934,49.310066,36.0392
407801,48.144382,51.855618,37.531006
407802,56.38126,43.61874,31.923672
407900,60.848644,39.151356,35.207146
408003,52.014462,47.985538,40.274601
408004,64.488014,35.511982,40.476189
408005,77.855072,22.144928,36.005009
408006,63.490471,36.509529,51.79221
408133,54.17495,45.82505,51.335262
408134,79.166664,20.833334,44.460911
408135,70.225082,29.77492,39.617836
408136,79.894974,20.105026,35.852608
408137,56.620731,43.379269,39.568516
408138,35.394371,64.605629,39.701023
408139,28.5956,71.404396,39.027073
408140,34.857483,65.142517,45.873058
408141,42.030743,57.969257,45.399448
408202,42.014744,57.985256,40.537849
408211,46.567719,53.432281,63.358521
408212,66.611435,33.388565,47.538403
408301,52.662434,47.337566,36.42997
408302,56.875,43.125,35.467979
408303,70.858116,29.141886,26.976851
408401,70.214149,29.785852,33.668343
408402,81.550484,18.44952,31.027411
408501,51.397655,48.602345,34.743107
408503,74.201279,25.798721,38.755611
408504,64.30883,35.69117,41.902363
408505,74.223038,25.776966,37.986111
408623,61.107361,38.892639,44.275036
408624,83.420708,16.579292,45.281898
408625,71.19072,28.809284,46.146683
408626,69.106316,30.893682,56.361267
408627,67.342209,32.657787,57.356361
408628,70.947716,29.052288,56.49926
408629,69.486626,30.513376,50.309204
408630,58.991436,41.008564,38.911514
408631,67.242104,32.757896,43.762669
408703,83.037071,16.962925,60.463688
408704,66.28878,33.711216,53.189465
408705,63.660046,36.339954,55.58371
408706,72.628723,27.371273,58.355297
408722,67.786125,32.213875,48.845242
408723,52.755375,47.244625,51.36348
408724,26.762632,73.237366,61.234035
408800,22.341858,77.658142,38.141685
430002,64.368294,35.63171,34.112675
430003,78.602623,21.397381,31.043833
430101,65.442619,34.557377,30.360342
430102,54.910294,45.089706,40.574711
430200,67.781158,32.218845,31.30352
430301,78.897636,21.102362,14.208995
430302,63.451233,36.548767,15.591578
430400,71.887321,28.112677,38.840263
430501,72.433456,27.56654,12.417375
430502,66.320168,33.679832,14.047897
430600,72.76786,27.232143,31.168831
430701,65.247475,34.752529,37.178471
430721,69.068253,30.931744,53.045979
430723,56.466515,43.533485,55.453575
430724,46.287624,53.712376,59.313629
430801,62.852539,37.147461,53.691952
430802,79.280823,20.719177,42.983318
430803,77.575508,22.424494,46.196484
430901,55.075939,44.924061,28.451218
430902,54.342724,45.657276,36.488224
431001,37.16814,62.83186,21.733755
431002,58.008659,41.991341,20.81081
431100,43.91066,56.08934,34.085033
431200,56.08934,43.91066,38.959122
431300,63.782051,36.217949,22.584148
431400,60.20874,39.79126,41.088181
431501,77.209862,22.790138,36.493305
431502,69.873421,30.126583,35.706215
431600,75.717758,24.282238,51.490856
431700,78.015144,21.984858,55.450592
431800,68.668236,31.331768,51.503109
431900,69.411247,30.588757,52.879215
432000,83.557587,16.442411,45.712879
432101,69.793167,30.206831,47.991692
432102,78.317436,21.682568,42.878395
432201,70.20636,29.793636,56.034691
432202,64.9925,35.007496,59.767025
432300,76.315788,23.68421,39.721256
432401,49.92382,50.07618,49.497234
432402,49.310345,50.689655,49.714287
432500,69.961021,30.038975,42.398491
432601,50.147667,49.852333,50.901985
432602,73.471222,26.528776,48.232487
432700,40.853657,59.146343,46.599735
432801,57.176472,42.823528,56.57238
432802,39.459778,60.540222,64.470947
432901,67.13974,32.860264,57.036114
432902,70.722832,29.27717,52.815159
433101,62.625484,37.374516,51.862236
433102,40.613289,59.386711,61.056793
433200,52.921864,47.078136,46.991669
433302,34.948097,65.051903,46.637978
433304,44.610222,55.389778,56.873142
433305,37.363876,62.636124,51.250961
433306,60.280373,39.719627,46.666668
433307,62.816132,37.183868,45.890842
433401,39.127728,60.872272,50.424129
433402,41.262135,58.737865,57.103256
433403,42.384682,57.615318,49.978252
433501,24.075924,75.924072,52.271542
433503,33.035049,66.964951,46.75732
433504,39.34708,60.65292,63.24712
433601,73.856209,26.143791,60.650948
433602,70.396873,29.603123,57.243946
433700,43.779423,56.220577,38.998165
433801,29.72167,70.278328,47.356033
433802,76.017319,23.982683,37.031101
433901,43.441761,56.558239,50.210747
433902,48.430813,51.569187,38.056461
434001,36.503361,63.496639,42.972137
434003,33.532169,66.467834,52.435211
434004,47.04142,52.95858,34.82143
460000,84.052925,15.947075,30.257059
460100,63.805969,36.194031,9.0296497
460200,72.055885,27.944111,8.7024488
460301,62.442749,37.557251,14.782216
460302,55.287819,44.712181,16.662949
460401,52.100842,47.899158,12.552743
460501,78.5662,21.433796,24.639509
460502,73.860466,26.139534,23.76741
460600,77.045692,22.954304,20.258343
460700,75.162338,24.837662,24.420218
460800,84.149857,15.850144,21.92733
460900,48.839508,51.160492,29.506046
461000,46.794209,53.205791,29.267555
461100,50.343773,49.656227,26.343328
461200,70.78891,29.211088,10.144928
461300,57.14819,42.85181,38.086437
461400,68.03653,31.96347,20.227833
461501,35.538593,64.461411,28.192253
461502,54.133064,45.866936,27.066849
461600,46.614712,53.385288,32.99052
461700,66.759773,33.240223,24.271187
461901,34.336678,65.663322,34.486736
461902,53.846153,46.153847,17.355371
462001,26.746849,73.253151,44.849731
462002,34.363297,65.636703,51.173935
462100,32.364342,67.635658,36.414963
462201,51.622417,48.377583,37.583149
462202,21.437271,78.562729,28.242174
462301,45.218418,54.781582,37.644444
462302,45.435017,54.564983,33.561646
462400,67.384918,32.615082,23.337143
462500,52.138603,47.861397,29.906088
462600,74.149658,25.85034,20.018158
462700,57.971863,42.028137,31.4007
462800,63.109756,36.890244,39.438877
462900,91.213387,8.7866106,25.138048
463000,81.776413,18.223583,30.259499
463101,61.27232,38.72768,37.271214
463102,69.036697,30.963303,35.747471
463200,71.823685,28.176317,34.281483
463300,59.82906,40.17094,17.549999
463400,55.571705,44.428295,36.216881
463500,43.862816,56.137184,34.766239
463601,46.419235,53.580765,31.984617
463602,47.516678,52.483322,27.186619
463700,59.314457,40.685543,24.320406
463800,82.040817,17.959183,19.215687
463900,51.302605,48.697395,14.793952
464000,59.379509,40.620491,22.492697
464100,83.491539,16.508461,32.020615
464200,76.364304,23.635693,46.871761
480002,80.153259,19.846743,37.980209
480011,55.588043,44.411957,55.300037
480012,71.001556,28.998447,49.980598
480101,70.029526,29.970472,46.05621
480102,66.219345,33.780659,47.265968
480201,85.2071,14.792899,25.567322
480202,74.355492,25.644505,27.916666
480302,57.026348,42.973652,35.56448
480303,49.622547,50.377453,49.219719
480304,58.049404,41.950596,58.553616
480400,74.945816,25.054182,42.083179
480500,77.461143,22.53886,22.303543
480600,51.409534,48.590466,24.36618
480702,76.804123,23.195877,29.898724
480703,68.071518,31.92848,23.813869
480704,57.048985,42.951015,33.682091
480802,67.820282,32.179722,47.65625
480803,60.532688,39.467312,42.489712
480804,60.755688,39.244312,45.048355
480901,58.405846,41.594154,58.465607
480902,61.125,38.875,57.156467
480903,63.329384,36.670616,55.217533
481001,66.759773,33.240223,53.273811
481002,75.485344,24.514656,46.209324
481101,47.809341,52.190659,51.321968
481102,41.551723,58.448277,63.301502
481103,62.580158,37.419842,53.674831
481201,61.667442,38.332558,57.560322
481202,62.712399,37.287601,55.183193
481300,68.421051,31.578947,57.558487
481401,58.035713,41.964287,69.399429
481402,60.064934,39.935066,63.812153
481500,74.028633,25.971371,56.453476
481603,46.334312,53.665688,63.148148
481604,56.784718,43.215282,59.890373
481605,64.855331,35.144672,46.627178
481606,63.097256,36.902744,59.055431
481711,49.742058,50.257942,82.449074
481712,52.989056,47.010944,68.113174
481713,54.285713,45.714287,64.544189
481714,67.723007,32.276997,69.212021
481800,72.345131,27.654867,46.629986
481901,84.598213,15.401786,39.660057
481902,61.904762,38.095238,47.796024
482001,79.296562,20.703438,45.706978
482002,71.820175,28.179825,38.929993
482101,68.553459,31.446541,55.377995
482102,71.495689,28.504307,42.809254
482201,61.680599,38.319401,58.522141
482202,68.327515,31.672485,65.727997
482301,59.138382,40.861618,58.317471
482303,60.608723,39.391277,55.104015
482304,49.874435,50.125565,53.781738
482401,63.220493,36.779507,53.096916
482402,55.016911,44.983089,48.088913
482502,62.824677,37.175323,58.685295
482503,59.449406,40.550594,65.866211
482521,69.340103,30.659899,50.61665
482522,61.3242,38.6758,46.241554
482600,76.301842,23.69816,48.539429
482701,64.985016,35.014984,41.40641
482702,87.862511,12.137486,38.155739
482800,64.289406,35.710594,43.768379
500100,92.016808,7.9831934,19.412724
500201,83.429115,16.570881,17.907375
500202,75.420876,24.579124,18.051054
500300,90.575081,9.4249201,19.073736
500402,49.707943,50.292057,38.239891
500403,62.059036,37.940964,30.983717
500404,74.946007,25.053995,28.787565
500500,43.418941,56.581059,44.059406
500600,42.557652,57.442348,39.51947
500700,55.953693,44.046307,28.024099
500800,63.438969,36.561031,30.320284
500900,48.48658,51.51342,29.134775
501001,50.794979,49.205021,37.996819
501002,59.829967,40.170033,19.208002
501200,70.697678,29.302326,20.078445
501300,63.338535,36.661465,16.799894
501400,40.759754,59.240246,25.006418
501501,79.399139,20.600859,9.8478441
501503,46.213291,53.786709,13.479167
501504,52.185791,47.814209,20.198675
501600,61.371841,38.628159,14.080569
501700,67.342339,32.657658,11.945117
501802,62.016808,37.983192,16.638702
501803,32.103825,67.896172,30.411301
501804,32.682926,67.31707,20.387867
501900,54.44265,45.55735,14.766221
502003,40.17857,59.82143,27.165627
502004,43.496216,56.503784,36.8969
502005,42.224152,57.775848,23.089268
502100,75.725342,24.274662,19.334332
502200,52.41077,47.58923,25.078518
502301,60.268524,39.731476,32.258583
502302,23.22357,76.776428,34.895676
502401,44.858688,55.141312,32.989487
502402,66.275658,33.724339,27.966103
502500,47.628082,52.371918,38.401749
502601,54.982208,45.017792,31.09697
502602,49.521988,50.478012,34.370209
502700,73.519165,26.480837,26.439428
502801,60.629921,39.370079,21.975487
502802,54.810497,45.189503,29.291204
502901,69.772118,30.227882,27.186588
502902,33.02412,66.975883,37.335487
503000,36.40036,63.59964,38.196468
503103,37.23597,62.76403,30.353544
503104,28.023256,71.976746,33.320419
503105,35.007072,64.992928,33.876377
503106,73.692551,26.307449,18.613569
503201,67.048347,32.951653,18.718742
503202,51.594204,48.405796,20.883778
503301,67.897728,32.102272,11.458333
503302,49.622845,50.377155,27.985525
503401,65.681236,34.318768,11.073157
503402,60.743801,39.256199,11.177829
503501,42.92717,57.07283,21.278498
503502,50.535713,49.464287,13.480982
503601,80.224403,19.775597,16.79623
503602,87.159531,12.840466,13.350649
503701,60.393257,39.606743,13.518132
503702,56.810631,43.189369,17.456022
503703,79.697701,20.302301,37.125366
503801,74.873352,25.126646,23.322306
503802,70.571831,29.428173,28.222792
503901,70.09346,29.906542,25.536993
503902,65.955055,34.044945,20.099367
504001,47.105965,52.894035,18.568121
504002,46.265938,53.734062,20.779713
504101,68.862274,31.137724,31.87023
504102,,,
530003,80.782509,19.217491,26.746691
530004,62.14539,37.85461,27.680981
530005,89.830505,10.169492,41.215073
530006,60.69405,39.30595,35.238335
530101,52.031116,47.968884,41.852055
530102,68.756027,31.243973,39.073097
530202,56.484642,43.515358,26.015539
530203,35.832607,64.167397,41.633392
530204,37.965614,62.034386,35.18145
530301,28.057554,71.942444,47.019028
530302,39.40197,60.59803,38.847229
530400,59.70266,40.29734,32.134773
530500,38.652481,61.347519,40.643768
530601,34.21875,65.78125,33.862434
530602,44.789761,55.210239,38.629944
530700,38.75124,61.24876,43.793404
530801,36.170212,63.829788,35.33202
530802,39.409985,60.590015,38.870922
530901,31.129654,68.870346,39.7449
530902,39.61039,60.38961,39.811985
531000,44.74263,55.25737,42.59745
531101,36.13271,63.86729,43.173679
531102,38.666668,61.333332,39.194588
531201,20.874472,79.125526,51.554264
531202,31.381733,68.618263,50.353775
531301,19.983686,80.016312,43.895454
531302,28.663033,71.336967,45.773407
531502,35.897434,64.102562,42.667061
531503,23.669468,76.330536,45.033112
531504,26.055313,73.944687,46.345852
531602,22.093561,77.906441,43.309929
531603,30.751356,69.248642,38.331352
531604,30.886505,69.113495,44.397091
531701,30.389065,69.610939,53.019886
531702,32.335648,67.664352,39.514256
531800,27.743086,72.256912,44.055805
531901,25.128962,74.87104,39.413303
531902,50.219875,49.780125,28.90188
532001,49.510605,50.489395,37.897991
532002,38.778625,61.221375,42.422279
532101,39.037853,60.962147,39.575531
532102,47.455296,52.544704,38.794022
532200,34.803722,65.196274,38.423264
532302,49.463043,50.536957,34.050335
532303,53.494175,46.505825,27.27479
532304,44.61335,55.38665,33.348026
532400,75,25,19.512196
532500,25.011147,74.988853,54.680645
532603,33.310673,66.689323,44.50832
532604,24.982258,75.017746,50.519901
532605,27.391697,72.608307,55.234299
532606,21.985815,78.014183,51.376518
532700,20.694542,79.305458,47.604588
532800,21.960167,78.039833,43.551701
532900,14.875767,85.124237,44.436478
533001,32.245785,67.754211,44.249279
533002,35.127056,64.872948,49.90675
533103,23.27791,76.722092,48.279816
533104,24.980047,75.019951,55.016464
533105,19.618055,80.381943,48.751587
533106,29.411764,70.588234,43.948296
533107,34.168156,65.831841,47.709816
533201,25.958702,74.041298,46.122448
533202,35.778442,64.221558,51.622875
533203,27.5,72.5,46.103184
533300,22.419685,77.580315,42.677948
533401,33.359966,66.64003,47.048874
533402,29.905064,70.09494,44.78035
533403,24.328049,75.671951,48.970638
533501,23.215395,76.784607,48.39291
533502,36.390533,63.609467,47.118958
533503,38.225628,61.774372,41.556667
533601,37.001686,62.998314,37.034725
533602,24.066874,75.933128,47.567966
533603,36.510113,63.489887,43.720024
533701,32.635983,67.364014,43.454544
533702,29.754768,70.245232,49.972767
533703,35.569695,64.430305,40.472847
533803,47.453953,52.546047,41.967262
533804,31.377686,68.622314,45.01297
533805,31.38479,68.615211,46.344028
533806,39.679607,60.320393,41.690212
533901,29.308943,70.691055,39.626289
533902,23.514076,76.485924,46.205734
534001,30.103092,69.896904,46.580868
534002,40.221607,59.778393,40.580036
534101,33.373348,66.626648,41.21722
534102,22.119341,77.880661,44.316109
534201,27.441078,72.558922,37.706306
534202,22.44898,77.551018,42.227104
534203,28.407789,71.592209,48.716518
534301,24.613153,75.386848,44.520988
534302,20.247679,79.752319,40.577888
534403,34.171501,65.828499,51.442787
534404,31.512869,68.487129,46.715542
534405,25.694094,74.305908,49.463173
534406,17.798397,82.201599,46.645683
534501,48.919449,51.080551,43.108192
534502,49.158092,50.841908,47.712563
534700,41.258171,58.741829,50.746269
534802,37.237644,62.762356,47.799355
534803,35.640785,64.359215,49.697815
534804,46.733166,53.266834,52.240749
534900,34.122475,65.877525,50.325657
535001,23.200922,76.79908,40.320335
535002,26.060968,73.939034,47.555428
535101,27.864407,72.13559,38.163002
535102,22.82135,77.17865,37.816685
535200,21.341463,78.658539,41.815399
535300,29.7006,70.2994,41.604385
535400,28.350878,71.649124,41.776604
535501,33.819405,66.180595,44.177402
535502,34.849823,65.150177,46.345959
535503,41.659069,58.340931,45.218468
535603,32.602741,67.397263,45.047825
535604,34.661354,65.338646,45.646736
535605,33.993904,66.006096,45.127266
535606,20.782396,79.217606,42.917103
535607,48.575497,51.424503,45.852383
535701,34.693878,65.306122,42.207687
535702,52.931595,47.068405,41.006233
535802,45.689926,54.310074,46.683372
535803,25.031982,74.968018,51.914989
535804,31.555735,68.444267,46.408634
535901,61.571224,38.428776,37.378384
535902,56.966793,43.033207,36.521629
536000,34.167637,65.832367,43.770702
536102,57.455772,42.544228,35.915279
536103,45.621105,54.378895,50.724907
536104,50.740501,49.259499,36.949799
536200,45.943169,54.056831,38.419044
540000,31.907785,68.092216,40.55006
540101,51.27301,48.72699,37.139946
540102,45.297642,54.702358,42.398445
540201,24.421297,75.578705,42.477875
540202,28.192694,71.807304,42.638546
540203,34.528736,65.471268,38.776966
540300,37.026096,62.973904,40.636253
540400,25.598335,74.401665,36.890594
540501,35.257355,64.742645,36.781609
540502,20.387964,79.612038,36.940624
540600,30,70,23.792862
540700,24.295774,75.704224,26.207321
540800,50.349651,49.650349,20.091324
540901,35.734665,64.265335,30.431952
540902,29.893618,70.106384,18.478474
541001,65.818184,34.18182,26.987242
541002,58.485641,41.514359,26.143345
541100,58.89328,41.10672,25.224327
541200,36.646706,63.353294,13.456889
541300,32.36187,67.63813,27.482063
541400,21.943319,78.056679,34.862385
541500,21.585701,78.414299,39.350765
541603,23.982683,76.017319,34.518829
541604,26.514446,73.485558,34.346992
541605,30.305973,69.694023,36.584934
541606,28.262911,71.737091,43.204868
541700,46.021774,53.978226,38.244717
541801,41.609512,58.390488,39.249821
541802,31.366646,68.633354,31.979206
542000,26.876877,73.123123,34.466103
542103,23.703171,76.296829,33.681145
542104,26.719769,73.280235,39.34473
542105,31.508446,68.491554,36.719418
542106,22.14674,77.853264,41.937321
542200,20.72072,79.279282,34.550083
542401,32.475883,67.524117,24.038647
542402,45.473682,54.526318,28.761732
542501,34.38298,65.61702,24.581591
542502,27.657658,72.342339,25.795956
542601,25.300171,74.699829,37.906372
542602,28.190742,71.809258,37.671715
542700,30.071722,69.928276,33.459034
542800,32.960896,67.039108,22.229122
542900,40.501446,59.498554,35.770954
543000,44.95837,55.04163,23.773916
543100,44.209927,55.790073,25.677458
543201,30.998852,69.001144,22.801046
543202,36.170212,63.829788,33.966549
543304,59.630608,40.369392,6.1158624
543305,46.91943,53.08057,26.819193
543306,70.453583,29.546417,32.709373
543321,69.169098,30.830904,24.707365
543322,89.238098,10.761905,14.765856
543400,62.185429,37.814571,34.055031
543501,66.269623,33.730373,56.691223
543502,55.887524,44.112476,42.749813
543503,67.206093,32.793907,37.041607
543601,65.963242,34.036758,35.525997
543602,57.11132,42.88868,40.03788
543603,74.250259,25.749741,25.103842
543604,65.021889,34.978115,42.392036
543701,62.088299,37.911701,47.392891
543702,60.527088,39.472912,46.954491
543703,72.449867,27.550131,32.63158
543801,65.450737,34.549267,42.551292
543802,77.227722,22.772278,42.881405
543903,70.800003,29.200001,46.954655
543905,46.228123,53.771877,36.68364
544001,63.473465,36.526535,32.909958
544002,64.042305,35.957695,28.896435
550000,29.333334,70.666664,19.292604
550100,66.958595,33.041401,31.633295
550201,43.906654,56.093346,39.420784
550202,58.18182,41.81818,26.043493
550300,60.699665,39.300335,34.720249
550400,70.137527,29.862476,34.531887
550500,61.488674,38.511326,36.921974
550601,50.266525,49.733475,31.59845
550602,71.296295,28.703703,34.170006
550700,61.526947,38.473053,29.750593
550800,60.869564,39.130436,35.409378
550901,47.742413,52.257587,32.530701
550902,43.526039,56.473961,35.390598
551000,59.874493,40.125507,38.617249
551101,47.146935,52.853065,35.164284
551102,33.947369,66.052635,37.284145
551201,65.235458,34.764542,36.733654
551202,55.357143,44.642857,33.483921
551300,58.538082,41.461918,31.630075
551401,43.771275,56.228725,30.906796
551402,71.170517,28.829479,30.251366
551501,47.264904,52.735096,32.975273
551502,61.840122,38.159878,31.097561
551600,100,0,18.75
551700,51.482597,48.517403,36.755646
551800,50.447166,49.552834,39.111282
551900,63.0257,36.9743,31.41861
552001,60.723984,39.276016,27.645735
552002,45.016285,54.983715,38.558151
552100,65.931038,34.068966,35.302711
552200,32.508533,67.49147,38.169678
552301,51.035675,48.964325,36.028191
552302,61.115135,38.884865,36.738495
552400,47.923325,52.076675,35.581661
552601,44.766354,55.233646,39.158279
552602,51.128204,48.871796,41.577824
552700,48.976181,51.023819,33.799435
552800,50.13876,49.86124,35.47752
552900,55.957348,44.042652,31.898846
553000,74.483894,25.516102,25.500105
553100,61.097851,38.902149,24.929346
553200,62.831459,37.168541,28.982676
553300,58.083252,41.916748,30.845028
553400,59.250202,40.749798,33.820286
553502,44.853443,55.146557,35.832928
553503,39.439438,60.560562,37.220566
553504,41.657539,58.342461,42.703461
553601,41.186344,58.813656,37.660694
553602,39.523518,60.476482,31.348143
553701,39.921394,60.078606,44.918034
553702,32.461239,67.538757,41.140125
553801,28.263708,71.73629,35.895031
553802,40.26923,59.73077,44.391327
553901,36.928387,63.071613,32.7957
553902,33.004925,66.995071,32.114609
554001,72.8022,27.197802,28.646379
554002,46.482178,53.517822,36.160107
554101,20.792683,79.207314,37.857803
554103,45.744682,54.255318,34.944237
554104,50.834259,49.165741,33.886166
554105,40.215439,59.784561,26.248821
554201,55.199116,44.800884,22.828283
554203,51.923077,48.076923,23.002863
554204,37.898685,62.101315,25.254679
554301,38.621201,61.378799,36.263439
554302,51.842331,48.157669,30.987785
554403,44.479897,55.520103,26.296358
554404,47.723293,52.276707,27.524704
554405,49.491871,50.508129,31.92732
554406,44.870792,55.129208,26.850294
554511,63.983051,36.016949,46.941818
554512,81.977135,18.022865,49.418411
554513,68.372482,31.627518,46.929134
554514,66.714836,33.285164,42.768852
554515,87.542854,12.457143,44.158466
554516,89.044434,10.955569,44.166668
554517,69.299744,30.700256,54.050312
554518,74.415039,25.584963,47.503643
554519,85.194321,14.805676,46.235027
554521,80.705879,19.294117,34.916203
554522,81.287422,18.712574,38.754593
554600,44.790775,55.209225,50.868809
554700,50.342857,49.657143,34.462387
554801,41.868931,58.131069,48.257687
554802,59.158096,40.841904,51.158966
554900,56.957928,43.042072,50.885139
555001,50.728279,49.271721,36.431839
555002,42.159763,57.840237,21.813488
555102,44.279068,55.720932,46.62426
555103,66.279068,33.720932,36.254715
555104,40.833843,59.166157,40.713928
555202,68.955223,31.044777,10.10558
555211,34.3083,65.691696,45.275589
555212,32.547771,67.452232,33.101414
570001,74.62236,25.377644,22.466063
570002,71.816284,28.183716,15.382145
570003,79.141106,20.858896,20.546219
570100,72.439758,27.560242,21.126312
570202,49.48064,50.51936,34.33852
570203,36.152695,63.847305,34.530888
570204,58.738739,41.261261,28.483448
570301,28.898129,71.101868,36.591862
570303,39.69957,60.30043,33.533222
570304,35.842987,64.157013,30.814991
570402,48.267624,51.732376,24.46653
570403,37.083755,62.916245,36.280434
570404,45.28302,54.71698,34.837166
570501,38.962826,61.037174,31.411272
570502,56.448597,43.551403,32.766804
570601,52.986858,47.013142,29.219759
570602,48.812569,51.187431,39.352982
570603,63.13253,36.86747,16.487883
570701,65.710472,34.289528,24.08419
570702,83.850929,16.149069,20.302649
570800,80.530975,19.469027,13.746959
570901,81.536552,18.463446,13.673331
570902,64.055298,35.944702,17.476511
571000,83.516487,16.483517,7.8272839
571101,70.361992,29.638008,9.2526693
571102,56.448597,43.551403,13.170852
571200,82.46817,17.531832,12.483189
571300,66.928108,33.071896,17.129423
571400,91.717789,8.2822084,13.680235
571502,70.36364,29.636364,24.526199
571503,82.085022,17.91498,23.523809
571504,65.732964,34.26704,22.705109
571600,46.689896,53.310104,14.63539
571701,45.614975,54.385025,29.743916
571703,49.427483,50.572517,27.038183
571704,49.759449,50.240551,38.128929
571800,75.581398,24.418604,16.18062
571900,62.270271,37.729729,15.717927
572001,61.218838,38.781162,13.323491
572002,75.017693,24.982307,25.377155
572100,63.57143,36.42857,25.998142
572201,62.990089,37.009911,33.912918
572202,65.462959,34.537037,28.97773
572301,54.235294,45.764706,44.328552
572302,65.772758,34.227242,38.163212
572400,70.059883,29.940121,27.422003
572500,76.35659,23.643412,17.217216
572600,62.771137,37.228863,40.217197
572700,64.881439,35.118561,43.269062
572800,62.5,37.5,5.3794427
572900,31.996435,68.003563,40.740742
573002,26.889631,73.110367,39.951897
573003,48.605579,51.394421,24.900793
573004,31.352619,68.647377,28.606575
573100,41.082924,58.917076,34.989403
573201,44.202503,55.797497,37.208832
573202,33.516949,66.483047,35.563591
573300,55.808235,44.191765,37.129166
573401,64.705879,35.294117,27.190542
573402,60.451679,39.548321,28.640192
573403,53.326511,46.673489,29.129398
573601,79.6875,20.3125,12.625349
573700,62.408222,37.591778,13.782635
573800,78.37838,21.621622,6.7641683
573902,78.039215,21.960785,11.904762
574000,66.533867,33.466137,9.0060997
574100,79.29155,20.708447,6.9705601
574201,82.577568,17.422434,13.688337
574202,69.677422,30.32258,14.43203
574300,85.059174,14.940828,11.034933
574400,68.155342,31.84466,9.6986818
574500,73.535355,26.464647,8.0396299
574601,22.983871,77.016129,11.577965
574602,86.166008,13.833992,19.812059
574700,78.571426,21.428572,9.2105265
574800,65.342957,34.65704,9.4993143
574901,70.890411,29.109589,7.7783699
574902,40,60,22.618303
575001,58.807945,41.192055,20.499592
575002,52.566372,47.433628,23.664921
575101,38.82716,61.17284,37.656902
575102,57.808857,42.191143,40.215607
575103,37.434093,62.565907,22.778223
575201,50.388458,49.611542,38.98745
575202,44.499588,55.500412,48.389034
575300,34.117104,65.882896,41.880672
575401,13.005551,86.994446,48.277184
575402,15.235929,84.764069,41.672588
575500,0,100,40.540539
575801,14.452214,85.547783,37.964603
575802,25.646124,74.353874,38.091633
575803,27.637314,72.362686,39.771152
575901,29.738562,70.261436,27.280832
575902,37.926235,62.073765,30.580975
576001,57.142857,42.857143,29.952047
576200,26.89122,73.10878,32.548527
576301,37.788017,62.211983,32.443401
576302,33.818436,66.181564,32.173912
576401,21.7714,78.2286,42.449066
576402,33.770321,66.229683,39.061859
576403,40.039448,59.960552,36.357117
576501,37.648457,62.351543,26.815287
576502,42.650333,57.349667,18.96916
576503,44.876324,55.123676,20.18545
576601,31.451612,68.548386,11.111111
576602,53.429028,46.570972,14.707952
576700,53.195488,46.804512,12.962963
576801,55.831741,44.168259,24.78673
576802,58.921162,41.078838,18.862511
576901,36.665348,63.334652,37.93465
576903,17.429405,82.570595,22.980532
576904,58.747993,41.252007,19.777779
577000,51.745068,48.254932,18.297932
577100,62.148964,37.851036,11.315281
577200,68.551239,31.448763,10.721727
577300,48.96373,51.03627,7.0118074
577400,71.118011,28.881989,10.830811
577501,72.292191,27.707809,11.233729
577504,52.35294,47.64706,11.748446
577602,41.486809,58.513191,12.182296
577603,70.431213,29.568789,12.064908
577604,73.170731,26.829268,12.480974
599000,46.028709,53.971291,29.263512
599100,38.18182,61.81818,11.156187
600100,28.213507,71.786491,26.024096
600201,23.227549,76.772453,33.273422
600202,35.192307,64.807693,23.433979
600302,46.496815,53.503185,16.405434
600303,34.582943,65.417061,26.437067
600304,33.663368,66.336632,23.118742
600400,69.653183,30.346821,8.6478376
600501,84.134613,15.865385,15.034333
600502,41.666668,58.333332,22.69248
600601,85.245903,14.754098,4.5488443
600602,20.853659,79.146339,33.401222
600702,25.449871,74.550125,16.613281
600703,44.444443,55.555557,4.7619047
600704,75.746269,24.253731,8.0698586
600801,33.108109,66.891891,13.230036
600802,48.019802,51.980198,8.0961924
600902,41.140938,58.859062,22.993828
600911,48.41629,51.58371,25.8253
600912,48.661694,51.338306,40.747364
601001,58.704453,41.295547,24.924318
601002,40.805717,59.194283,28.515842
601100,38.674034,61.325966,35.682602
601202,39.408283,60.591717,43.167305
601211,36.547619,63.452381,27.477919
601212,27.46114,72.538857,39.099266
601301,66.666664,33.333332,22.606924
601302,45.398773,54.601227,19.257023
601303,50.359711,49.640289,20.161625
601401,39.301971,60.698029,25.394991
601402,52.94677,47.05323,41.646873
601501,27.231892,72.768105,44.838871
601502,35.401253,64.598747,42.093914
601600,31.093674,68.906326,49.168072
601700,27.152864,72.847137,43.580536
601801,32.02454,67.975464,44.329617
601802,31.980677,68.019325,50.352711
601900,28.797028,71.202972,40.477535
602002,42.179394,57.820606,44.01305
602003,30.270794,69.72921,41.178814
602004,35.873016,64.126984,38.209606
602103,41.831684,58.168316,43.588161
602104,38.020012,61.979988,32.224674
602105,34.424377,65.575623,39.377777
602106,51.950619,48.049381,36.552345
602200,45.74028,54.25972,28.871641
602301,75.824745,24.175259,30.469608
602302,74.835312,25.16469,19.874313
602402,61.420429,38.579571,35.657341
602403,34.089001,65.910995,43.356388
602404,47.981689,52.018311,38.914978
602504,42.827587,57.172413,34.392788
602505,33.542538,66.457458,34.797379
602506,33.981339,66.018661,29.387569
602507,36.518219,63.481781,29.723225
602508,37.840065,62.159935,34.926575
602509,48.007591,51.992409,38.655258
602600,52.937111,47.062889,16.837328
602700,57.653061,42.346939,10.403397
602801,18.950239,81.049759,38.312874
602802,43.554443,56.445557,20.888889
602900,40.517761,59.482239,39.613644
603001,49.326805,50.673195,34.869823
603004,51.451187,48.548813,49.934124
603005,47.52528,52.47472,33.250751
603006,51.828499,48.171501,38.29068
603101,52.307693,47.692307,31.777071
603102,65.463554,34.536446,37.800964
603200,64.2528,35.747204,47.291409
603301,58.470665,41.529335,42.256268
603302,53.523693,46.476307,36.700111
603400,60.240963,39.759037,29.60321
603500,80.129242,19.87076,40.391518
603600,64.285713,35.714287,29.942966
603702,74.418602,25.581396,33.646324
603703,61.452515,38.547485,33.508049
603704,36.472851,63.527149,31.926971
603801,30.945871,69.054131,38.231606
603802,46.031746,53.968254,39.873417
603900,42.256638,57.743362,36.668468
604001,47.175667,52.824333,32.743904
604002,46.280991,53.719009,31.245966
604100,43.229168,56.770832,44.251625
609900,57.823128,42.176872,32.710281
620001,35.330261,64.669739,15.854847
620002,72.570198,27.429806,13.945783
620101,48.76141,51.23859,13.65984
620102,68.623024,31.376976,11.394032
620201,52.777779,47.222221,7.4688797
620301,75.906738,24.093264,7.6648135
620303,66.349205,33.650795,7.1803055
620305,54.243542,45.756458,9.4260874
620400,80.808083,19.191919,15.236629
620501,59.788361,40.211639,18.040089
620521,59.095802,40.904198,24.117342
620522,64.317978,35.682022,23.498196
620601,62.596733,37.403267,20.887213
620602,64.928909,35.071091,23.191061
620701,78.366913,21.633085,13.999406
620702,54.594181,45.405819,18.971529
620800,71.235649,28.764349,17.734404
620901,81.164383,18.835617,10.406272
620904,44.565216,55.434784,6.9988589
621001,77.546776,22.453222,10.592381
621002,67.826088,32.173912,11.511512
621004,52.439026,47.560974,7.2824159
621102,73.493973,26.506023,10.682111
621104,50.350632,49.649368,10.81122
621201,65.279297,34.720699,14.615015
621204,39.034481,60.965519,23.615635
621301,47.878788,52.121212,18.059927
621324,52.790699,47.209301,21.414343
621326,63.694267,36.305733,15.457828
621400,56.790123,43.209877,12.572062
650001,45.454544,54.545456,33.393829
650003,66.338799,33.661201,29.364571
650004,55.626133,44.373867,28.787878
650101,58.565022,41.434978,18.3358
650102,66.26506,33.73494,22.182629
650200,66.838379,33.161621,25.239721
650300,67.013374,32.986626,29.911112
650401,67.722076,32.277924,24.631716
650501,69.41964,30.580357,14.303959
650502,74.521736,25.47826,26.20784
650602,40.231285,59.768715,42.438332
650603,59.264816,40.735184,34.462254
650604,54.533897,45.466103,39.764111
650605,42.464737,57.535263,45.863125
650701,45.860928,54.139072,24.643003
650702,76.483276,23.51672,19.602453
650800,49.241966,50.758034,48.117886
650901,51.302605,48.697395,24.53294
650902,55.193993,44.806007,25.941559
651001,54.576271,45.423729,19.19948
651002,58.836208,41.163792,28.419764
651101,64.518578,35.481426,24.663425
651102,65.316902,34.683098,28.854458
651201,80.96357,19.036428,17.957375
651221,67.903107,32.096897,39.813141
651222,38.004337,61.995663,36.927265
651302,82.033897,17.966103,18.414482
651304,84.754097,15.245902,13.701707
651401,72.120201,27.879799,23.836052
651402,56.294735,43.705265,36.884609
670001,41.420765,58.579235,26.009096
670002,56.010929,43.989071,18.00738
670003,59.313366,40.686634,24.424622
670100,34.949493,65.050507,29.053558
670201,60.170696,39.829304,18.504869
670202,80.871216,19.128788,19.483395
670324,68.376068,31.623932,13.435407
670326,70.816048,29.183956,20.72821
670328,80.947258,19.052746,18.955315
670403,66.030991,33.969009,31.505821
670405,58.65696,41.34304,40.873016
670406,78.32061,21.67939,34.840427
670407,61.093681,38.906319,37.220554
670411,72.111206,27.888792,26.170986
670413,63.446156,36.553844,33.149734
670416,78.899086,21.100918,34.235321
670500,87.811638,12.188366,19.835165
670602,78.58696,21.413044,24.2169
670701,83.65731,16.342693,19.654734
670702,90.79229,9.2077084,17.354143
700101,61.239315,38.760685,41.153709
700102,83.607727,16.392269,37.766964
700200,64.209778,35.790218,20.795874
700300,62.1875,37.8125,16.904385
700400,76.221802,23.778196,19.992483
700501,50.36232,49.63768,21.063343
700502,50.306747,49.693253,26.973995
700600,83.315277,16.684723,36.934772
700700,81.043045,18.956953,33.761879
700801,77.024422,22.975578,50.242168
700802,70.384918,29.615082,37.244003
700901,67.781158,32.218845,34.897903
700902,61.322262,38.677738,43.771843
701000,72.109322,27.89068,25.707079
701100,61.654137,38.345863,13.461538
701201,62.593143,37.406857,16.733168
701202,55.381603,44.618397,15.665236
701302,47.897434,52.102566,20.448826
701304,85.683914,14.316088,22.396826
701402,47.543159,52.456841,24.235598
701501,56.165615,43.834385,22.945065
701502,46.39397,53.60603,22.493946
701601,59.280304,40.719696,22.680412
701602,64.550262,35.449734,25.790312
701701,60.038059,39.961941,29.373953
701702,51.141552,48.858448,34.21875
701801,51.306622,48.693378,38.491199
701802,46.167099,53.832901,26.518959
701902,67.718666,32.281334,26.236101
702002,43.607113,56.392887,19.680054
702102,68.271713,31.728289,18.907495
702201,57.369942,42.630058,13.887217
702202,75.595917,24.404087,22.360407
702300,81.331596,18.668407,21.37575
702400,68.275864,31.724138,24.387314
702501,75.815216,24.184782,16.636528
702502,69.16951,30.83049,20.653196
702600,74.88372,25.11628,21.575514
702700,72.137932,27.862068,19.058886
702801,60.863308,39.136692,24.693552
702802,48.976379,51.023621,26.088743
702803,37.910797,62.089203,26.509024
702901,49.188728,50.811272,25.212618
703001,50.42683,49.57317,27.86746
703002,83.23896,16.761042,11.365685
703100,41.237114,58.762886,5.2679219
703200,62.987015,37.012985,10.058785
800101,63.518196,36.481804,20.432011
800102,69.710274,30.289728,16.569683
800202,70.464676,29.535328,25.695126
800203,69.237015,30.762987,22.920931
800204,76.373299,23.626698,35.344467
800324,80.605484,19.394512,16.479576
800325,86.855667,13.14433,11.233353
800326,64.87603,35.123966,18.873075
800327,44.399185,55.600815,26.04314
800328,53.703705,46.296295,29.782833
800329,72.749794,27.250206,17.991383
800330,42.477875,57.522125,10.492107
800331,66.497459,33.502537,23.094959
800332,91.959801,8.0402012,15.142292
800406,72.252747,27.747253,13.663664
800408,64.272728,35.727272,15.056118
800410,47.51553,52.48447,15.695832
800504,40.64838,59.35162,17.634125
800506,49.436935,50.563065,27.139364
900102,22.695036,77.304962,20.40521
900103,34.412472,65.587532,14.030955
900104,57.854076,42.145924,18.705845
900201,49.640289,50.359711,13.137997
900300,38.034866,61.965134,14.613247
900501,55.364239,44.635761,11.743662
900504,45.229683,54.770317,13.489038
900505,33.984375,66.015625,19.038176
900506,73.367699,26.632303,12.004951
900507,35.416668,64.583336,16.425856
900508,39.869282,60.130718,13.062037
900602,34.354069,65.645935,18.44986
900605,41.650101,58.349899,12.682804
900606,46.268658,53.731342,9.656498
900607,28.79257,71.207428,8.8420477
900608,66.459625,33.540371,9.0678682
900609,47.708897,52.291103,13.25
900701,38.73122,61.26878,13.952947
900703,68.099174,31.900826,16.224188
900704,44.25428,55.74572,14.300699
900705,73.497269,26.502731,8.8878098
900803,68.908119,31.091877,15.71294
900804,43.75,56.25,17.521902
900805,64.543892,35.456112,13.201545
900806,60.547947,39.452053,8.3908043
900900,67.540985,32.459015,8.465168
901003,13.953488,86.046509,14.620616
901004,67.493111,32.506886,11.690822
901007,79.901962,20.09804,9.864603
901008,62.004662,37.995338,14.572011
901009,47.494305,52.505695,15.227194
901010,31.354982,68.64502,14.794566
901011,68.978104,31.021898,10.907643
901101,53.57143,46.42857,10.13269
901102,54.813358,45.186642,9.2951059
901205,69.617897,30.382107,9.216629
901209,39.805824,60.194176,8.6773376
901210,46.391754,53.608246,6.2419562
901213,65.800865,34.199135,6.3253012
910001,46.148602,53.851398,24.692812
910002,64.389923,35.610081,21.123407
910101,31.657356,68.342644,31.945271
910201,53.291138,46.708862,21.745113
910202,65.91449,34.08551,15.286856
910205,59.885387,40.114613,25.624083
910206,68.391869,31.608133,31.217543
910207,59.237724,40.762276,26.095753
910208,65.523575,34.476425,24.908482
910209,50.628365,49.371635,25.82889
910210,75.78125,24.21875,16.197975
910301,82.46154,17.538462,7.6923075
910302,70.212769,29.787233,18.108582
910401,60.257328,39.742672,20.489162
910402,27.578476,72.421524,24.902288
910403,14.920274,85.079727,36.266006
910404,60.469482,39.530518,28.7062
910501,29.213484,70.786514,20.241428
910502,21.321321,78.67868,26.344936
910504,46.513298,53.486702,28.811102
910505,49.126892,50.873108,28.173172
910601,36.206898,63.793102,31.364393
910602,55.615944,44.384056,27.836611
910603,50.514904,49.485096,27.204365
910605,54.921803,45.078197,22.855341
910606,37.338261,62.661739,32.144978
910705,47.989056,52.010944,28.298235
910706,46.525383,53.474617,32.879597
910707,52.777779,47.222221,23.524286
910709,39.575974,60.424026,16.617733
910711,55.961166,44.038834,28.620651
910712,58.287796,41.712204,21.320389
910713,43.910431,56.089569,30.14488
910714,42.232632,57.767368,31.160301
910715,50.317123,49.682877,29.59487
910716,58.711372,41.288628,26.858555
910804,81.25,18.75,12.72036
910805,56.633663,43.366337,10.481527
910807,75.878006,24.121996,17.336966
910808,75.983437,24.016563,13.887292
910809,90.760872,9.23913,16.765375
910810,68.85714,31.142857,12.127512
910811,,,0
910812,100,0,8
910813,62.05357,37.94643,5.922792
911001,39.388794,60.611206,14.411549
920011,50,50,12.363636
920012,80,20,9.4621515
920013,65.054291,34.945705,20.66925
920015,76.884918,23.11508,16.171988
920016,80.511185,19.488817,12.148263
920017,72.013649,27.986347,18.304873
920018,50.442478,49.557522,9.6539936
920020,54.826256,45.173744,18.114422
920023,33.807106,66.192894,32.605099
920026,51.612904,48.387096,8.2666664
920028,79.029602,20.970394,18.985168
920029,56.292908,43.707092,25.303995
920030,51.984734,48.015266,21.649315
920031,87.516426,12.483574,14.415609
920032,82.48175,17.518248,16.965944
920033,19.101124,80.89888,12.059621
920034,75.407776,24.59222,21.264675
920035,46.160301,53.839699,29.463402
920036,52.934784,47.065216,27.511961
920037,36.112148,63.887852,34.627831
920038,54.507915,45.492085,31.334915
920039,78.8162,21.1838,15.469879
920040,60.173698,39.826302,22.839331
920041,63.99287,36.00713,18.22612
920042,77.024651,22.975351,16.061077
920043,70.562294,29.437706,29.103161
920044,76.427254,23.572744,18.762959
920045,75.971733,24.028269,17.214111
920102,51.554405,48.445595,27.361332
920104,80.825958,19.174042,11.315086
920106,46.040726,53.959274,27.025375
920107,75.071022,24.928978,29.85581
920108,48.460773,51.539227,22.659765
920109,69.230766,30.76923,19.08646
920110,56.055901,43.944099,18.222977
920111,84.221748,15.778252,14.702194
920112,77.931038,22.068966,14.503626
920114,65.284607,34.715389,20.883474
920115,46.688206,53.311794,15.463403
920116,89.828575,10.171429,17.20409
920118,78.579002,21.420998,15.044671
920119,81.543625,18.456375,14.593535
920200,14.05868,85.941322,13.518427
920303,82.476639,17.523365,30.419333
920312,43.53804,56.46196,19.757334
920313,59.724953,40.275047,18.185066
920314,69.052223,30.947775,17.561142
920322,89.884392,10.115607,11.626344
920326,69.336777,30.663221,17.456022
920328,56.735752,43.264248,18.477741
920329,54.490105,45.509895,11.26157
920330,66,34,21.555441
920331,78.947365,21.052631,15.46152
920332,76.966293,23.033709,14.401295
920334,60.18137,39.81863,19.367716
920336,16.401516,83.598488,41.496384
920337,26.948389,73.051613,38.243477
920338,66.53595,33.464054,23.861509
920339,55.273548,44.726452,24.62842
930101,87.878784,12.121212,21.019108
930200,66.666664,33.333332,14.285714
930301,57.142857,42.857143,8.8607597
980001,,,
980002,,,
980003,,,
980004,,,
980005,,,
980006,,,
980007,,,
980008,42.857143,57.142857,39.516129
980009,,,
980010,58.208954,41.791046,48.201439
980013,,,
980014,,,0
980015,61.224491,38.775509,14.121037
980018,,,
980019,100,0,7.4766355
980020,,,
980021,,,
980022,,,
980023,,,
980024,72.413795,27.586206,11.788618
980025,,,
980026,,,0
980028,,,
980030,,,
980031,47.058823,52.941177,14.782609
980033,,,
990300,,,
