Area,Divorced_Separated,Married,Never_Married,Widowed
101110,11,51,32,6
101122,13,62,23,3
101210,14,37,42,7
101220,13,56,26,5
101300,9,54,31,6
101400,17,44,36,4
102103,12,50,32,6
102104,9,53,33,5
102105,17,41,40,3
102107,12,44,36,8
103101,12,52,28,7
103102,10,46,38,6
103200,15,42,33,10
103300,11,55,28,5
103400,15,50,32,4
104103,9,47,40,5
104105,8,43,44,4
104108,16,41,40,4
104124,10,50,36,4
104201,10,37,49,4
104203,7,48,42,3
104204,13,38,43,5
104310,8,40,45,6
104320,10,36,49,5
104401,6,49,42,3
104403,8,48,37,7
104404,6,45,47,2
104500,10,38,50,3
104610,12,37,45,6
104620,10,49,38,2
104701,8,40,49,2
104703,12,43,42,3
104704,11,34,50,5
104810,10,40,46,4
104821,9,40,45,6
104822,9,38,48,4
106010,9,43,42,6
106020,16,46,34,3
106111,13,46,38,3
106112,10,48,39,3
106113,10,51,35,4
106114,15,40,42,3
106403,9,46,42,4
106405,11,45,39,4
106406,9,51,36,4
106407,16,33,43,8
106408,16,41,41,2
106510,9,46,42,3
106520,8,41,45,7
106603,4,62,28,5
106604,11,42,42,5
106641,5,65,26,4
106642,4,57,33,6
106643,6,56,34,5
106645,5,65,23,7
106646,13,46,33,7
106648,13,43,43,2
106649,7,51,38,4
107010,12,42,42,4
107020,6,47,44,3
108101,7,65,23,6
108102,12,56,27,6
108103,3,63,28,6
108104,8,60,26,5
108201,7,68,18,7
108202,7,65,21,7
109100,9,47,32,12
109200,12,56,28,5
109300,9,50,36,6
109400,14,46,33,6
109500,9,45,42,4
109601,13,45,35,6
109603,17,37,39,7
109604,12,48,36,4
109700,10,48,36,6
109800,14,49,30,7
111100,8,56,33,3
111201,7,50,35,9
111202,13,45,35,7
111204,6,61,30,4
111205,9,47,41,4
111206,8,57,28,7
111301,13,48,34,5
111302,14,36,42,8
111400,11,50,32,7
113101,6,57,30,7
113102,10,55,30,5
113211,11,57,26,6
113212,10,47,38,5
113213,18,44,34,5
113231,14,57,23,6
113232,9,59,25,7
113233,14,36,47,3
113234,14,44,37,5
113235,19,43,33,5
113237,17,43,33,7
113301,7,55,30,8
113303,11,45,36,8
113321,13,45,40,3
113322,8,54,31,6
113401,10,48,34,8
113421,13,44,40,4
113422,12,46,37,5
115101,9,54,30,7
115103,1,5,94,0
115104,8,28,58,5
115201,11,33,52,3
115202,11,37,48,3
115301,13,47,34,7
115302,8,45,43,4
115401,9,45,43,2
115403,11,39,45,5
115404,18,37,41,4
117101,8,53,34,5
117102,16,37,43,4
117201,11,43,41,5
117202,10,53,33,4
117301,8,51,35,7
117302,7,54,32,7
117303,6,50,36,8
117404,12,43,38,7
117405,7,39,52,3
117407,7,45,46,1
117408,14,27,57,3
117510,10,36,50,3
117520,10,36,51,3
117530,12,34,51,3
119001,4,51,38,7
119002,6,46,42,6
119201,8,52,37,3
119202,13,45,40,3
119310,10,48,36,6
119320,11,43,42,3
119340,8,42,47,3
119341,10,42,43,5
119342,11,43,43,3
119400,10,44,42,5
119700,10,52,33,5
119800,8,44,44,5
119900,7,50,38,4
120010,10,46,40,4
120020,5,49,43,3
120030,11,39,47,4
120103,10,37,51,1
120104,11,36,48,5
120105,8,44,42,6
120106,7,39,51,3
120107,10,40,48,1
120108,10,37,49,5
120300,12,48,37,3
120400,9,41,43,7
121010,11,45,40,5
121020,9,45,43,3
121101,10,44,41,4
121102,15,48,34,3
121210,9,41,44,6
121221,8,47,41,5
121222,12,40,47,1
121600,8,50,36,7
121801,13,38,46,3
121802,11,38,46,5
121900,12,36,46,6
122000,10,42,39,9
122120,8,42,45,5
122121,10,38,43,9
122122,13,30,52,5
122200,7,54,38,2
122410,10,34,52,4
122420,9,44,46,0
123010,9,39,48,4
123020,8,36,53,3
123103,11,41,41,7
123104,18,33,44,5
123203,6,37,55,2
123204,12,42,45,1
123205,13,40,44,4
123206,13,36,45,6
123301,10,39,45,6
123303,13,44,37,5
123304,9,48,35,8
123410,13,37,48,2
123420,10,44,42,4
123510,12,45,36,7
123520,11,44,41,4
123601,11,46,37,6
123602,12,38,44,6
123700,9,41,42,7
123800,15,37,44,4
123901,10,49,39,3
123902,18,45,33,4
124000,18,39,35,8
124102,9,36,50,5
124103,7,49,41,4
124104,7,30,61,2
124105,6,40,52,1
124201,6,55,33,6
124203,10,39,48,2
124204,11,35,52,2
124300,16,40,38,6
124400,7,48,43,3
124500,15,46,35,4
124600,20,44,34,2
124700,13,46,38,3
124902,18,24,50,9
124903,24,25,45,6
125100,16,40,41,3
125200,16,36,46,2
125310,16,26,54,4
125320,10,29,56,4
125401,11,31,58,0
125402,9,32,58,2
125501,11,33,50,6
125502,21,24,51,4
125600,15,44,36,5
127102,17,32,45,5
127103,17,28,51,4
127104,9,35,52,3
127210,10,38,48,4
127220,17,36,39,7
127300,10,37,49,4
127400,7,44,46,3
127520,14,30,53,3
127603,8,41,49,2
127604,19,35,38,8
127605,10,44,43,3
127606,12,36,46,5
127711,11,42,44,2
127712,16,41,39,4
127803,12,42,39,8
127804,14,43,41,2
127805,14,41,42,4
127806,13,33,49,6
127910,11,35,50,4
127920,10,50,38,2
128101,14,39,44,2
128102,11,34,52,3
128210,11,34,51,3
128220,21,34,44,2
128302,8,37,52,4
128303,11,33,51,5
128400,16,43,38,4
128500,17,37,43,4
128601,11,35,50,4
128602,16,39,42,3
128702,21,39,37,3
128801,14,37,43,6
128802,16,33,41,10
128910,15,47,36,2
131010,10,36,48,5
131020,11,44,42,3
131100,15,43,36,6
131200,12,43,40,6
131300,8,44,41,7
131400,14,40,40,6
131600,8,43,44,5
131701,13,43,40,4
131702,16,44,37,3
131800,16,38,41,5
131900,10,49,34,6
132001,17,55,25,3
132002,11,40,39,9
132101,11,40,42,7
132102,17,37,41,4
132300,11,41,43,5
132501,15,36,37,12
132502,13,37,44,5
132700,12,40,42,7
132900,12,48,33,7
133000,12,46,33,9
133100,12,37,40,11
134001,10,42,44,4
134002,13,42,41,5
134101,12,45,39,3
134103,14,43,37,5
134104,13,45,38,5
134201,18,37,39,5
134302,12,48,33,7
134303,15,41,40,5
134304,11,47,32,10
134305,13,36,47,4
134306,13,36,39,12
134421,9,54,29,7
134422,13,51,29,6
134423,12,54,26,8
134424,4,69,25,2
134520,16,34,46,5
134521,11,36,51,2
134522,12,41,44,3
134710,11,36,50,3
134720,12,44,40,4
134800,7,52,38,3
134901,14,53,29,4
134903,9,39,49,3
134904,14,41,44,2
134905,19,30,47,4
135102,15,46,33,6
135111,13,52,30,5
135113,19,40,35,6
135114,16,44,36,4
135201,16,52,25,6
135202,10,48,36,5
135203,12,53,30,6
137000,11,58,24,6
137103,24,34,36,6
137104,15,45,35,6
137201,20,45,31,5
137301,8,61,28,3
137302,9,56,28,7
137401,19,51,25,5
137402,14,48,27,11
137501,8,52,36,4
137502,16,51,25,8
137504,11,54,30,5
138000,14,54,30,3
139001,13,56,27,4
139200,16,43,38,3
139301,13,51,29,6
139302,20,33,43,4
139303,17,31,46,6
139401,20,40,33,6
139402,7,60,27,5
139502,10,64,20,6
139503,15,38,42,5
139504,21,44,28,7
139600,16,52,26,6
139701,8,57,27,9
139702,9,68,19,5
139703,4,70,22,4
139801,4,68,19,9
139802,9,60,23,7
141101,9,42,44,5
141102,18,53,25,4
141201,11,44,43,3
141202,23,41,31,5
141302,15,36,44,6
141303,19,43,34,4
141304,17,44,31,7
141400,14,48,29,9
141500,9,60,22,9
141600,12,58,26,5
141700,11,58,27,4
143100,13,35,46,6
143200,14,33,52,1
143300,13,41,41,4
143400,16,39,39,6
143500,14,42,40,4
143602,15,41,40,4
143603,9,35,55,1
143604,13,26,60,2
143700,8,44,45,3
143800,12,48,37,4
143901,14,57,25,4
143902,13,45,36,6
181000,8,49,37,6
181300,10,49,35,6
181400,14,38,41,8
181500,15,40,35,11
181600,8,27,62,3
183101,8,45,43,5
183103,10,38,50,3
183104,12,47,34,7
183220,10,42,44,4
183221,16,39,43,3
183222,14,40,38,7
183300,8,40,46,5
183401,8,33,53,6
183402,12,38,44,5
183510,6,42,47,5
183520,11,31,54,4
183610,14,29,54,3
183620,10,42,46,2
183701,18,27,50,4
183702,13,45,36,6
183810,9,37,52,1
183820,10,39,45,5
185100,9,49,38,5
185202,15,36,48,1
185203,12,34,51,3
185204,11,50,31,9
185310,10,40,45,5
185320,9,37,48,5
186100,12,49,35,4
186201,11,39,40,11
186202,8,53,34,5
186203,7,50,37,6
186301,13,29,53,4
186302,12,44,40,4
186401,13,33,51,4
186403,14,40,42,4
186404,8,42,44,5
187101,7,37,47,9
187102,11,43,41,6
187200,11,43,42,5
187300,12,42,44,2
188100,11,44,41,5
188201,12,32,54,2
188202,11,43,40,6
188300,10,46,38,7
189101,12,28,54,6
189102,14,25,58,4
189201,9,25,61,5
189202,6,36,50,8
189300,11,51,33,6
189400,11,36,50,3
189500,13,24,62,2
189600,12,22,64,2
189701,14,41,41,4
189702,10,26,59,5
189800,14,24,59,4
189902,12,16,62,10
189903,14,22,61,3
189904,9,24,67,0
189905,11,29,55,5
190100,12,17,67,4
190201,6,16,70,8
190202,16,12,66,6
190301,13,23,59,5
190401,11,31,52,5
190402,11,34,49,6
190510,9,37,49,4
190520,10,38,46,6
190700,15,9,69,7
190801,11,22,59,8
190802,11,27,57,5
190901,13,29,53,5
190902,14,28,56,3
191000,11,25,60,4
191110,17,39,32,11
191120,10,38,46,6
191201,15,38,39,7
191203,12,34,49,5
191204,13,41,42,4
191301,9,35,51,6
191302,16,30,51,3
191410,9,33,54,4
191420,17,34,46,3
191500,11,42,43,5
191610,10,28,58,4
191620,13,23,54,10
191710,9,32,55,5
191720,10,41,47,2
191810,11,34,55,1
191820,10,29,57,3
191901,11,20,67,2
191902,15,37,43,5
192001,18,27,44,10
192002,17,27,52,4
192300,10,34,51,4
192410,7,38,52,4
192420,6,46,46,2
192510,13,44,40,4
192520,9,37,52,3
192610,10,42,46,2
192620,12,34,53,0
192700,14,19,65,3
194101,8,29,59,4
194102,10,42,44,3
194200,11,44,41,4
194300,15,36,42,7
194401,10,27,58,5
194402,7,22,69,2
194500,14,38,39,10
195100,8,47,42,4
195201,12,31,54,3
195202,6,49,38,6
195300,13,27,55,6
195400,11,33,55,2
195500,12,32,50,5
195600,8,36,53,3
195710,11,33,51,5
195720,14,29,53,4
195802,9,38,48,5
195803,11,33,51,5
195804,16,25,55,4
195901,5,23,67,6
195902,7,31,60,2
195903,10,38,50,3
197200,10,41,41,8
197300,8,29,57,6
197410,10,37,49,4
197420,12,33,52,3
197500,13,28,56,3
197600,11,31,53,4
197700,8,38,51,3
199000,8,42,46,4
199110,12,36,44,8
199120,7,42,43,8
199201,13,33,49,6
199202,9,45,41,5
199300,9,36,47,7
199400,10,38,47,4
199700,9,34,51,6
199800,8,44,39,9
199900,13,37,44,6
201110,12,38,42,8
201120,18,36,43,4
201200,8,50,39,3
201301,12,39,46,3
201302,18,37,38,7
201401,13,38,46,3
201402,10,38,42,9
201501,15,36,44,5
201503,12,34,51,3
201504,12,42,40,6
201601,10,34,45,10
201602,11,39,45,4
201700,9,32,56,3
203100,7,31,55,6
203200,9,39,48,4
203300,7,18,71,4
203500,16,30,48,6
203600,15,32,48,5
203710,11,32,52,6
203720,4,45,47,4
203800,11,43,41,5
203900,9,41,44,6
204110,6,42,48,4
204120,11,42,42,4
204200,10,33,52,4
204300,9,37,47,8
204410,12,30,53,5
204420,12,33,50,6
204600,7,44,47,2
204700,6,46,44,4
204810,11,36,49,5
204820,8,43,45,4
204910,10,44,43,4
204920,7,42,45,6
205110,8,38,50,4
205120,9,34,52,6
206010,9,40,46,5
206020,13,11,74,1
206031,11,34,53,3
206032,11,33,47,9
206050,11,33,47,9
206200,22,17,48,13
206300,19,3,71,6
207101,5,41,48,5
207102,7,52,28,13
207103,5,51,33,11
207301,17,18,62,3
207302,15,17,63,5
207400,24,32,40,3
207501,7,29,56,8
207502,12,36,29,23
207710,11,24,59,6
207900,7,39,52,2
208000,12,24,62,2
208301,9,25,65,1
208302,12,34,51,3
208401,7,38,48,6
208402,10,36,48,5
208501,18,31,44,7
208502,17,34,44,6
208610,9,39,46,7
208620,12,36,46,6
208710,10,39,46,5
208720,9,28,61,1
208801,8,28,59,5
208802,11,31,50,9
208902,7,34,58,2
208903,8,23,66,3
208904,9,32,52,6
209102,12,34,49,5
209103,7,24,67,2
209104,11,32,54,3
209200,7,26,63,3
209300,10,26,62,2
209401,10,25,57,8
209402,7,22,69,2
209403,9,22,60,9
209510,9,35,51,5
209520,10,28,60,1
209810,13,18,62,8
209820,12,32,54,3
210010,10,37,46,7
211000,11,60,23,5
211120,9,42,45,4
211121,12,39,45,4
211122,13,40,42,5
211201,10,32,57,1
211202,8,34,55,3
211310,9,43,47,1
211320,6,31,59,3
211410,14,41,39,6
211420,10,37,49,3
211500,12,48,36,4
211701,9,61,26,4
211703,12,34,50,4
211704,14,26,52,7
211802,16,38,44,2
211803,9,45,42,4
211804,9,43,46,3
211910,12,27,59,3
211921,9,39,50,3
211922,9,40,50,1
212101,8,31,57,4
212102,16,23,53,8
212202,9,25,61,5
212203,9,26,60,5
212204,5,33,57,5
212303,15,26,58,1
212304,7,24,62,6
212305,15,27,54,4
212306,12,44,39,5
212410,16,31,49,4
212420,10,33,54,3
212501,9,27,62,2
212502,11,35,51,3
212610,10,42,45,3
212620,13,37,45,5
212701,12,40,36,12
212702,14,42,38,6
212800,12,44,41,2
212900,12,36,48,4
213100,9,41,46,4
213201,10,42,44,5
213202,8,44,41,6
213310,12,35,42,11
213320,14,37,43,7
213401,11,36,50,3
213402,13,34,50,3
214000,7,51,35,7
214100,12,49,33,5
214400,8,32,60,1
214501,11,36,49,5
214502,5,34,58,3
214503,18,38,40,4
214600,14,37,44,6
214700,14,33,48,5
214800,12,24,59,4
214901,22,19,53,6
214902,12,35,51,2
215101,14,16,68,2
215102,8,24,65,3
216100,12,51,32,6
216200,17,26,56,1
216300,14,41,42,3
216401,6,39,50,6
216402,9,34,46,10
216700,12,31,51,6
216800,12,44,43,2
216900,13,44,34,9
217001,11,54,30,5
217002,18,34,43,6
217100,13,38,46,3
217200,15,34,47,4
218110,13,37,47,3
218120,7,38,50,4
218210,13,33,52,2
218220,10,41,42,6
218300,16,31,48,6
218400,13,38,45,4
218500,17,35,44,5
218600,9,35,51,5
218701,20,29,44,7
218702,20,25,51,4
218800,16,29,48,6
218900,12,28,57,2
219010,11,34,46,8
219020,14,37,45,4
219300,13,28,56,3
219500,16,38,36,10
219700,13,36,48,4
219800,11,40,44,5
219901,11,38,46,4
219902,7,41,48,3
220000,16,28,51,4
220100,18,29,45,8
221110,12,25,59,3
221120,12,32,50,6
221210,9,37,49,5
221220,11,38,47,4
221302,11,28,59,3
221303,11,31,53,5
221304,16,36,45,3
221401,15,25,46,14
221402,12,35,47,6
221500,14,24,54,8
221601,10,38,49,3
221602,8,36,53,3
221710,9,35,51,5
221810,7,18,73,2
221820,3,11,86,0
221900,3,13,80,4
222001,14,40,43,3
222002,12,36,46,6
222100,15,30,50,5
222200,6,33,59,3
222500,10,40,48,3
222600,5,27,65,3
222700,0,1,99,0
224010,20,15,59,6
224020,10,20,67,3
224200,6,29,62,4
224310,11,31,52,6
224320,5,29,61,5
224410,4,24,70,1
224420,10,22,65,4
224600,10,32,56,2
224700,1,3,96,0
226001,8,44,44,4
226002,13,19,66,2
226410,7,33,56,4
226420,6,38,54,2
226700,8,28,63,2
227010,10,35,53,2
227020,6,37,56,1
228100,8,38,52,1
228210,7,28,61,4
228220,5,27,65,2
228310,6,32,60,2
228320,7,29,61,2
228410,8,32,60,0
228420,8,32,60,0
228500,5,26,68,1
228600,4,33,60,3
228710,8,29,61,2
228720,6,29,63,2
228800,5,35,55,5
228900,7,30,62,1
229100,6,35,56,2
229200,10,35,48,7
229300,3,28,66,3
229410,8,33,57,2
229420,7,29,61,3
231100,13,21,64,2
231210,14,30,52,4
231220,14,29,55,3
231300,14,23,59,4
231400,15,34,46,5
231500,13,35,45,7
231600,8,31,57,3
231710,11,26,60,4
231720,8,31,59,2
231800,10,33,52,5
231900,10,32,53,5
232110,9,29,58,4
232120,10,32,53,5
232200,13,27,55,6
232300,6,30,57,6
232400,9,32,52,6
232500,12,30,51,6
232600,10,31,54,5
232700,8,34,55,4
232800,10,31,54,4
234000,13,33,47,7
234200,17,35,38,10
234300,21,26,50,4
234501,14,34,42,10
234502,15,30,44,11
234600,11,30,51,7
234700,16,30,48,6
234800,11,30,48,11
234901,16,26,52,5
234902,17,29,49,5
235100,15,31,47,6
235201,10,30,54,6
235202,11,30,53,6
236000,15,37,43,5
236100,22,23,47,8
236202,13,28,52,6
236203,18,22,52,7
236204,13,22,61,4
236400,18,34,42,6
237101,12,35,48,4
237102,12,29,53,6
237201,10,35,50,5
237202,8,36,50,6
237300,15,35,44,6
237401,10,36,49,4
237402,11,31,50,8
237500,12,35,51,1
237600,8,36,53,4
237710,9,33,53,4
237720,13,25,59,3
237800,11,36,49,5
237900,15,32,47,5
238000,17,24,46,13
238100,20,27,47,6
238200,14,37,41,8
238310,11,27,55,7
238320,12,32,54,2
238400,20,31,40,9
239201,10,30,56,5
239202,4,33,60,3
239310,8,34,53,4
239320,6,35,55,4
239330,7,35,55,3
239501,8,33,54,4
239502,12,32,52,5
239601,9,38,50,2
239602,8,28,61,3
239701,11,34,52,3
239702,14,23,57,6
239801,10,37,49,4
239802,16,32,51,1
240010,10,33,54,3
240020,8,36,52,4
240200,13,33,47,6
240300,11,39,45,5
240401,12,28,57,3
240402,15,33,45,7
240500,8,34,56,2
240600,10,31,54,6
240700,14,30,47,9
240800,7,29,60,4
240900,13,36,49,3
241001,10,29,57,3
241002,14,34,45,7
241110,11,32,52,6
241120,12,26,58,5
241201,11,34,48,7
241202,14,34,47,5
241300,8,38,52,2
241400,6,37,54,4
242000,11,29,55,5
242100,8,24,62,5
242200,11,33,53,4
242300,9,30,59,2
242600,8,21,69,2
242700,13,29,55,4
243000,7,35,55,4
243100,12,32,52,5
261101,12,62,23,3
261102,9,63,23,6
261200,8,57,30,5
262100,12,61,22,5
262200,8,65,20,6
262301,8,50,39,3
262302,15,54,26,4
262303,10,62,21,8
262400,7,72,15,5
262501,13,60,21,6
262601,7,71,19,3
262604,9,64,20,7
262704,14,56,26,4
262706,9,63,24,4
262802,11,67,18,4
264000,8,61,25,6
264102,14,33,51,3
264103,11,36,50,2
264301,8,30,57,5
264302,15,34,44,7
265100,11,43,25,21
265201,7,31,57,6
265202,9,35,47,9
265301,0,0,100,0
265303,0,2,98,0
265304,1,3,96,1
265305,3,11,86,0
265410,19,40,37,4
265420,7,55,34,4
265510,9,20,69,2
265520,11,38,46,5
265601,14,41,42,4
265602,8,55,28,9
265700,13,42,40,4
267100,8,41,46,5
267200,15,39,42,4
267300,9,29,58,4
267402,12,29,56,3
267403,9,24,65,2
267404,11,31,56,2
267501,12,39,49,1
267502,11,29,58,2
267600,13,36,47,4
267700,6,37,55,3
267800,7,51,33,9
267901,12,50,21,17
267902,14,42,39,5
269000,12,55,27,6
269100,10,45,38,7
269300,9,66,21,4
269500,6,69,19,7
269601,16,36,43,5
269602,13,29,51,7
269700,9,45,43,2
269800,12,30,53,4
269903,9,36,54,2
269904,18,21,59,2
269905,7,34,58,1
269906,14,43,42,1
269907,15,28,57,1
270100,12,32,55,1
270200,14,33,47,6
270300,13,36,48,3
271100,10,53,34,4
271200,8,37,54,1
271300,9,43,44,4
271400,10,59,26,5
271500,13,48,29,9
271600,8,53,37,2
271701,11,36,49,3
271702,7,50,41,2
271801,8,27,62,2
271802,15,30,53,2
271901,8,37,51,4
271902,11,48,38,3
272100,11,55,30,5
272201,8,29,60,3
272202,13,35,51,1
272301,13,35,46,6
272302,9,36,49,5
273100,9,49,38,4
273200,15,30,51,4
273300,11,29,59,1
273402,15,23,61,1
273502,11,30,57,2
273600,14,47,37,3
273700,9,45,44,2
273800,12,33,51,4
273902,15,30,53,3
274100,23,27,46,4
274202,17,49,30,4
275101,10,42,46,2
275102,7,44,46,3
275200,8,38,51,2
275302,17,38,36,9
275311,10,43,45,2
275400,11,42,43,3
275500,12,39,46,3
275602,8,38,52,2
275603,17,38,37,8
276000,11,52,28,9
276100,18,26,52,4
276400,9,48,38,5
276500,2,15,81,1
276601,7,52,36,5
276603,17,31,49,3
276604,9,30,56,4
277000,9,59,25,7
277100,10,52,33,4
277200,13,28,58,1
277400,17,26,54,3
278001,12,46,37,4
278102,19,44,32,4
291110,10,26,60,5
291120,11,39,48,2
291130,10,43,40,7
291210,12,36,46,5
291220,7,47,39,7
291300,10,51,31,9
292000,11,33,53,2
293201,12,44,42,3
293202,9,45,44,2
293301,10,55,31,5
293302,10,45,40,5
293304,15,36,43,5
293306,7,51,38,5
293307,15,32,50,2
294110,11,42,42,5
294120,10,42,46,2
294200,14,42,38,5
294301,8,47,37,8
294302,9,35,49,6
294410,16,37,44,3
294421,15,34,48,2
294510,8,42,45,5
294520,9,42,46,4
294610,12,36,46,6
294620,7,41,45,7
294701,11,34,51,5
294810,12,34,51,3
294820,14,37,46,4
294830,10,43,44,3
294900,12,33,51,4
295103,8,57,31,5
296210,15,36,43,7
296220,15,31,51,4
296300,18,48,29,5
296401,11,51,31,7
296402,16,45,34,4
296500,15,39,43,4
296600,19,25,52,4
296901,19,36,40,5
296902,12,42,41,5
297000,15,53,26,6
297110,17,28,50,4
297120,11,38,48,3
297201,7,35,53,5
297202,19,39,37,5
297300,7,56,27,10
297400,11,60,22,7
297500,15,46,31,8
297601,23,43,31,3
297602,20,38,38,4
300100,8,57,30,5
300200,11,57,27,5
300301,10,57,30,3
300400,10,53,33,5
300501,13,51,31,5
300502,12,58,26,4
300600,8,54,28,10
300701,8,60,26,6
300702,9,59,25,7
300800,10,57,26,7
300901,8,63,26,3
300902,7,59,28,6
301000,11,42,39,8
301100,14,47,31,7
301203,11,51,31,7
301204,6,47,39,8
301205,5,68,21,6
301206,5,56,34,5
301300,12,60,23,5
301400,7,59,29,4
301501,6,57,31,6
301502,7,53,33,7
301601,7,53,33,7
301602,16,40,39,6
301701,11,43,40,5
301702,14,46,33,7
301801,13,48,33,6
301802,9,50,32,9
301900,12,50,32,6
302002,13,41,35,11
302003,8,49,33,10
302004,6,49,37,7
302102,16,40,39,5
302103,8,52,33,7
302104,14,42,38,6
302201,7,42,33,18
302202,12,41,39,8
302301,11,50,34,5
302302,12,40,39,9
302401,11,42,41,5
302503,9,48,36,7
302504,11,40,40,9
302505,11,45,40,4
302506,14,46,35,5
310100,5,71,18,5
310201,14,47,32,7
310202,9,48,37,6
310300,7,68,20,5
310400,8,57,31,4
310501,9,57,33,1
310601,16,40,39,5
310602,14,49,34,3
310701,15,42,30,13
310702,12,37,41,10
310703,6,43,44,8
310800,12,44,36,7
310900,16,52,29,3
311000,10,47,37,6
311100,12,53,30,5
311200,12,49,32,7
311300,18,49,29,5
311400,17,48,30,5
311500,12,46,39,3
311600,13,35,49,4
311700,11,52,28,9
311801,12,45,36,7
311802,17,28,51,4
320000,,,,
320100,9,46,43,2
320201,10,40,47,4
320202,7,51,37,6
320300,10,40,45,5
400204,4,66,26,4
400205,6,67,24,3
400206,5,64,27,5
400207,12,51,33,4
400302,16,46,28,10
400304,12,48,36,3
400402,9,51,35,5
400403,12,56,28,4
400404,6,59,31,4
400501,6,61,26,7
400602,12,46,38,3
400603,15,46,35,4
400604,11,47,36,6
400800,4,17,76,4
400900,11,43,37,9
401001,9,59,26,6
401002,14,48,32,5
401101,14,44,33,8
401102,18,38,39,4
401201,8,62,26,4
401202,10,48,36,7
401203,11,51,32,6
401303,12,56,26,5
401304,9,62,23,6
401311,15,40,37,8
401312,11,46,34,9
401500,17,37,43,3
401601,10,49,29,12
401602,13,50,32,5
401603,13,47,18,23
401701,16,47,28,10
401703,11,45,41,3
401704,10,38,42,10
401800,13,50,30,7
401901,1,4,95,0
401902,12,53,25,10
402001,14,43,40,3
402002,11,45,38,6
402101,8,37,51,4
402102,11,38,45,7
402200,16,40,38,6
402301,13,40,44,3
402303,8,32,55,5
402304,13,32,52,2
402402,18,39,40,2
402403,11,29,57,3
402404,0,1,99,0
402405,9,40,46,5
402406,9,43,46,2
402501,7,43,46,4
402502,9,45,42,4
402600,15,40,40,5
402702,12,37,47,3
402703,11,47,37,5
402705,11,43,39,7
402706,13,40,43,4
402801,10,39,48,3
402803,9,44,43,4
402804,9,42,45,5
402902,12,40,46,3
402903,4,51,39,6
402904,7,45,45,3
403000,8,40,47,4
403200,10,16,62,12
403303,14,45,34,8
403304,6,56,30,9
403305,10,56,31,4
403312,9,52,35,4
403316,8,49,36,7
403317,11,55,27,7
403318,9,52,34,4
403319,8,48,38,5
403320,8,58,30,5
403321,7,55,29,8
403322,10,58,30,2
403323,9,50,35,6
403324,7,55,34,4
403325,6,56,33,5
403401,6,60,29,5
403402,6,52,36,6
403403,4,63,29,4
403404,6,60,28,6
403405,2,65,29,4
403406,7,56,33,4
403407,4,61,33,2
403408,5,58,32,5
403500,4,57,29,11
403600,13,53,30,4
403702,11,50,34,5
403703,11,54,27,8
403721,11,48,34,6
403722,14,45,37,4
403801,10,42,43,5
403802,14,45,34,6
403901,10,49,37,4
403902,13,40,38,8
404000,14,43,38,6
404100,12,41,41,7
404201,11,37,49,3
404202,6,25,67,3
404301,11,43,42,4
404302,8,38,45,8
404401,7,47,42,4
404402,10,49,34,7
404501,7,48,42,4
404503,9,50,36,5
404504,9,32,55,4
404600,11,42,41,6
404701,10,41,43,6
404702,9,47,41,3
404703,7,42,47,4
404801,9,49,37,5
404802,8,45,40,7
404803,10,38,41,11
404901,6,44,44,6
404902,9,45,40,6
404903,10,53,34,4
405001,7,42,45,6
405002,5,51,41,3
405101,10,42,45,3
405102,9,39,45,7
405201,10,46,38,6
405202,8,41,46,5
405203,8,41,47,4
405301,16,44,35,6
405302,10,45,40,5
405400,6,50,38,6
405500,11,45,39,6
405600,7,45,39,9
405701,6,50,39,5
405702,14,47,36,3
405800,17,45,35,3
405900,13,48,37,2
406000,14,42,37,6
406101,18,39,40,3
406102,16,38,42,3
406200,9,43,38,10
406300,11,45,36,8
406402,13,45,35,8
406411,11,48,36,4
406412,9,50,33,9
406500,9,45,41,5
406601,7,54,33,7
406602,11,47,35,7
406701,10,52,35,3
406702,13,45,36,6
406800,8,48,35,8
406901,10,46,38,6
406902,11,41,39,8
407001,13,39,42,6
407002,9,46,40,5
407101,16,44,35,5
407102,8,47,43,2
407200,10,38,46,6
407301,11,38,44,7
407302,11,40,43,6
407400,6,50,38,6
407501,7,50,37,6
407502,11,42,43,4
407601,12,42,43,3
407602,5,48,42,5
407701,12,38,45,5
407702,10,50,35,5
407801,12,40,42,6
407802,8,44,45,3
407900,10,52,36,3
408003,8,49,38,5
408004,18,41,38,4
408005,7,55,33,5
408006,10,42,44,4
408133,10,50,36,4
408134,9,51,35,5
408135,14,45,38,3
408136,8,51,37,5
408137,9,47,38,6
408138,12,35,47,5
408139,11,37,46,6
408140,10,41,44,4
408141,9,40,44,7
408202,14,37,43,7
408211,8,49,37,6
408212,9,48,37,6
408301,9,47,40,5
408302,8,52,34,5
408303,12,38,44,6
408401,10,48,36,6
408402,8,59,25,8
408501,9,41,43,7
408503,8,55,31,6
408504,5,52,37,6
408505,10,53,29,8
408623,14,48,32,5
408624,7,62,27,4
408625,11,55,28,6
408626,8,49,36,7
408627,12,55,27,6
408628,10,53,28,8
408629,6,61,27,6
408630,7,44,46,3
408631,10,45,38,7
408703,4,62,30,4
408704,10,52,29,9
408705,9,55,32,5
408706,3,54,37,5
408722,12,51,32,5
408723,10,53,32,6
408724,10,38,49,3
408800,11,35,51,3
430002,11,43,39,7
430003,9,58,27,6
430101,18,33,34,16
430102,11,47,35,7
430200,7,57,20,16
430301,11,63,22,4
430302,15,46,32,6
430400,6,61,26,8
430501,10,59,25,6
430502,12,60,25,4
430600,5,64,24,6
430701,5,65,25,5
430721,12,55,25,8
430723,8,61,27,4
430724,10,55,27,8
430801,11,51,36,2
430802,8,59,28,6
430803,5,55,32,7
430901,14,48,33,5
430902,12,45,38,5
431001,16,36,47,2
431002,12,46,35,8
431100,6,49,38,7
431200,10,45,42,3
431300,8,49,38,5
431400,6,54,35,4
431501,9,53,30,8
431502,8,56,28,7
431600,4,60,28,8
431700,7,55,28,10
431800,11,49,32,8
431900,12,50,32,7
432000,8,58,26,9
432101,6,54,35,6
432102,5,58,31,5
432201,9,52,28,10
432202,7,53,36,4
432300,11,45,38,5
432401,11,42,40,6
432402,10,45,39,5
432500,10,47,34,8
432601,6,43,46,5
432602,9,45,39,6
432700,6,49,42,4
432801,8,46,37,9
432802,9,47,38,6
432901,6,47,42,5
432902,7,49,36,7
433101,8,50,35,7
433102,9,39,46,6
433200,10,44,39,7
433302,7,50,38,5
433304,7,47,40,6
433305,7,45,46,2
433306,7,50,38,5
433307,9,48,36,7
433401,8,40,47,5
433402,10,41,42,8
433403,10,46,39,5
433501,11,30,50,9
433503,12,39,42,6
433504,14,45,36,5
433601,9,49,35,8
433602,12,47,34,7
433700,8,44,39,9
433801,10,40,44,5
433802,11,42,40,7
433901,9,41,46,4
433902,12,44,39,5
434001,8,40,49,3
434003,12,40,41,7
434004,8,44,42,6
460000,7,61,24,8
460100,12,56,28,4
460200,11,42,40,6
460301,12,56,25,7
460302,12,37,44,7
460401,11,51,33,5
460501,4,64,27,5
460502,6,60,31,3
460600,8,61,25,6
460700,5,60,31,4
460800,5,73,16,6
460900,13,35,44,8
461000,12,35,50,4
461100,10,45,43,2
461200,10,51,33,6
461300,11,54,27,8
461400,8,47,37,8
461501,17,36,43,4
461502,15,35,42,8
461600,14,36,44,6
461700,10,49,31,10
461901,13,30,55,1
461902,19,26,47,8
462001,12,41,45,2
462002,17,32,44,8
462100,16,40,39,5
462201,14,24,44,18
462202,10,43,42,5
462301,5,35,56,4
462302,15,31,49,4
462400,9,46,38,7
462500,9,58,26,6
462600,13,59,24,4
462700,10,43,41,5
462800,16,44,35,5
462900,11,60,24,4
463000,5,61,26,7
463101,11,49,37,4
463102,12,58,25,5
463200,15,50,30,5
463300,10,51,36,4
463400,13,39,42,6
463500,7,35,53,5
463601,19,30,47,4
463602,10,37,47,5
463700,17,46,34,3
463800,11,64,22,3
463900,16,51,23,10
464000,6,60,31,3
464100,7,65,23,5
464200,2,66,24,8
480002,7,59,25,9
480011,9,50,35,6
480012,9,56,31,4
480101,8,51,37,5
480102,7,57,28,8
480201,11,60,20,9
480202,7,59,26,7
480302,10,44,42,4
480303,12,43,41,4
480304,15,37,42,7
480400,12,39,44,5
480500,13,53,30,4
480600,14,43,40,4
480702,10,58,25,7
480703,13,51,34,2
480704,13,48,35,3
480802,7,54,31,8
480803,7,44,43,6
480804,10,47,40,4
480901,12,42,40,6
480902,12,47,37,4
480903,11,45,37,8
481001,7,47,32,14
481002,13,46,36,5
481101,12,39,41,8
481102,15,47,32,5
481103,7,45,41,6
481201,9,50,33,7
481202,5,52,36,6
481300,8,51,35,6
481401,6,57,34,3
481402,7,46,38,9
481500,7,55,30,8
481603,12,53,34,2
481604,6,45,42,7
481605,8,45,42,5
481606,7,54,34,6
481711,8,43,36,13
481712,9,48,36,7
481713,5,48,38,9
481714,11,49,28,12
481800,10,50,32,7
481901,9,48,39,5
481902,11,44,41,4
482001,8,66,20,7
482002,3,57,34,6
482101,11,44,38,7
482102,10,50,33,6
482201,8,48,38,5
482202,11,51,32,6
482301,7,53,37,3
482303,8,48,38,6
482304,8,44,44,5
482401,8,45,43,4
482402,6,50,37,8
482502,8,47,40,5
482503,6,55,34,6
482521,10,52,29,9
482522,13,41,38,8
482600,9,52,31,8
482701,10,46,39,5
482702,10,49,36,6
482800,5,53,36,6
500100,5,66,23,7
500201,12,56,26,6
500202,5,59,32,4
500300,15,47,32,5
500402,13,38,43,6
500403,11,42,39,8
500404,7,48,42,3
500500,11,44,39,7
500600,13,38,44,4
500700,12,44,37,7
500800,13,44,39,3
500900,9,45,41,5
501001,10,45,43,3
501002,11,48,37,5
501200,10,41,40,8
501300,17,38,40,5
501400,12,35,45,7
501501,13,50,33,4
501503,13,36,47,5
501504,20,34,39,7
501600,7,42,48,3
501700,7,51,36,6
501802,12,46,38,4
501803,15,32,50,3
501804,12,37,44,8
501900,8,55,33,5
502003,8,43,45,4
502004,10,44,42,5
502005,10,47,36,7
502100,13,39,38,10
502200,13,44,38,5
502301,10,40,45,5
502302,10,36,48,6
502401,9,46,40,5
502402,8,47,39,7
502500,12,44,38,7
502601,9,46,40,5
502602,14,40,42,4
502700,14,38,40,9
502801,9,50,37,4
502802,25,32,33,11
502901,12,45,38,6
502902,7,43,45,5
503000,9,42,45,4
503103,8,48,41,3
503104,12,53,34,2
503105,8,45,41,6
503106,13,43,35,9
503201,10,46,38,6
503202,10,42,40,7
503301,12,51,32,6
503302,9,52,37,2
503401,10,48,35,7
503402,7,54,33,6
503501,13,45,38,3
503502,14,41,38,6
503601,10,47,35,7
503602,9,55,28,8
503701,12,47,35,6
503702,7,53,33,7
503703,9,60,26,6
503801,9,55,32,4
503802,11,50,36,3
503901,6,54,29,10
503902,7,57,31,5
504001,3,30,62,6
504002,10,51,34,5
504101,8,46,40,6
504102,,,,
530003,7,49,35,10
530004,10,41,42,7
530005,8,50,30,11
530006,10,39,42,9
530101,8,42,44,5
530102,14,31,41,14
530202,13,41,41,5
530203,18,34,43,5
530204,9,44,44,3
530301,9,31,55,4
530302,10,38,46,6
530400,8,37,49,6
530500,17,32,47,3
530601,9,34,52,5
530602,11,40,45,4
530700,7,37,49,6
530801,10,39,45,6
530802,11,38,46,5
530901,8,47,40,5
530902,12,35,47,6
531000,7,47,44,2
531101,10,41,44,5
531102,12,40,37,10
531201,10,35,51,3
531202,10,43,41,6
531301,9,38,48,4
531302,6,39,51,3
531502,8,34,54,4
531503,7,47,41,6
531504,10,35,50,5
531602,9,42,44,4
531603,11,32,51,6
531604,5,36,54,5
531701,7,40,47,6
531702,11,32,50,7
531800,11,30,52,6
531901,6,45,43,6
531902,7,46,42,6
532001,12,40,38,9
532002,10,27,54,8
532101,12,40,43,4
532102,10,41,43,6
532200,15,30,50,5
532302,9,43,41,7
532303,11,40,42,8
532304,16,34,46,4
532400,13,58,26,3
532500,13,34,50,4
532603,7,38,52,4
532604,7,36,54,3
532605,11,34,49,6
532606,9,41,47,3
532700,10,45,43,3
532800,11,40,47,2
532900,11,33,53,3
533001,10,35,52,3
533002,12,37,47,5
533103,9,36,51,5
533104,12,33,48,7
533105,14,41,42,3
533106,5,38,53,4
533107,12,38,45,5
533201,9,43,45,3
533202,6,46,45,4
533203,10,39,47,3
533300,8,42,48,2
533401,7,41,50,2
533402,10,38,49,2
533403,10,30,53,7
533501,11,38,48,3
533502,6,52,38,4
533503,7,38,51,5
533601,11,35,51,3
533602,9,40,48,3
533603,10,42,42,6
533701,9,42,45,4
533702,8,38,50,3
533703,7,43,46,4
533803,9,46,37,8
533804,10,49,35,6
533805,8,45,44,3
533806,7,44,42,7
533901,7,40,50,3
533902,9,40,49,3
534001,7,45,44,4
534002,10,34,51,5
534101,8,53,38,1
534102,8,40,51,2
534201,7,38,52,3
534202,6,37,52,5
534203,7,44,45,4
534301,10,39,49,2
534302,5,43,49,2
534403,5,45,46,4
534404,9,41,48,3
534405,8,38,52,2
534406,6,34,58,2
534501,9,39,48,5
534502,6,36,51,7
534700,9,45,43,3
534802,11,35,45,9
534803,10,39,48,3
534804,10,40,46,4
534900,11,42,44,3
535001,6,37,49,7
535002,6,36,54,4
535101,11,39,46,5
535102,7,43,43,7
535200,9,35,53,3
535300,7,46,43,3
535400,5,37,54,4
535501,9,41,47,3
535502,12,42,41,5
535503,11,35,51,3
535603,8,40,49,2
535604,12,38,46,4
535605,10,37,48,5
535606,7,38,50,5
535607,9,48,38,5
535701,9,41,46,4
535702,14,38,46,3
535802,9,42,44,4
535803,11,37,47,5
535804,10,31,56,3
535901,10,41,44,5
535902,6,50,42,3
536000,14,29,50,6
536102,17,44,32,7
536103,7,43,45,5
536104,8,43,46,3
536200,10,45,40,4
540000,8,38,50,3
540101,8,40,48,4
540102,9,40,46,5
540201,10,33,54,3
540202,11,36,47,6
540203,10,34,53,3
540300,8,46,43,3
540400,11,34,54,1
540501,12,34,52,3
540502,11,40,46,3
540600,10,32,51,6
540700,15,31,52,2
540800,14,32,47,7
540901,11,42,39,8
540902,14,31,48,8
541001,15,29,49,7
541002,24,33,32,11
541100,11,36,46,7
541200,14,33,44,9
541300,13,38,44,5
541400,6,43,48,3
541500,10,39,49,2
541603,14,36,48,3
541604,6,36,54,4
541605,11,35,52,3
541606,9,39,44,8
541700,9,41,43,6
541801,8,41,49,2
541802,10,38,46,7
542000,8,37,52,4
542103,9,37,52,3
542104,12,42,43,4
542105,8,38,49,5
542106,9,42,44,4
542200,10,38,50,3
542401,8,37,53,2
542402,11,41,42,6
542501,9,37,50,4
542502,13,35,46,6
542601,6,36,52,6
542602,11,36,48,4
542700,12,33,50,5
542800,15,33,44,8
542900,10,41,45,4
543000,10,42,39,9
543100,11,37,47,6
543201,14,29,49,8
543202,10,41,45,4
543304,13,38,42,8
543305,22,30,36,12
543306,15,39,38,8
543321,15,44,36,5
543322,11,45,37,8
543400,13,43,38,6
543501,12,45,34,9
543502,9,53,34,4
543503,13,44,32,10
543601,9,44,42,6
543602,13,48,32,7
543603,15,43,30,11
543604,9,42,44,6
543701,8,46,42,5
543702,9,48,40,3
543703,11,48,35,6
543801,11,45,36,8
543802,10,37,47,6
543903,13,45,34,7
543905,9,38,48,5
544001,15,39,42,5
544002,10,46,42,2
550000,15,18,64,3
550100,7,53,36,3
550201,12,41,41,6
550202,9,44,41,7
550300,9,46,40,4
550400,10,52,34,5
550500,11,44,37,8
550601,12,45,37,6
550602,8,53,33,6
550700,7,48,38,7
550800,11,45,36,7
550901,19,40,37,3
550902,12,39,45,4
551000,8,52,33,7
551101,9,41,46,4
551102,12,37,49,3
551201,15,48,33,4
551202,13,40,40,7
551300,15,34,42,9
551401,8,49,39,3
551402,9,47,41,3
551501,16,44,37,3
551502,14,42,36,8
551600,0,0,81,19
551700,11,38,45,5
551800,12,42,41,4
551900,9,47,38,6
552001,8,45,40,7
552002,8,45,43,3
552100,15,42,33,10
552200,10,43,45,2
552301,16,41,34,9
552302,19,41,29,10
552400,7,46,40,7
552601,8,43,43,6
552602,12,42,40,5
552700,11,47,38,4
552800,8,50,38,5
552900,9,43,44,5
553000,5,55,36,4
553100,15,40,41,5
553200,11,45,40,4
553300,11,40,43,6
553400,16,41,40,3
553502,14,44,38,4
553503,8,45,43,4
553504,10,47,40,4
553601,12,43,41,5
553602,15,42,41,2
553701,7,45,45,2
553702,6,44,46,3
553801,13,40,43,5
553802,16,40,40,3
553901,7,40,47,5
553902,9,45,43,3
554001,13,46,33,8
554002,11,43,42,5
554101,12,41,41,6
554103,14,48,33,4
554104,8,43,45,3
554105,18,32,48,2
554201,11,48,37,5
554203,10,40,45,4
554204,15,40,40,5
554301,12,46,37,5
554302,14,35,47,3
554403,11,38,45,6
554404,17,42,36,5
554405,14,25,53,7
554406,11,45,37,7
554511,4,60,29,7
554512,6,58,28,7
554513,14,54,26,6
554514,9,54,31,6
554515,7,55,31,8
554516,12,48,32,8
554517,7,58,30,5
554518,5,66,26,3
554519,4,65,24,7
554521,10,49,32,9
554522,7,57,29,7
554600,7,47,41,4
554700,7,44,42,7
554801,9,39,47,5
554802,8,52,32,7
554900,10,52,31,7
555001,11,49,37,3
555002,16,39,42,3
555102,11,47,37,5
555103,16,41,38,5
555104,11,53,31,5
555202,12,52,26,9
555211,8,40,45,7
555212,11,45,41,4
570001,12,52,31,6
570002,9,51,37,4
570003,14,45,36,5
570100,14,34,48,5
570202,11,40,46,3
570203,13,32,47,8
570204,7,30,54,9
570301,19,34,45,2
570303,10,43,45,3
570304,14,33,47,5
570402,11,39,44,5
570403,10,42,45,4
570404,8,37,50,5
570501,10,45,43,2
570502,12,39,44,4
570601,9,38,49,4
570602,7,47,44,2
570603,20,25,51,4
570701,18,41,34,7
570702,12,53,27,8
570800,6,54,33,7
570901,11,53,30,6
570902,13,49,33,4
571000,9,53,32,6
571101,8,56,34,2
571102,14,55,25,5
571200,10,46,39,5
571300,13,43,36,7
571400,12,46,35,6
571502,12,40,41,7
571503,13,45,38,3
571504,13,35,46,6
571600,18,7,68,7
571701,12,40,45,3
571703,9,40,44,7
571704,16,37,42,4
571800,9,60,24,6
571900,18,42,35,5
572001,11,54,31,4
572002,12,42,35,10
572100,13,51,33,4
572201,12,42,41,6
572202,13,42,39,6
572301,9,44,45,3
572302,11,39,47,4
572400,9,34,47,9
572500,18,26,45,10
572600,7,48,41,4
572700,12,40,38,10
572800,15,14,66,4
572900,12,41,44,4
573002,9,29,58,5
573003,20,32,47,1
573004,15,23,60,1
573100,11,47,39,3
573201,11,37,47,6
573202,10,39,47,5
573300,11,30,54,4
573401,12,40,43,6
573402,9,37,51,2
573403,9,52,35,4
573601,11,56,26,7
573700,9,58,26,7
573800,11,55,30,4
573902,11,54,30,5
574000,10,55,30,6
574100,11,55,29,6
574201,6,61,27,6
574202,18,32,40,11
574300,11,44,35,11
574400,10,60,25,6
574500,11,51,27,10
574601,1,0,99,0
574602,10,53,27,9
574700,24,27,41,7
574800,19,36,40,5
574901,11,59,28,1
574902,12,26,61,2
575001,13,36,49,2
575002,15,33,48,4
575101,15,36,46,3
575102,13,31,52,5
575103,13,23,62,2
575201,13,40,44,3
575202,9,43,45,3
575300,10,31,52,7
575401,10,34,54,2
575402,12,33,51,3
575500,0,28,47,25
575801,12,27,59,1
575802,13,32,51,3
575803,23,26,39,12
575901,15,24,59,3
575902,14,21,60,4
576001,19,39,38,4
576200,16,27,54,2
576301,18,31,48,3
576302,16,32,48,5
576401,15,27,52,7
576402,9,34,54,3
576403,13,29,51,7
576501,21,21,52,7
576502,11,22,64,3
576503,12,27,58,3
576601,17,34,46,4
576602,12,33,54,1
576700,20,30,43,7
576801,13,27,57,4
576802,15,30,51,4
576901,11,30,55,4
576903,13,30,56,1
576904,14,35,49,2
577000,15,29,53,3
577100,17,31,48,4
577200,20,31,46,3
577300,16,29,53,2
577400,15,38,44,4
577501,16,47,30,6
577504,23,36,36,4
577602,13,51,31,5
577603,15,50,33,2
577604,22,51,23,4
599000,14,44,36,7
599100,4,49,40,7
600100,14,28,53,5
600201,14,30,51,6
600202,12,20,63,6
600302,12,36,44,8
600303,9,28,61,2
600304,12,35,48,4
600400,14,25,53,8
600501,21,31,43,5
600502,11,47,34,9
600601,18,31,43,8
600602,8,24,66,2
600702,15,34,45,6
600703,18,36,35,12
600704,8,40,44,7
600801,15,35,41,9
600802,23,36,36,4
600902,19,27,51,3
600911,10,44,43,3
600912,11,37,47,6
601001,25,24,31,20
601002,21,30,43,6
601100,12,31,52,5
601202,5,50,42,3
601211,19,27,45,9
601212,10,34,51,5
601301,12,42,40,6
601302,15,36,48,2
601303,21,22,51,6
601401,19,26,50,5
601402,9,41,45,5
601501,5,42,50,4
601502,6,42,49,3
601600,10,40,46,4
601700,11,38,48,2
601801,9,41,47,2
601802,7,45,45,2
601900,10,45,43,2
602002,9,41,46,4
602003,9,45,41,5
602004,12,36,48,5
602103,15,40,42,3
602104,14,30,48,8
602105,11,44,40,4
602106,13,41,44,2
602200,8,41,48,3
602301,11,51,32,6
602302,12,57,26,6
602402,10,49,35,6
602403,15,36,43,5
602404,12,39,45,4
602504,16,24,55,5
602505,14,28,57,1
602506,14,39,44,3
602507,15,33,49,3
602508,14,31,51,4
602509,7,41,49,3
602600,12,40,40,9
602700,14,32,47,7
602801,14,29,54,2
602802,11,34,46,9
602900,13,44,39,5
603001,16,43,35,6
603004,18,46,24,12
603005,17,38,42,3
603006,12,45,38,6
603101,16,40,37,7
603102,12,48,33,7
603200,17,47,25,11
603301,11,49,34,6
603302,16,44,33,7
603400,11,50,34,5
603500,11,48,35,6
603600,10,50,36,4
603702,11,47,35,8
603703,6,49,39,6
603704,14,33,50,4
603801,13,38,46,3
603802,13,40,44,3
603900,14,35,48,3
604001,12,45,37,6
604002,12,42,42,4
604100,11,49,36,3
609900,13,38,42,7
620001,10,46,40,4
620002,16,38,40,7
620101,14,58,26,2
620102,13,47,37,3
620201,14,29,54,2
620301,7,64,25,3
620303,11,62,23,4
620305,10,50,37,3
620400,11,56,28,5
620501,8,54,35,2
620521,15,46,35,3
620522,12,52,33,3
620601,12,54,30,4
620602,12,58,24,6
620701,14,47,35,4
620702,15,57,23,4
620800,7,62,27,4
620901,9,63,23,5
620904,14,55,28,3
621001,10,53,30,8
621002,15,49,34,2
621004,14,38,45,4
621102,9,55,30,5
621104,15,33,49,2
621201,16,48,33,3
621204,17,36,41,6
621301,12,58,27,3
621324,14,44,39,3
621326,19,41,37,3
621400,15,49,32,4
650001,11,49,34,6
650003,17,40,38,5
650004,13,46,37,4
650101,5,65,24,6
650102,15,50,32,2
650200,10,51,34,5
650300,11,45,36,8
650401,9,53,31,6
650501,11,59,25,5
650502,6,60,27,7
650602,13,48,33,6
650603,8,57,26,8
650604,11,38,44,6
650605,8,65,24,3
650701,6,62,20,12
650702,7,61,28,3
650800,14,61,20,4
650901,17,39,36,8
650902,10,48,37,6
651001,10,53,31,7
651002,7,58,29,7
651101,8,60,22,10
651102,12,51,30,8
651201,13,57,25,5
651221,13,50,31,5
651222,12,53,30,5
651302,11,60,19,9
651304,13,52,28,6
651401,12,50,26,12
651402,9,60,27,5
670001,17,48,29,6
670002,14,39,42,5
670003,17,48,29,6
670100,13,44,37,6
670201,9,62,21,7
670202,8,67,20,5
670324,2,71,20,7
670326,7,68,19,6
670328,3,69,24,4
670403,6,62,25,7
670405,6,62,22,10
670406,4,75,15,5
670407,13,58,24,6
670411,6,65,22,7
670413,6,69,19,6
670416,9,65,21,5
670500,6,69,19,6
670602,7,61,23,10
670701,12,60,22,6
670702,9,67,17,7
700101,11,29,52,9
700102,19,23,51,7
700200,12,20,65,3
700300,11,17,68,4
700400,10,25,62,3
700501,11,27,56,5
700502,11,22,65,3
700600,5,59,30,6
700700,3,61,28,7
700801,5,49,34,12
700802,23,33,38,6
700901,9,48,37,6
700902,11,42,42,5
701000,14,48,35,3
701100,24,15,54,7
701201,8,63,24,4
701202,22,34,41,3
701302,12,31,55,2
701304,12,47,35,6
701402,13,25,55,7
701501,17,44,37,3
701502,14,26,54,6
701601,11,56,30,3
701602,15,37,43,5
701701,14,36,45,5
701702,18,22,56,4
701801,12,33,49,7
701802,18,25,54,3
701902,20,22,57,2
702002,16,28,52,3
702102,16,34,45,5
702201,13,33,51,3
702202,12,48,33,7
702300,16,37,42,5
702400,10,50,36,4
702501,9,49,36,6
702502,19,35,39,7
702600,8,55,30,7
702700,9,58,28,6
702801,13,41,41,5
702802,6,47,41,6
702803,11,39,43,6
702901,22,31,42,4
703001,14,34,46,5
703002,15,44,30,10
703100,21,37,34,7
703200,15,48,32,5
800101,11,59,27,3
800102,15,56,26,3
800202,12,60,24,5
800203,12,54,30,4
800204,13,61,21,4
800324,12,58,28,2
800325,16,57,19,9
800326,11,61,23,5
800327,23,33,39,4
800328,11,40,43,7
800329,15,48,32,4
800330,24,48,24,4
800331,14,58,23,6
800332,10,62,25,3
800406,13,48,35,4
800408,15,56,23,6
800410,4,24,72,1
800504,16,42,36,6
800506,15,58,23,4
900102,11,38,41,9
900103,7,47,42,3
900104,10,45,41,4
900201,11,44,38,7
900300,10,41,46,3
900501,11,43,42,4
900504,9,52,37,2
900505,16,46,35,3
900506,14,43,40,3
900507,10,45,41,5
900508,8,50,35,7
900602,10,40,46,4
900605,8,44,44,4
900606,14,33,49,3
900607,11,29,55,5
900608,13,39,44,4
900609,7,48,40,4
900701,15,39,41,5
900703,20,27,47,6
900704,17,28,53,2
900705,16,41,39,5
900803,10,43,44,3
900804,10,34,51,5
900805,17,40,35,8
900806,21,28,44,7
900900,13,56,25,6
901003,20,16,62,1
901004,11,48,35,6
901007,3,63,29,4
901008,11,48,39,3
901009,10,53,32,4
901010,10,44,41,5
901011,15,44,33,8
901101,10,49,35,6
901102,11,51,34,4
901205,13,52,31,4
901209,13,51,33,4
901210,10,60,26,4
901213,11,63,21,4
910001,13,46,38,4
910002,12,40,42,7
910101,11,48,39,2
910201,13,39,40,9
910202,9,57,28,6
910205,7,67,21,4
910206,10,52,33,5
910207,13,52,32,3
910208,10,47,37,5
910209,9,59,30,3
910210,10,61,27,2
910301,6,59,28,7
910302,14,53,27,6
910401,16,49,33,3
910402,12,34,52,2
910403,11,36,50,3
910404,6,51,38,5
910501,15,24,56,5
910502,15,28,50,7
910504,9,43,44,3
910505,11,50,37,2
910601,13,40,42,6
910602,22,33,41,4
910603,14,41,42,3
910605,11,45,38,6
910606,11,46,40,4
910705,12,43,42,3
910706,8,49,39,4
910707,13,36,48,4
910709,11,50,35,4
910711,11,41,45,3
910712,12,44,41,3
910713,11,54,31,4
910714,15,35,43,7
910715,7,41,48,4
910716,13,46,36,5
910804,9,58,28,5
910805,12,58,27,3
910807,13,52,32,3
910808,11,53,30,6
910809,10,60,24,6
910810,7,59,30,4
910811,9,52,39,0
910812,10,60,19,11
910813,8,69,20,3
911001,12,58,19,11
920011,29,26,45,0
920012,16,44,31,10
920013,12,60,23,4
920015,11,61,26,2
920016,5,65,26,3
920017,12,49,34,5
920018,10,55,31,4
920020,9,56,32,4
920023,15,38,45,3
920026,8,36,54,2
920028,11,56,30,3
920029,15,50,32,3
920030,12,49,37,3
920031,14,49,21,15
920032,4,60,33,3
920033,13,36,45,7
920034,8,49,40,3
920035,11,45,42,2
920036,11,46,39,4
920037,21,29,47,3
920038,15,39,42,4
920039,11,50,36,3
920040,7,56,33,4
920041,16,46,36,2
920042,17,40,35,7
920043,7,70,21,2
920044,7,60,31,3
920045,7,61,30,2
920102,14,50,33,3
920104,10,51,35,4
920106,15,44,40,2
920107,4,72,21,3
920108,10,68,21,1
920109,10,62,23,5
920110,11,52,34,3
920111,6,59,30,5
920112,11,56,27,5
920114,10,58,31,1
920115,11,58,27,5
920116,11,57,28,4
920118,12,55,31,2
920119,5,67,26,2
920200,14,11,75,0
920303,11,50,35,4
920312,14,47,32,7
920313,11,53,30,6
920314,9,57,30,4
920322,7,57,29,7
920326,17,50,29,4
920328,9,55,33,3
920329,16,47,35,3
920330,16,51,28,5
920331,15,46,32,7
920332,8,30,58,5
920334,8,44,41,7
920336,12,51,35,2
920337,8,44,47,2
920338,5,63,27,5
920339,6,61,30,3
930101,6,58,36,0
930200,23,41,31,5
930301,12,33,53,2
980001,,,,
980002,,,,
980003,,,,
980004,,,,
980005,,,,
980006,,,,
980007,,,,
980008,29,4,47,20
980009,,,,
980010,9,36,44,10
980013,,,,
980014,0,0,100,0
980015,12,10,66,12
980018,,,,
980019,11,70,19,0
980020,,,,
980021,,,,
980022,,,,
980023,,,,
980024,5,72,23,0
980025,,,,
980026,0,36,64,0
980028,,,,
980030,,,,
980031,30,33,35,3
980033,,,,
990300,,,,
