Area,Median_Household_Income
101110,53709.973
101122,113789.63
101210,41852.121
101220,43575.918
101300,85702.445
101400,63977.527
102103,76518.75
102104,79332.766
102105,49763.359
102107,66596.594
103101,77388.602
103102,78739.453
103200,64071.82
103300,90773.18
103400,66204.586
104103,75400.984
104105,40040.387
104108,48119.023
104124,86809.617
104201,52151.457
104203,52028.559
104204,43824.898
104310,51416.168
104320,45818.863
104401,64066.523
104403,45911.039
104404,54781.121
104500,49923.344
104610,51765.801
104620,54700.602
104701,27748.141
104703,40998.168
104704,53341.27
104810,69044.023
104821,51460.668
104822,51981.938
106010,77530.57
106020,73240.68
106111,87287.445
106112,75905.305
106113,72745.898
106114,49780.313
106403,62196.52
106405,48038.504
106406,72756.492
106407,35700.699
106408,43679.746
106510,87800.242
106520,64477.609
106603,100328.76
106604,54299.051
106641,116544.3
106642,101314.09
106643,140530.19
106645,112823.37
106646,89262.344
106648,41387.004
106649,85201.305
107010,56324.805
107020,75315.172
108101,120517.41
108102,97414.086
108103,154393.66
108104,116986.12
108201,109132.09
108202,123000.86
109100,58035.887
109200,78137.656
109300,77042.141
109400,56821.707
109500,54267.266
109601,75930.734
109603,56087.477
109604,74429.43
109700,93235.445
109800,85989.57
111100,80894.461
111201,85120.781
111202,69478.422
111204,130206.48
111205,73216.313
111206,120447.48
111301,54661.398
111302,69714.688
111400,53929.289
113101,112831.84
113102,123930.04
113211,107108.45
113212,80607.344
113213,84178.891
113231,91809.367
113232,107318.23
113233,44423.512
113234,40598.738
113235,72045.57
113237,86729.094
113301,77695.852
113303,92440.828
113321,56858.789
113322,97977.742
113401,73587.133
113421,50573.871
113422,66306.297
115101,120406.16
115103,
115104,44404.441
115201,44837.773
115202,55087.316
115301,72858.203
115302,51355.777
115401,64647.125
115403,45880.316
115404,55245.18
117101,78378.164
117102,71006.211
117201,51650.316
117202,89205.133
117301,95847.094
117302,73282
117303,81737.82
117404,87287.445
117405,34917.734
117407,27156.943
117408,28513.094
117510,37838.758
117520,35610.645
117530,39148.293
119001,73777.844
119002,67100.914
119201,67212.164
119202,56947.785
119310,45279.582
119320,44202.078
119340,29868.188
119341,46087.977
119342,42833.211
119400,80092.43
119700,80800.164
119800,77603.672
119900,65059.27
120010,52180.066
120020,35019.445
120030,25328.256
120103,27609.346
120104,33550.988
120105,32859.137
120106,31954.33
120107,30717.9
120108,35156.121
120300,62471.988
120400,37514.555
121010,59111.273
121020,59092.203
121101,46628.316
121102,75628.781
121210,49043.965
121221,54479.164
121222,45985.203
121600,84480.852
121801,30073.729
121802,54116.82
121900,54699.539
122000,61690.078
122120,54675.172
122121,45184.227
122122,32106.896
122200,58756.344
122410,28876.5
122420,36690.266
123010,42278.035
123020,52147.219
123103,43839.73
123104,44406.559
123203,37768.832
123204,34598.824
123205,38636.555
123206,35815.125
123301,60203.609
123303,37149.027
123304,31207.387
123410,36221.969
123420,38711.781
123510,46379.336
123520,44305.906
123601,62114.938
123602,45406.723
123700,63666.035
123800,44673.551
123901,42114.875
123902,64728.707
124000,86395.352
124102,45931.172
124103,37476.41
124104,34598.824
124105,39841.199
124201,58650.391
124203,40416.508
124204,37216.836
124300,51066.535
124400,71616.477
124500,87859.578
124600,73971.734
124700,85038.141
124902,43502.813
124903,43742.258
125100,51018.859
125200,52589.027
125310,43365.078
125320,43352.363
125401,60278.836
125402,65281.762
125501,54073.379
125502,41433.621
125600,81102.125
127102,42345.844
127103,40556.359
127104,42224.004
127210,47677.215
127220,34667.691
127300,49746.406
127400,38824.086
127520,28893.453
127603,49068.332
127604,32089.945
127605,44742.418
127606,55292.855
127711,67302.219
127712,33293.531
127803,37082.281
127804,42523.84
127805,37876.898
127806,35151.883
127910,34970.707
127920,47544.781
128101,51494.57
128102,37373.641
128210,31950.092
128220,49893.676
128302,34175.027
128303,28546.998
128400,66825.445
128500,67823.492
128601,43822.777
128602,85772.375
128702,74405.063
128801,58616.488
128802,74258.852
128910,71307.102
131010,43883.168
131020,59082.664
131100,70892.844
131200,68110.609
131300,59837.027
131400,54926.273
131600,73560.648
131701,48318.211
131702,61478.18
131800,56180.711
131900,66786.242
132001,65312.488
132002,87990.953
132101,70688.359
132102,56775.09
132300,38084.559
132501,53416.492
132502,47295.797
132700,48437.934
132900,79462.023
133000,74109.469
133100,49333.203
134001,34098.746
134002,51996.773
134101,76960.563
134103,64961.797
134104,63503.934
134201,102184.99
134302,78679.063
134303,92589.156
134304,74364.805
134305,42806.723
134306,66660.164
134421,106831.93
134422,105080.59
134423,108030.22
134424,140052.36
134520,41337.207
134521,38974.535
134522,37744.465
134710,39620.828
134720,55436.949
134800,67822.43
134901,85000
134903,49001.582
134904,51756.266
134905,92705.695
135102,96051.578
135111,90143.844
135113,75110.688
135114,58716.082
135201,94912.625
135202,108556.78
135203,85468.297
137000,112791.58
137103,71217.047
137104,106538.45
137201,74979.313
137301,137999.05
137302,114494.19
137401,109119.38
137402,87922.086
137501,85269.109
137502,80256.648
137504,176650.44
138000,112268.19
139001,79928.203
139200,75479.391
139301,86737.57
139302,46727.91
139303,48640.297
139401,65385.594
139402,101408.38
139502,65698.148
139503,48854.313
139504,43076.895
139600,78627.148
139701,131910.14
139702,169453.3
139703,123100.45
139801,157069.94
139802,152136.94
141101,74740.922
141102,90368.453
141201,62569.461
141202,79504.406
141302,83125.758
141303,71810.367
141304,67212.164
141400,82212.477
141500,192327.77
141600,167352.33
141700,191591.42
143100,109714.81
143200,68102.133
143300,76725.352
143400,98164.211
143500,85554.117
143602,75115.984
143603,76978.57
143604,69890.563
143700,139058.55
143800,124362.31
143901,146070.28
143902,120717.65
181000,92887.93
181300,89560.063
181400,59422.762
181500,95427.539
181600,70191.461
183101,68337.344
183103,56572.727
183104,65776.547
183220,49488.949
183221,58378.102
183222,49208.184
183300,65239.383
183401,53757.652
183402,46726.852
183510,64231.805
183520,40411.207
183610,43768.742
183620,52218.207
183701,47741.844
183702,59043.465
183810,37082.281
183820,29708.203
185100,55312.988
185202,64951.203
185203,46087.977
185204,87550.203
185310,46647.387
185320,37149.027
186100,66218.359
186201,47677.215
186202,76703.109
186203,68505.805
186301,38274.211
186302,65202.301
186401,33405.836
186403,48144.453
186404,47712.18
187101,64486.082
187102,44620.578
187200,38128
187300,90987.203
188100,54163.438
188201,70778.414
188202,96594.039
188300,86286.227
189101,57972.316
189102,68688.039
189201,37832.402
189202,102878.95
189300,165786.39
189400,105419.63
189500,52520.16
189600,73419.734
189701,83200.984
189702,80536.352
189800,60146.398
189902,59682.34
189903,49245.266
189904,47324.406
189905,59312.574
190100,44690.504
190201,29703.965
190202,31923.605
190301,37619.441
190401,42982.602
190402,26619.779
190510,29957.184
190520,29550.338
190700,35178.371
190801,20235.27
190802,34399.641
190901,33346.504
190902,32095.242
191000,43596.047
191110,25162.975
191120,29911.627
191201,35022.625
191203,28201.604
191204,36968.914
191301,41055.379
191302,39304.039
191410,32886.684
191420,40629.465
191500,41375.348
191610,35285.379
191620,28473.893
191710,22371.209
191720,24003.889
191810,35075.598
191820,45911.039
191901,52908.996
191902,87461.203
192001,61559.762
192002,99327.531
192300,102153.2
192410,66988.609
192420,49837.523
192510,46376.156
192520,33179.105
192610,28715.457
192620,30082.205
192700,39974.695
194101,83561.211
194102,152180.38
194200,112631.59
194300,183094.28
194401,78137.656
194402,87515.242
194500,80907.18
195100,135747.63
195201,76048.336
195202,109922.47
195300,72112.32
195400,83269.844
195500,64089.832
195600,47405.984
195710,45132.313
195720,46191.805
195802,40985.453
195803,67703.766
195804,41387.004
195901,58537.027
195902,61522.68
195903,54078.676
197200,52393.023
197300,64679.973
197410,87434.719
197420,46750.16
197500,61803.445
197600,52109.078
197700,33242.676
199000,39498.984
199110,49346.977
199120,28047.977
199201,35483.504
199202,45076.16
199300,57799.617
199400,36082.117
199700,32151.396
199800,31615.291
199900,27092.313
201110,49924.402
201120,40045.684
201200,43281.379
201301,45709.738
201302,64418.277
201401,46813.73
201402,59947.211
201501,44747.715
201503,37774.129
201504,47269.313
201601,55467.672
201602,73502.375
201700,58272.152
203100,24346.105
203200,40953.668
203300,31343.002
203500,38028.406
203600,28970.795
203710,34717.488
203720,27494.922
203800,47866.867
203900,44614.219
204110,35483.504
204120,40568.012
204200,28041.619
204300,32013.662
204410,31049.521
204420,21134.779
204600,39320.988
204700,42031.176
204810,39457.664
204820,43930.848
204910,35493.039
204920,38591
205110,37493.363
205120,26700.301
206010,20356.053
206020,88290.789
206031,87603.18
206032,27646.428
206050,22566.156
206200,18806.014
206300,11107.731
207101,39400.453
207102,18741.385
207103,21631.684
207301,33759.707
207302,40724.82
207400,11228.515
207501,67381.68
207502,15509.929
207710,61239.797
207900,73186.648
208000,39376.082
208301,38099.395
208302,34141.125
208401,24919.291
208402,44131.09
208501,51981.938
208502,30240.068
208610,37804.855
208620,38054.895
208710,47564.91
208720,23640.482
208801,26937.627
208802,33977.961
208902,29905.27
208903,28076.582
208904,18506.176
209102,18932.094
209103,23439.18
209104,20676.02
209200,34335.012
209300,25508.371
209401,22399.816
209402,27702.582
209403,18008.215
209510,29107.471
209520,26077.318
209810,30332.244
209820,24454.174
210010,26250.016
211000,137679.09
211120,42570.457
211121,44513.566
211122,38561.332
211201,35659.379
211202,33125.07
211310,32053.922
211320,31110.973
211410,33084.809
211420,35194.262
211500,54299.051
211701,64673.613
211703,34596.707
211704,35130.691
211802,37245.441
211803,40221.559
211804,41717.563
211910,41752.527
211921,37492.305
211922,43300.449
212101,43282.438
212102,25807.148
212202,34623.195
212203,22177.322
212204,28345.695
212303,26614.482
212304,28717.576
212305,32868.672
212306,33630.449
212410,37176.574
212420,29136.076
212501,36177.473
212502,40687.738
212610,33120.832
212620,36590.676
212701,48899.871
212702,72992.758
212800,51981.938
212900,36455.059
213100,44101.426
213201,32275.357
213202,34055.305
213310,38701.188
213320,24436.162
213401,34045.77
213402,36704.039
214000,84725.594
214100,109681.97
214400,71205.391
214501,83947.922
214502,66502.297
214503,74436.852
214600,89836.586
214700,94912.625
214800,98903.734
214901,60277.773
214902,69529.273
215101,53442.98
215102,52440.699
216100,102485.88
216200,92495.922
216300,96162.828
216401,63851.445
216402,73429.273
216700,70119.414
216800,87365.852
216900,66786.242
217001,74164.563
217002,71515.828
217100,61699.617
217200,55502.637
218110,48702.805
218120,35629.715
218210,36010.07
218220,39600.695
218300,40219.441
218400,32759.545
218500,43204.035
218600,44455.297
218701,44164.996
218702,33991.734
218800,44504.031
218900,34027.758
219010,47125.219
219020,42326.773
219300,28927.355
219500,60116.73
219700,52790.332
219800,30501.764
219901,26349.607
219902,42262.145
220000,40500.207
220100,40364.59
221110,32263.701
221120,33405.836
221210,35095.73
221220,34222.707
221302,38627.02
221303,33573.234
221304,32849.602
221401,21682.539
221402,37661.824
221500,32246.75
221601,36080
221602,31924.664
221710,29665.824
221810,15058.584
221820,17216.773
221900,12981.977
222001,55793.996
222002,44225.387
222100,33932.406
222200,33594.426
222500,34804.367
222600,28156.045
222700,9785.4834
224010,18904.547
224020,22786.531
224200,25392.885
224310,28613.746
224320,31719.123
224410,27698.344
224420,21783.189
224600,30354.494
224700,11188.254
226001,34025.641
226002,28624.342
226410,37744.465
226420,26657.922
226700,33702.496
227010,33542.512
227020,33865.656
228100,38640.793
228210,26624.018
228220,32950.254
228310,34168.672
228320,26366.561
228410,33750.172
228420,31331.348
228500,30225.236
228600,27758.734
228710,29160.445
228720,34946.34
228800,30889.539
228900,18795.418
229100,40076.41
229200,22084.086
229300,31996.709
229410,28928.416
229420,30350.256
231100,29343.738
231210,26803.072
231220,24401.199
231300,26346.43
231400,37360.926
231500,48681.617
231600,37245.441
231710,23013.262
231720,31152.293
231800,26487.342
231900,28536.402
232110,28950.666
232120,32202.252
232200,32192.717
232300,39476.734
232400,33414.313
232500,31623.768
232600,31358.895
232700,28061.75
232800,31955.389
234000,57291.063
234200,49622.445
234300,38152.367
234501,33229.961
234502,27346.592
234600,37302.652
234700,33452.453
234800,55523.828
234901,20191.83
234902,26593.291
235100,67945.328
235201,38877.063
235202,25373.814
236000,69661.711
236100,21117.828
236202,27544.717
236203,31889.701
236204,27149.525
236400,60512.984
237101,27163.299
237102,30607.713
237201,37120.422
237202,38081.383
237300,33585.949
237401,33244.793
237402,35095.73
237500,28243.982
237600,27539.42
237710,27031.922
237720,23085.309
237800,40548.941
237900,41161.332
238000,49001.582
238100,43960.512
238200,37678.773
238310,24668.191
238320,26487.342
238400,55415.758
239201,28606.33
239202,38461.738
239310,32437.459
239320,37854.648
239330,37183.992
239501,32328.332
239502,26059.307
239601,34633.789
239602,30460.443
239701,30405.35
239702,27055.23
239801,31113.092
239802,36132.973
240010,29056.615
240020,40422.863
240200,27023.445
240300,31083.426
240401,29103.232
240402,33784.074
240500,33950.414
240600,35479.266
240700,33457.75
240800,36720.992
240900,34329.715
241001,33357.098
241002,42190.098
241110,34728.086
241120,24671.371
241201,48119.023
241202,33395.242
241300,36325.801
241400,32049.684
242000,34657.098
242100,14859.399
242200,31839.904
242300,34900.781
242600,13756.466
242700,30368.268
243000,39878.285
243100,25107.881
261101,180048.23
261102,156763.75
261200,157157.88
262100,161524.05
262200,182278.47
262301,220989.19
262302,164794.7
262303,220551.63
262400,263549.06
262501,168194.63
262601,228453.33
262604,150689.67
262704,130649.34
262706,171259.73
262802,218679.5
264000,216594.42
264102,99062.664
264103,83140.586
264301,89126.727
264302,100952.8
265100,99815.961
265201,74732.445
265202,69957.313
265301,
265303,15866.978
265304,17966.895
265305,26538.197
265410,102638.45
265420,168459.5
265510,56609.809
265520,91570.984
265601,81555.586
265602,111885.71
265700,109427.69
267100,91940.742
267200,76759.258
267300,54751.457
267402,68468.719
267403,79731.141
267404,84003.016
267501,70122.594
267502,60502.387
267600,76813.297
267700,85849.711
267800,106238.61
267901,103714.9
267902,114557.76
269000,125540.47
269100,85899.508
269300,162842.06
269500,170773.44
269601,41588.305
269602,52353.82
269700,70009.227
269800,49932.879
269903,59348.598
269904,54987.723
269905,64580.379
269906,67950.625
269907,64379.074
270100,55652.027
270200,58596.359
270300,65953.484
271100,80963.328
271200,68122.266
271300,76982.813
271400,100024.68
271500,88143.516
271600,77628.047
271701,82446.617
271702,60892.281
271801,59199.211
271802,59020.156
271901,74710.195
271902,68255.766
272100,89862.016
272201,64452.18
272202,69171.164
272301,74164.563
272302,51465.965
273100,124592.22
273200,86457.867
273300,70456.328
273402,53719.508
273502,68086.242
273600,116905.59
273700,81480.359
273800,92495.922
273902,100753.61
274100,111472.51
274202,106197.29
275101,71185.266
275102,49046.082
275200,52218.207
275302,91613.359
275311,85470.414
275400,106646.52
275500,35615.941
275602,88462.43
275603,77872.789
276000,118443.98
276100,64314.445
276400,100273.66
276500,94219.719
276601,107053.36
276603,79931.383
276604,64067.582
277000,122146.91
277100,86153.789
277200,60167.586
277400,39951.387
278001,77784.852
278102,120984.65
291110,37314.309
291120,39486.27
291130,47235.406
291210,51705.41
291220,43642.664
291300,70947.938
292000,43754.969
293201,63022.922
293202,37047.316
293301,66391.055
293302,65650.469
293304,47938.91
293306,84273.188
293307,54299.051
294110,64479.727
294120,47992.945
294200,69480.539
294301,73924.055
294302,50178.68
294410,46251.137
294421,45706.559
294510,42605.422
294520,48214.379
294610,38224.414
294620,41316.016
294701,31157.59
294810,34913.496
294820,32868.672
294830,31829.311
294900,38406.648
295103,98565.758
296210,29420.021
296220,28284.244
296300,90706.438
296401,82596.008
296402,87739.852
296500,38974.535
296600,31530.533
296901,39525.473
296902,60765.141
297000,81729.344
297110,39970.461
297120,49443.391
297201,60419.746
297202,69396.836
297300,79714.188
297400,99581.813
297500,71304.984
297601,68204.906
297602,71807.188
300100,123193.69
300200,84152.406
300301,106641.22
300400,85570.008
300501,81194.297
300502,77762.602
300600,66120.883
300701,118374.05
300702,126055.38
300800,87682.641
300901,159482.41
300902,134423.27
301000,61466.527
301100,72036.039
301203,59698.23
301204,51082.43
301205,107500.47
301206,57654.469
301300,142561.23
301400,113442.11
301501,70411.836
301502,43055.703
301601,34580.816
301602,54515.188
301701,66483.227
301702,43872.574
301801,44772.086
301802,37126.777
301900,52974.684
302002,48125.383
302003,35442.184
302004,42909.496
302102,48008.836
302103,40111.371
302104,48726.113
302201,23652.137
302202,31992.471
302301,56581.203
302302,42433.781
302401,42692.297
302503,38213.82
302504,35056.527
302505,35095.73
302506,54993.02
310100,127078.85
310201,60223.742
310202,74682.648
310300,119956.94
310400,71185.266
310501,56450.883
310601,53866.777
310602,82428.609
310701,27466.314
310702,43551.547
310703,50605.656
310800,70899.195
310900,75696.586
311000,79383.625
311100,98070.977
311200,65776.547
311300,85003.18
311400,81164.633
311500,82839.695
311600,80590.391
311700,77882.32
311801,56505.977
311802,55731.488
320000,
320100,68156.172
320201,35801.352
320202,65262.691
320300,43486.918
400204,124362.31
400205,179036.42
400206,123523.2
400207,121734.77
400302,70191.461
400304,72762.852
400402,109347.16
400403,87255.664
400404,127817.32
400501,125814.88
400602,54253.492
400603,78634.563
400604,78831.625
400800,63695.703
400900,76627.883
401001,97057.039
401002,60871.09
401101,60331.809
401102,59304.102
401201,101681.73
401202,80041.57
401203,74911.5
401303,107216.52
401304,111584.82
401311,80164.469
401312,72431.227
401500,63325.938
401601,59206.625
401602,71515.828
401603,56443.469
401701,70137.422
401703,54623.258
401704,54914.617
401800,96570.734
401901,58934.336
401902,72840.195
402001,52731
402002,66458.859
402101,57457.402
402102,66322.188
402200,60692.035
402301,48727.176
402303,39263.777
402304,34718.551
402402,56744.363
402403,60920.887
402404,
402405,63404.34
402406,41894.5
402501,38533.785
402502,42379.746
402600,49502.723
402702,35395.566
402703,60920.887
402705,70523.078
402706,66433.43
402801,32040.148
402803,41055.379
402804,45318.785
402902,53181.285
402903,50976.48
402904,64503.035
403000,53987.563
403200,
403303,91315.641
403304,86997.148
403305,76126.742
403312,91411
403316,86682.477
403317,90111
403318,93574.484
403319,70676.703
403320,93909.281
403321,100155
403322,101000.48
403323,91883.531
403324,105850.84
403325,110805.03
403401,82062.023
403402,104294.44
403403,133571.44
403404,123018.88
403405,129031.5
403406,77674.664
403407,139058.55
403408,101585.31
403500,110364.28
403600,72430.164
403702,100462.25
403703,88536.594
403721,79422.828
403722,55623.418
403801,73692.023
403802,60130.504
403901,77535.867
403902,68988.93
404000,65920.641
404100,62093.746
404201,41108.355
404202,51776.398
404301,48968.738
404302,59844.441
404401,56230.508
404402,71815.664
404501,51939.559
404503,76371.484
404504,39755.383
404600,53335.973
404701,52947.137
404702,44261.41
404703,44423.512
404801,46178.031
404802,50624.727
404803,48707.043
404901,76610.93
404902,65052.914
404903,60365.711
405001,58754.223
405002,65062.449
405101,55805.652
405102,45479.828
405201,53444.039
405202,60996.113
405203,75419
405301,52734.18
405302,69579.07
405400,88232.516
405500,77022.016
405600,93266.172
405701,82248.492
405702,52886.746
405800,69421.203
405900,69873.609
406000,74694.305
406101,67749.328
406102,51446.895
406200,40451.469
406300,96053.695
406402,93765.195
406411,76862.031
406412,99185.563
406500,76585.5
406601,87362.672
406602,73949.484
406701,64326.102
406702,66999.203
406800,77501.961
406901,58629.203
406902,78490.469
407001,69386.242
407002,70191.461
407101,52880.391
407102,59628.305
407200,55292.855
407301,67152.828
407302,66273.453
407400,82861.945
407501,60423.984
407502,62834.332
407601,52613.398
407602,59506.465
407701,58720.32
407702,69964.727
407801,65721.453
407802,71200.094
407900,86966.422
408003,96590.859
408004,58846.398
408005,88783.453
408006,57385.355
408133,67288.445
408134,85799.922
408135,70663.992
408136,65344.273
408137,65547.695
408138,48453.824
408139,61362.695
408140,57723.336
408141,64724.469
408202,49773.953
408211,43567.441
408212,64869.621
408301,63936.207
408302,81176.289
408303,88608.633
408401,73020.305
408402,90719.148
408501,60590.324
408503,107070.31
408504,74826.742
408505,100273.66
408623,67821.367
408624,104229.81
408625,106021.41
408626,66085.922
408627,100693.22
408628,77953.305
408629,92223.625
408630,64115.262
408631,70943.695
408703,103754.1
408704,42139.242
408705,58682.176
408706,134865.08
408722,77780.609
408723,56586.5
408724,44535.816
408800,34890.188
430002,63448.84
430003,109278.3
430101,49464.582
430102,63761.391
430200,86911.328
430301,131206.64
430302,106201.53
430400,132135.81
430501,129953.26
430502,84582.563
430600,126637.05
430701,95744.328
430721,70776.297
430723,69529.273
430724,59222.52
430801,67285.266
430802,102466.81
430803,101301.37
430901,63612
430902,80124.211
431001,68769.617
431002,45621.797
431100,57862.129
431200,60689.918
431300,90835.695
431400,60081.77
431501,39077.305
431502,68289.664
431600,99327.531
431700,87359.492
431800,66005.398
431900,61362.695
432000,66523.492
432101,81219.727
432102,75202.859
432201,46531.902
432202,49984.793
432300,57673.539
432401,43761.328
432402,39206.563
432500,49142.496
432601,38919.441
432602,71217.047
432700,38383.336
432801,27194.025
432802,31227.518
432901,61851.121
432902,59596.52
433101,46154.723
433102,37010.234
433200,42058.723
433302,28289.541
433304,34136.887
433305,43976.406
433306,36441.285
433307,53741.758
433401,52974.684
433402,31954.33
433403,33449.277
433501,27555.313
433503,43162.715
433504,37072.742
433601,48406.148
433602,31964.926
433700,54729.207
433801,41329.789
433802,63671.332
433901,28816.109
433902,45690.664
434001,43425.469
434003,39452.367
434004,52361.238
460000,129388.55
460100,130555.05
460200,101534.46
460301,89262.344
460302,86383.703
460401,90719.148
460501,184154.84
460502,148329.13
460600,159619.08
460700,198032.08
460800,208081.39
460900,72823.242
461000,63155.359
461100,72178.008
461200,116875.93
461300,91504.234
461400,68646.719
461501,71295.453
461502,52729.941
461600,55914.781
461700,110024.18
461901,53118.777
461902,38406.648
462001,42583.172
462002,38015.691
462100,54931.57
462201,26670.635
462202,66549.977
462301,53159.035
462302,80091.367
462400,100084.02
462500,111411.06
462600,115265.5
462700,60553.242
462800,64656.664
462900,105695.09
463000,115302.58
463101,71275.32
463102,87329.828
463200,73328.617
463300,92926.07
463400,84965.039
463500,79983.297
463601,82687.125
463602,65889.914
463700,124887.82
463800,167942.47
463900,100067.06
464000,119855.23
464100,153089.42
464200,118625.15
480002,102528.27
480011,62733.68
480012,72972.625
480101,82285.578
480102,60403.855
480201,98815.797
480202,102682.95
480302,67277.852
480303,53636.867
480304,39811.535
480400,65857.07
480500,101856.55
480600,71124.875
480702,98647.336
480703,97641.883
480704,84150.289
480802,60381.605
480803,85853.953
480804,57578.184
480901,60943.137
480902,42627.668
480903,54299.051
481001,38539.082
481002,55417.879
481101,45930.109
481102,51305.98
481103,56225.211
481201,56191.309
481202,65120.719
481300,54248.195
481401,44934.188
481402,45795.555
481500,48368.008
481603,48383.898
481604,53526.68
481605,62944.52
481606,45630.273
481711,43928.727
481712,41285.289
481713,45028.48
481714,31122.627
481800,81202.773
481901,80960.148
481902,60838.246
482001,109019.78
482002,69901.156
482101,60038.328
482102,66438.734
482201,47133.695
482202,44463.773
482301,43919.191
482303,42777.059
482304,33624.094
482401,50408.59
482402,54543.797
482502,42335.25
482503,41929.465
482521,58272.152
482522,68349
482600,79393.164
482701,72377.195
482702,55623.418
482800,67727.078
500100,129745.6
500201,113850.02
500202,144931.33
500300,111982.13
500402,41407.133
500403,62047.129
500404,75765.453
500500,44863.199
500600,50347.141
500700,66733.273
500800,63672.395
500900,54527.902
501001,56707.281
501002,82883.133
501200,79241.656
501300,78999.031
501400,49362.871
501501,98571.055
501503,57885.438
501504,39637.777
501600,101717.75
501700,81757.953
501802,71206.453
501803,35797.113
501804,43851.383
501900,76151.109
502003,60293.668
502004,61141.262
502005,63085.434
502100,56586.5
502200,67130.578
502301,70563.336
502302,42379.746
502401,60755.605
502402,78317.773
502500,39281.789
502601,73803.273
502602,54748.277
502700,55205.98
502801,81982.563
502802,28965.498
502901,90498.773
502902,49501.664
503000,51685.281
503103,74438.969
503104,60479.078
503105,71231.883
503106,54126.355
503201,75829.023
503202,69711.508
503301,86324.367
503302,64452.18
503401,81994.219
503402,92465.195
503501,58639.797
503502,75210.281
503601,92635.773
503602,94926.398
503701,72962.031
503702,73859.422
503703,77602.617
503801,94512.133
503802,81109.539
503901,91295.516
503902,95170.078
504001,74205.883
504002,87408.227
504101,64171.414
504102,
530003,79609.297
530004,59524.477
530005,71405.641
530006,60510.863
530101,32489.375
530102,43978.523
530202,68015.258
530203,44074.938
530204,44744.539
530301,53471.586
530302,53410.137
530400,28757.838
530500,28135.914
530601,54828.797
530602,55021.625
530700,50491.23
530801,45915.277
530802,51564.5
530901,48371.184
530902,24469.008
531000,44638.59
531101,34066.961
531102,37849.352
531201,46554.152
531202,45419.434
531301,32994.754
531302,41187.816
531502,43407.457
531503,37817.566
531504,36036.559
531602,33343.324
531603,46118.699
531604,34963.293
531701,36379.836
531702,37992.383
531800,44586.672
531901,41811.859
531902,42889.363
532001,33564.762
532002,43322.695
532101,37759.297
532102,60283.074
532200,47573.387
532302,47917.723
532303,49368.168
532304,46163.199
532400,
532500,46630.438
532603,40582.848
532604,37114.063
532605,26254.254
532606,29948.709
532700,36333.219
532800,36018.547
532900,35431.59
533001,33550.988
533002,37356.688
533103,30000.623
533104,24230.621
533105,27272.428
533106,35285.379
533107,36440.227
533201,39466.141
533202,50427.66
533203,40393.195
533300,33109.18
533401,52864.496
533402,41937.938
533403,33043.488
533501,39903.711
533502,47511.934
533503,34369.977
533601,37868.422
533602,37016.59
533603,43829.137
533701,32650.418
533702,35561.906
533703,38191.57
533803,37452.043
533804,39644.137
533805,41550.164
533806,36917
533901,43886.348
533902,39689.695
534001,39865.57
534002,55928.555
534101,43373.555
534102,37195.645
534201,37250.738
534202,35564.023
534203,42680.645
534301,37333.379
534302,44991.398
534403,40162.227
534404,32199.072
534405,36997.52
534406,42309.82
534501,46608.188
534502,53744.938
534700,64957.559
534802,46058.309
534803,29564.111
534804,42315.117
534900,40358.234
535001,38054.895
535002,35379.672
535101,37703.145
535102,35168.832
535200,38216.996
535300,33219.367
535400,29798.26
535501,36544.055
535502,44955.379
535503,33579.594
535603,47607.289
535604,40206.727
535605,33771.363
535606,29798.26
535607,44716.992
535701,55813.07
535702,35325.641
535802,47134.754
535803,41428.324
535804,49369.227
535901,55039.637
535902,70916.148
536000,44896.047
536102,51224.402
536103,54510.949
536104,38333.543
536200,50197.75
540000,51077.133
540101,63039.875
540102,50915.027
540201,28233.389
540202,32976.742
540203,38214.879
540300,48491.969
540400,41566.059
540501,49833.285
540502,38026.289
540600,31122.627
540700,42349.023
540800,56602.391
540901,43914.953
540902,49558.879
541001,39667.445
541002,53555.289
541100,50395.879
541200,50814.379
541300,45235.082
541400,37964.836
541500,43296.211
541603,31978.699
541604,31919.367
541605,43909.656
541606,38442.668
541700,55339.477
541801,47996.125
541802,55419.996
542000,43938.262
542103,41520.5
542104,61656.176
542105,47346.656
542106,33581.711
542200,45566.703
542401,49947.711
542402,60963.266
542501,47298.977
542502,31974.461
542601,34921.973
542602,47879.578
542700,51401.336
542800,56780.387
542900,44667.195
543000,59414.289
543100,62337.43
543201,48781.207
543202,43111.859
543304,93297.953
543305,58512.66
543306,87573.508
543321,94605.367
543322,81012.07
543400,84759.492
543501,62076.797
543502,60703.691
543503,71473.445
543601,90498.773
543602,70223.242
543603,69937.18
543604,96678.797
543701,72928.133
543702,75118.102
543703,79362.438
543801,76901.234
543802,75352.25
543903,69228.375
543905,53107.121
544001,57581.363
544002,85671.719
550000,74496.18
550100,78983.133
550201,61252.508
550202,58934.336
550300,60992.934
550400,77475.477
550500,81612.797
550601,69926.586
550602,81363.82
550700,94122.242
550800,72037.094
550901,48276.891
550902,54563.926
551000,77265.695
551101,39928.078
551102,46272.328
551201,65755.359
551202,72372.953
551300,45704.438
551401,55375.496
551402,67514.117
551501,64315.504
551502,71556.086
551600,
551700,64603.688
551800,64442.645
551900,63921.375
552001,69245.328
552002,60580.789
552100,45718.211
552200,49995.387
552301,79060.477
552302,65953.484
552400,64704.34
552601,60990.813
552602,65252.098
552700,64532.703
552800,60865.793
552900,62940.281
553000,82633.094
553100,71018.922
553200,73242.797
553300,55047.055
553400,59298.801
553502,51329.293
553503,53441.922
553504,48008.836
553601,54502.477
553602,58063.434
553701,44830.355
553702,46311.527
553801,46853.988
553802,32956.609
553901,61409.313
553902,48366.945
554001,54217.473
554002,46352.848
554101,47180.313
554103,80029.914
554104,45399.305
554105,42917.969
554201,78302.938
554203,57259.277
554204,38291.16
554301,49194.41
554302,49266.457
554403,38146.012
554404,41952.773
554405,38651.391
554406,67386.977
554511,88345.883
554512,110118.48
554513,100963.39
554514,76359.828
554515,97120.609
554516,105535.11
554517,96769.914
554518,102783.6
554519,116588.8
554521,85504.32
554522,102043.02
554600,52658.957
554700,67248.188
554801,61543.871
554802,66989.664
554900,62934.984
555001,65288.121
555002,65670.602
555102,43019.684
555103,68803.523
555104,64893.988
555202,113413.5
555211,41295.887
555212,39447.07
570001,81179.469
570002,86746.047
570003,81258.93
570100,85833.82
570202,55557.73
570203,45257.332
570204,55917.957
570301,43140.465
570303,35343.648
570304,44015.605
570402,61896.68
570403,44208.434
570404,52635.648
570501,69241.094
570502,58373.863
570601,44460.594
570602,53189.762
570603,32976.742
570701,70812.32
570702,90321.836
570800,82925.516
570901,95655.328
570902,89776.195
571000,86591.359
571101,111360.2
571102,89624.688
571200,84178.891
571300,106437.8
571400,84883.453
571502,58755.281
571503,81109.539
571504,64434.168
571600,13023.297
571701,50491.23
571703,34985.543
571704,42426.367
571800,108598.1
571900,75979.469
572001,90335.609
572002,68065.055
572100,115661.75
572201,70301.648
572202,85959.898
572301,53458.875
572302,57389.594
572400,52644.121
572500,21746.107
572600,79641.078
572700,57249.742
572800,21437.795
572900,38360.027
573002,27034.041
573003,58731.973
573004,28274.709
573100,55940.207
573201,29017.414
573202,42682.762
573300,32255.227
573401,69494.313
573402,51677.863
573403,105410.09
573601,106114.65
573700,106260.86
573800,102646.93
573902,114742.11
574000,123113.16
574100,95665.922
574201,98885.727
574202,68905.234
574300,80635.945
574400,102341.8
574500,99120.93
574601,
574602,88260.063
574700,
574800,76013.375
574901,99950.516
574902,54897.664
575001,73740.758
575002,69450.875
575101,39003.141
575102,26336.895
575103,39254.242
575201,39103.793
575202,36530.281
575300,32662.072
575401,32000.947
575402,34433.547
575500,
575801,28149.688
575802,29824.748
575803,24554.826
575901,39651.551
575902,31539.008
576001,70246.555
576200,24003.889
576301,33763.945
576302,38899.313
576401,29630.859
576402,40756.605
576403,34182.445
576501,34488.641
576502,37155.383
576503,42893.602
576601,53464.172
576602,60258.703
576700,73294.711
576801,43608.762
576802,50671.344
576901,32414.15
576903,43556.844
576904,50827.09
577000,59827.488
577100,60060.578
577200,75563.094
577300,62618.195
577400,81118.016
577501,92365.602
577504,104246.77
577602,81343.688
577603,102684.01
577604,90388.586
599000,63966.934
599100,
600100,24220.025
600201,30834.445
600202,26069.902
600302,39494.746
600303,25937.465
600304,24945.779
600400,36496.379
600501,61900.918
600502,60668.727
600601,66579.641
600602,28429.395
600702,75403.109
600703,69804.742
600704,70569.695
600801,65934.414
600802,56105.488
600902,36849.191
600911,53866.777
600912,46455.621
601001,23358.658
601002,43295.152
601100,32182.121
601202,44538.996
601211,37946.828
601212,41717.563
601301,64231.805
601302,49753.824
601303,34963.293
601401,43797.352
601402,53968.488
601501,34390.105
601502,37406.484
601600,42794.012
601700,34366.797
601801,33870.953
601802,38946.988
601900,36229.387
602002,41965.484
602003,38857.992
602004,40082.766
602103,34573.398
602104,44300.609
602105,42657.336
602106,46109.164
602200,61529.035
602301,79515
602302,127762.23
602402,53695.141
602403,49669.066
602404,50767.758
602504,40874.207
602505,32866.555
602506,40014.957
602507,40298.902
602508,45478.766
602509,52729.941
602600,53353.984
602700,82331.133
602801,34820.262
602802,55362.785
602900,36043.977
603001,42606.48
603004,48324.566
603005,47882.758
603006,47447.305
603101,51915.191
603102,44996.699
603200,59665.387
603301,39772.332
603302,47293.68
603400,53359.281
603500,70370.516
603600,81668.953
603702,81183.703
603703,87937.977
603704,45206.477
603801,49346.977
603802,54812.906
603900,50205.168
604001,48825.707
604002,50614.133
604100,49574.77
609900,66549.977
620001,101503.73
620002,77033.664
620101,101129.73
620102,85327.383
620201,131954.64
620301,162897.16
620303,151700.42
620305,144661.16
620400,137136.63
620501,129215.85
620521,93161.281
620522,92753.375
620601,116922.55
620602,122142.67
620701,107851.16
620702,133540.7
620800,158423.97
620901,173174.25
620904,176472.45
621001,126905.09
621002,105143.09
621004,89828.117
621102,160493.17
621104,123575.11
621201,114835.34
621204,91542.375
621301,107291.75
621324,117940.72
621326,93533.164
621400,107617.02
650001,70502.945
650003,47460.02
650004,60448.352
650101,94692.25
650102,88316.219
650200,103706.42
650300,62911.676
650401,104776.51
650501,108804.7
650502,103202.1
650602,67818.195
650603,79967.406
650604,54484.465
650605,66702.547
650701,101314.09
650702,118892.15
650800,84151.344
650901,68009.961
650902,84852.734
651001,91716.133
651002,91116.461
651101,96279.367
651102,55281.203
651201,131406.89
651221,56505.977
651222,95762.336
651302,110316.6
651304,87839.445
651401,67984.531
651402,110745.7
670001,66188.688
670002,59894.238
670003,61524.801
670100,59457.727
670201,139720.73
670202,170779.78
670324,166618.09
670326,185979.28
670328,208333.55
670403,141707.28
670405,109766.73
670406,132966.45
670407,99552.148
670411,120420.99
670413,147137.19
670416,105085.88
670500,229335.89
670602,146942.23
670701,106778.95
670702,177116.63
700101,44309.086
700102,23479.439
700200,56554.715
700300,81912.633
700400,77561.297
700501,74860.648
700502,59538.25
700600,254656.72
700700,
700801,86458.922
700802,73451.516
700901,76151.109
700902,80710.109
701000,122031.42
701100,
701201,166813.05
701202,87607.414
701302,73303.188
701304,122538.92
701402,75172.141
701501,93099.828
701502,83279.383
701601,110484
701602,100417.75
701701,75453.961
701702,54143.305
701801,51319.754
701802,60993.992
701902,59808.418
702002,63940.445
702102,101221.91
702201,81375.477
702202,96279.367
702300,77826.172
702400,94889.313
702501,85642.055
702502,95686.055
702600,90661.938
702700,127506.89
702801,61822.516
702802,82266.508
702803,70375.813
702901,106155.97
703001,82164.797
703002,109544.23
703100,74214.352
703200,97227.617
800101,144454.55
800102,105397.38
800202,136532.72
800203,124680.16
800204,123511.54
800324,133779.09
800325,102054.67
800326,125387.9
800327,78711.906
800328,78566.758
800329,99420.766
800330,126290.59
800331,133496.2
800332,157277.59
800406,129198.9
800408,118809.51
800410,135808.02
800504,124847.56
800506,161776.22
900102,21535.27
900103,34754.57
900104,45248.855
900201,40393.195
900300,45651.465
900501,41055.379
900504,65453.402
900505,36957.258
900506,43194.5
900507,40873.148
900508,59429.121
900602,35911.539
900605,43819.602
900606,33387.824
900607,23557.842
900608,49547.223
900609,42201.754
900701,35024.742
900703,27329.641
900704,36681.789
900705,45844.293
900803,49254.801
900804,39785.047
900805,59265.957
900806,20399.492
900900,60773.617
901003,
901004,83133.172
901007,102970.07
901008,62795.133
901009,63414.938
901010,50747.629
901011,61372.23
901101,51227.578
901102,63055.766
901205,84564.547
901209,55917.957
901210,58873.945
901213,108326.88
910001,54847.871
910002,47824.484
910101,37709.5
910201,57002.879
910202,92396.328
910205,57807.035
910206,107715.55
910207,94230.313
910208,64341.992
910209,102158.5
910210,90939.523
910301,98129.25
910302,90998.852
910401,78809.383
910402,31595.162
910403,22152.953
910404,49398.895
910501,15541.713
910502,35001.434
910504,37762.473
910505,52532.875
910601,29616.027
910602,28176.176
910603,43109.738
910605,53456.754
910606,49800.441
910705,72269.125
910706,54727.086
910707,51981.938
910709,64981.926
910711,41416.668
910712,57389.594
910713,55235.645
910714,48109.488
910715,53571.18
910716,59610.293
910804,92344.414
910805,84428.938
910807,106237.55
910808,90809.203
910809,129953.26
910810,124031.75
910811,110131.19
910812,78137.656
910813,103383.27
911001,57409.727
920011,62245.254
920012,71663.094
920013,109333.39
920015,128095.97
920016,133496.2
920017,91003.094
920018,97738.297
920020,86777.828
920023,61022.598
920026,66028.703
920028,114690.2
920029,70901.32
920030,86713.203
920031,58779.652
920032,144061.48
920033,66880.539
920034,66312.648
920035,70690.477
920036,84362.188
920037,53310.543
920038,56375.66
920039,113620.1
920040,94771.711
920041,76283.547
920042,76342.875
920043,131377.22
920044,112281.96
920045,125853.02
920102,70694.719
920104,121841.77
920106,75488.93
920107,150632.45
920108,118677.07
920109,110312.37
920110,137928.06
920111,106632.74
920112,89704.156
920114,95247.422
920115,120811.95
920116,112803.23
920118,115799.48
920119,141574.84
920200,
920303,122787.91
920312,84798.695
920313,97961.844
920314,127774.94
920322,100828.84
920326,94444.328
920328,116792.23
920329,97645.055
920330,93803.336
920331,98378.227
920332,82276.039
920334,76422.336
920336,50613.074
920337,44979.746
920338,162954.38
920339,127696.54
930101,61583.07
930200,82110.758
930301,81228.203
980001,
980002,
980003,
980004,
980005,
980006,
980007,
980008,37744.465
980009,
980010,
980013,
980014,
980015,54078.676
980018,
980019,155613.14
980020,
980021,
980022,
980023,
980024,
980025,
980026,
980028,
980030,
980031,
980033,
990300,
