Area,Opportunity_Youth
101110,11.87801
101122,12.38938
101210,13.333333
101220,15.652174
101300,7.9617834
101400,8.5299454
102103,18.181818
102104,5.5555553
102105,13.851352
102107,4.5340052
103101,16.872429
103102,15.102639
103200,14.067797
103300,11.934156
103400,16.959799
104103,15.497076
104105,9.2530661
104108,13.882353
104124,13.28
104201,15.5
104203,20.284237
104204,19.954649
104310,20.772947
104320,20.666666
104401,16.75485
104403,22.168674
104404,26.420454
104500,21.853148
104610,25.526932
104620,22.657581
104701,24.594595
104703,22.946177
104704,26.16099
104810,11.674347
104821,24.300699
104822,13.778706
106010,9.6412554
106020,8.1720428
106111,10.686016
106112,5.6902003
106113,9.9206352
106114,18.526316
106403,13.458262
106405,18.29574
106406,5.032258
106407,10.638298
106408,20.124224
106510,9.1397848
106520,17.713568
106603,9.6196871
106604,11.856474
106641,7.009346
106642,7.8431373
106643,1.2269939
106645,8.2802544
106646,8.1135902
106648,11.87801
106649,15.942029
107010,26.713533
107020,14.060606
108101,4.390244
108102,5.0403228
108103,7.8703704
108104,14.468085
108201,3.6328871
108202,2.2321429
109100,20.107239
109200,4.961832
109300,9.11271
109400,9.2672415
109500,12.516129
109601,9.7222223
109603,8.5808582
109604,8.695652
109700,9.954751
109800,14.749263
111100,11.680327
111201,11.926605
111202,10.97852
111204,1.9390582
111205,7.2207084
111206,5.0239234
111301,8.6373787
111302,6.3279858
111400,5.4470711
113101,4.217926
113102,11.859838
113211,14.767933
113212,8.238636
113213,4.2682929
113231,16.299559
113232,4.6961327
113233,12.761276
113234,15.641477
113235,16.233767
113237,13.095238
113301,14.723927
113303,10.169492
113321,7.8431373
113322,7.352941
113401,8.1699343
113421,17.923498
113422,19.620253
115101,7.2972975
115103,0
115104,4.4597988
115201,4.8407645
115202,10.052219
115301,5.3598776
115302,14.018692
115401,4.8648648
115403,14.864865
115404,15.128205
117101,22.360249
117102,6.7846608
117201,9.3085108
117202,11.255411
117301,8.6629
117302,9.7759676
117303,33.029613
117404,9.2009687
117405,18.795889
117407,14.827586
117408,25.203253
117510,17.300131
117520,16.036308
117530,12.808642
119001,13.137255
119002,10.844893
119201,12.70627
119202,22.016808
119310,18.092106
119320,15.780731
119340,20.203735
119341,13.141684
119342,21.240601
119400,16.879795
119700,10.546875
119800,10.42735
119900,7.0229006
120010,25.935829
120020,17.669655
120030,27.150537
120103,27.765726
120104,16.778524
120105,17.926565
120106,23.809525
120107,21.80851
120108,15.805471
120300,18.760757
120400,18.155893
121010,10.8
121020,9.2281876
121101,22.299652
121102,11.785714
121210,14.55399
121221,10.606061
121222,15.658748
121600,8.7378645
121801,9.4771242
121802,14.417745
121900,8.3009081
122000,15.011547
122120,9.5926409
122121,8.3769636
122122,8.3743839
122200,10.655738
122410,22.151899
122420,15.16129
123010,13.448735
123020,12.349915
123103,13.94052
123104,16.911764
123203,18.942732
123204,8.6206894
123205,14.634147
123206,11.904762
123301,13.771518
123303,15.913556
123304,17.547171
123410,18.616144
123420,17.271156
123510,20.117474
123520,10.72261
123601,9.2857141
123602,15.619695
123700,11.714771
123800,7.377049
123901,18.838305
123902,15.044248
124000,8.6148653
124102,17.61194
124103,20.945946
124104,20.572916
124105,25.074627
124201,9.3548384
124203,14.663462
124204,12.761905
124300,21.167883
124400,9.5703125
124500,10.616438
124600,15.625
124700,28.690229
124902,7.9881659
124903,24.555161
125100,21.637426
125200,11.020409
125310,10.737527
125320,16.07744
125401,35.785954
125402,20.967741
125501,18.518518
125502,21.105528
125600,3.0864198
127102,14.627995
127103,18.848167
127104,18.518518
127210,17.991171
127220,8.9005232
127300,9.1514139
127400,17.178612
127520,23.541666
127603,10.962566
127604,12.686567
127605,10.91954
127606,12.178388
127711,18.090452
127712,5.8997049
127803,5.9375
127804,20.033388
127805,15.436241
127806,12.08577
127910,15.771526
127920,15.702479
128101,13.783784
128102,15.462185
128210,20.636942
128220,9.4488192
128302,11.973392
128303,17.953669
128400,11.911357
128500,12.406948
128601,11.267606
128602,10.878661
128702,5.4237289
128801,19.808308
128802,6.7415729
128910,17.602041
131010,9.1360474
131020,10.440835
131100,11.382113
131200,8.8471851
131300,12.772586
131400,12.6071
131600,12.178218
131701,4.25
131702,7.8393884
131800,26.010782
131900,7.1428571
132001,8.333333
132002,9.4922733
132101,18.095238
132102,6.2098503
132300,10.210971
132501,9.659091
132502,12.908778
132700,10.042735
132900,4.8611112
133000,12.575758
133100,13.953488
134001,20.805368
134002,18.60465
134101,9.3514328
134103,8.9324617
134104,5.6074767
134201,9.1836739
134302,14.285714
134303,20.879122
134304,15.90106
134305,10.532687
134306,3.8374717
134421,4.4088178
134422,12.790698
134423,15.151515
134424,11.971831
134520,14.514286
134521,21.020409
134522,18.354431
134710,13.287401
134720,17.272728
134800,12.068966
134901,15.686275
134903,14.59854
134904,7.8778133
134905,25.581396
135102,19.370861
135111,9.9630995
135113,5.2980132
135114,21.656052
135201,5.3639846
135202,14.045801
135203,5.2631578
137000,17.623762
137103,2.9126213
137104,9.2348289
137201,17.400881
137301,4.5901637
137302,2.8520498
137401,3.2490976
137402,19.765167
137501,8.5910654
137502,7.5528703
137504,9.8522167
138000,5.352798
139001,0
139200,25.078865
139301,13.75
139302,13.211845
139303,8.8235292
139401,11.709601
139402,7.003891
139502,1.5075377
139503,5.9360728
139504,12.84153
139600,14.137931
139701,3.5377359
139702,4.2394013
139703,3.9603961
139801,3.9130435
139802,6.9892473
141101,5.9382424
141102,5.1886792
141201,25.8547
141202,8.8235292
141302,14.347826
141303,16.339869
141304,7.8740158
141400,11.111111
141500,12.565445
141600,12.827225
141700,17.692308
143100,17.467249
143200,29.118774
143300,6.1633282
143400,21.019108
143500,18.884121
143602,0
143603,26.696833
143604,18.166384
143700,27.354259
143800,22.848665
143901,13.194445
143902,20
181000,5.0772629
181300,14.784946
181400,10.648918
181500,13.214286
181600,1.0072747
183101,14.882506
183103,15.618661
183104,14.732142
183220,9.8522167
183221,2.6128266
183222,5.2795029
183300,4.7619047
183401,5.3977275
183402,5.3601341
183510,11.881188
183520,18.827709
183610,23.484848
183620,17.436975
183701,14.119601
183702,8.1794195
183810,20.292887
183820,9.6436062
185100,4.8997774
185202,15.348837
185203,13.242785
185204,7.0588236
185310,20.22472
185320,12.798265
186100,3.6764705
186201,18.907562
186202,11.836735
186203,13.333333
186301,16.317991
186302,15.686275
186401,15.180265
186403,15.476191
186404,11.818182
187101,12.654321
187102,5.8823528
187200,10.208817
187300,8.0971661
188100,16.574585
188201,12.785388
188202,7.8431373
188300,3.6649215
189101,9.2105265
189102,10.309278
189201,9.2150173
189202,18.75
189300,5.1886792
189400,1.7857143
189500,11.666667
189600,64.788734
189701,15.227273
189702,10.909091
189800,20.258621
189902,21.911423
189903,26.480837
189904,13.551402
189905,10.079576
190100,11.904762
190201,6.8268013
190202,16.843971
190301,16.27566
190401,7.6923075
190402,9.7014923
190510,20.656635
190520,9.333333
190700,16.200294
190801,13.968958
190802,9.4936705
190901,25.034966
190902,16.094421
191000,9.2929296
191110,18.100891
191120,26.095617
191201,9.1976519
191203,25.884956
191204,12.080537
191301,15.017065
191302,15.862069
191410,16.105417
191420,8.8397789
191500,20.227272
191610,11.953353
191620,14.511873
191710,21.706865
191720,23.908524
191810,25.703566
191820,7.9872203
191901,18.164436
191902,3.3707864
192001,26.455027
192002,8.3870964
192300,14.285714
192410,22.34763
192420,8.4403667
192510,6.034483
192520,15.710382
192610,34.782608
192620,21.6
192700,13.432836
194101,12.169312
194102,16.10487
194200,20.121952
194300,10.211267
194401,17.741936
194402,29.752066
194500,14.871795
195100,25.221239
195201,9.2592592
195202,8.6206894
195300,10.070257
195400,9.6000004
195500,9.1743116
195600,22.779922
195710,19.226118
195720,16.810345
195802,17.868338
195803,13.513514
195804,17.424242
195901,11.764706
195902,14.285714
195903,16.883118
197200,22.24299
197300,21.84874
197410,8.8669949
197420,13.747229
197500,9.2783508
197600,6.9565215
197700,13.648293
199000,16.300129
199110,26.640926
199120,8.3457527
199201,17.843866
199202,18.396227
199300,13.694267
199400,28.121212
199700,15.049505
199800,13.356164
199900,18.435755
201110,16.728624
201120,23.932926
201200,25.797102
201301,6.2645011
201302,3.030303
201401,14.516129
201402,16.479401
201501,19.042553
201503,13.803681
201504,8.8495579
201601,12.565445
201602,16.846653
201700,3.6681716
203100,18.3384
203200,15.527065
203300,4.7619047
203500,18.537415
203600,19.203413
203710,19.439253
203720,14.067278
203800,13.054831
203900,19.774012
204110,14.878893
204120,23.569023
204200,14.285714
204300,19.047619
204410,9.5607233
204420,37.837837
204600,20.628683
204700,10.635538
204810,13.831089
204820,29.292929
204910,22.891565
204920,12.682927
205110,15.692822
205120,14.507772
206010,18.579235
206020,31.464968
206031,7.1005917
206032,12.253829
206050,22.885572
206200,25
206300,59.599998
207101,8.2978725
207102,12.781955
207103,9.3596058
207301,15.384615
207302,24.767801
207501,7.216495
207502,21.527779
207710,21.034483
207900,10.552147
208000,14.825582
208301,5.2109179
208302,16.449511
208401,13.783403
208402,19.361702
208501,7.4918566
208502,11.69451
208610,14.647378
208620,5.7395144
208710,1.2861736
208720,18.47015
208801,18.652849
208802,26.062323
208902,22.772278
208903,21.033869
208904,12.280702
209102,15.740741
209103,16.455696
209104,19.047619
209200,15.58669
209300,10.182768
209401,21.2938
209402,20.711298
209403,16.464891
209510,13.49481
209520,18.729097
209810,25.515465
209820,21.261683
210010,14.345991
211000,2.840909
211120,11.4241
211121,16.717325
211122,8.3044987
211201,13.96648
211202,17.816092
211310,17.669172
211320,18.145161
211410,8.6021509
211420,12.684366
211500,7.5757575
211701,5.7591624
211703,18.528996
211704,11.568124
211802,6.802721
211803,16.470589
211804,15.027829
211910,10.180996
211921,35.599998
211922,29.705883
212101,10.064935
212102,9.090909
212202,22.495274
212203,7.816092
212204,15.404699
212303,21.511627
212304,23.049644
212305,17.117117
212306,12.4498
212410,19.011406
212420,18.066158
212501,15.102041
212502,15.151515
212610,14.146341
212620,18.72146
212701,18.220339
212702,15.476191
212800,5.7657657
212900,14.634147
213100,15.512465
213201,17.462933
213202,13.571428
213310,13.970589
213320,37.751003
213401,20.625
213402,25.520834
214000,8.7349396
214100,12.59542
214400,26.190475
214501,18.972332
214502,6.0542798
214503,10.079576
214600,23.232323
214700,14.02439
214800,10.196078
214901,0
214902,22.250639
215101,10.992908
215102,16.71159
216100,2.6490066
216200,28.375286
216300,16.571428
216401,16.043957
216402,20.79208
216700,26.065163
216800,6.3157897
216900,28.270042
217001,4.6948357
217002,18.330606
217100,14.205607
217200,14.806378
218110,12.947659
218120,17.938931
218210,21.311476
218220,5.5118113
218300,35.502121
218400,16.820988
218500,23.397436
218600,8.1240768
218701,19.660194
218702,9.3548384
218800,20.717131
218900,10.259434
219010,13.806706
219020,10.634921
219300,12.64637
219500,8.1730766
219700,13.616398
219800,18.201284
219901,13.275862
219902,18.532818
220000,13.857142
220100,4.7619047
221110,16.067654
221120,15.968064
221210,13.74269
221220,20.802006
221302,26.417234
221303,18.131868
221304,15.450644
221401,24.867725
221402,12.84153
221500,19.662922
221601,20
221602,21.158129
221710,16.605165
221810,7.0270271
221820,3.4129694
221900,2.2140222
222001,14.251781
222002,25.291182
222100,12.691466
222200,14.615385
222500,14.195184
222600,6.5893836
222700,0.2674512
224010,11.803279
224020,13.744076
224200,11.174785
224310,28.089888
224320,19.191919
224410,7.7456646
224420,13.774597
224600,16.007906
224700,0.78726071
226001,19.03409
226002,25.862068
226410,10.674157
226420,21.257484
226700,18.549128
227010,10.191083
227020,17.307692
228100,24.655964
228210,19.23077
228220,18.170425
228310,17.462933
228320,14.316239
228410,17.304747
228420,31.194296
228500,25.160461
228600,19.74299
228710,18.967922
228720,20.813772
228800,18.050941
228900,20.877193
229100,16.579634
229200,23.989899
229300,17.721519
229410,20.573357
229420,18.918919
231100,28.232759
231210,21.723518
231220,15.882353
231300,13.612565
231400,21.832062
231500,19.160583
231600,11.089682
231710,19.801981
231720,19.358408
231800,11.378205
231900,12.526539
232110,11.985019
232120,15.620998
232200,25.434782
232300,18.979057
232400,14.368932
232500,24.261873
232600,22.189348
232700,23.036093
232800,17.169811
234000,18.382353
234200,21.925133
234300,22.711864
234501,22.605364
234502,42.016808
234600,23.956932
234700,17.344173
234800,18.024263
234901,10.474308
234902,26.771654
235100,15.958816
235201,23.341524
235202,39.183674
236000,0
236100,17.150761
236202,20.341881
236203,9.3821507
236204,22.891565
236400,18.130312
237101,27.469135
237102,22.041763
237201,23.035715
237202,25.027443
237300,15.310078
237401,10.583941
237402,10.356537
237500,17.327766
237600,12.569316
237710,24.685139
237720,18.97436
237800,27.443609
237900,24.198717
238000,14.392524
238100,15.254237
238200,9.5634098
238310,16.245007
238320,23.046093
238400,27.403847
239201,20.360361
239202,14.397322
239310,25.759768
239320,21.140472
239330,21.760798
239501,27.1012
239502,28.350515
239601,22.613066
239602,19.364599
239701,24.0634
239702,35.36404
239801,14.065934
239802,16.462585
240010,19.58457
240020,38
240200,17.147709
240300,18.402283
240401,20.05571
240402,24.781851
240500,10.295729
240600,28.77828
240700,12.829324
240800,21.536524
240900,15.802172
241001,24.899057
241002,36.238533
241110,20.79002
241120,19.2607
241201,28.735632
241202,31.924883
241300,22.701149
241400,33.333332
242000,20.762712
242100,21.538462
242200,15.771812
242300,18.056919
242600,36.476685
242700,29.866989
243000,20.81448
243100,28.16754
261101,7.7181206
261102,3.1128404
261200,7.2192512
262100,2.8708134
262200,6.4425769
262301,0.17123288
262302,4.2857141
262303,0.95238096
262400,1.0471205
262501,14.411765
262601,13.654618
262604,7.1999998
262704,8.7323942
262706,10.357142
262802,1.0471205
264000,5.3941908
264102,9.2050209
264103,10.15625
264301,10.332104
264302,12.917595
265100,10.309278
265201,0.26548672
265202,5.9347181
265301,0
265303,1.3731631
265304,1.4690075
265305,1.3807532
265410,3.7735848
265420,1.1019284
265510,2.9545455
265520,17.391304
265601,10.288066
265602,5.9259257
265700,5.8510637
267100,21.039604
267200,5.7312255
267300,8.3710403
267402,23.636364
267403,6.7272725
267404,16.027874
267501,10.526316
267502,9.2643051
267600,10.56338
267700,15.410959
267800,19.254658
267901,25
267902,3.7800686
269000,17.183098
269100,3.5381751
269300,11.068703
269500,8.0808077
269601,32.777779
269602,18.736841
269700,6.5934067
269800,13.989637
269903,10.051993
269904,8.0586081
269905,11.524822
269906,15.104167
269907,13.08642
270100,30.650154
270200,15.242495
270300,17.5
271100,7.4349442
271200,8.9622641
271300,12.962963
271400,16.444445
271500,10.169492
271600,7.394958
271701,10.016694
271702,6.1983471
271801,15.257353
271802,7.8319006
271901,24.871796
271902,14.583333
272100,7.9575596
272201,21.12676
272202,12.57485
272301,19.424461
272302,13.043478
273100,7.1428571
273200,20.56962
273300,13.483146
273402,12.110726
273502,15.416667
273600,4.9019608
273700,17.228464
273800,7.8358207
273902,25
274100,8.5284281
274202,9.6774197
275101,18.018019
275102,11.697248
275200,26.763111
275302,14.929578
275311,15.227273
275400,12.5
275500,18.800461
275602,1.7777778
275603,4.33213
276000,8.474576
276100,11.058824
276400,2.3129251
276500,0.61794734
276601,9.7674417
276603,18.87324
276604,3.7807183
277000,6.1302681
277100,3.0837004
277200,6.329114
277400,14.726027
278001,4.1666665
278102,9.1954021
291110,13.636364
291120,21.012659
291130,29.960318
291210,10.6
291220,4.5801525
291300,5.8064518
292000,21.072088
293201,15.700483
293202,19.565218
293301,9.2178774
293302,7.5320511
293304,17.378498
293306,7.0833335
293307,14.344262
294110,19.656786
294120,11.747851
294200,15.364583
294301,17.675545
294302,22.235023
294410,10.340909
294421,14.780601
294510,17.154812
294520,9.963768
294610,14.691943
294620,24.770641
294701,9.4488192
294810,15.848527
294820,14.354838
294830,20.578232
294900,18.84273
295103,9.5238094
296210,31.609196
296220,12.674651
296300,7.7803202
296401,19.140625
296402,12
296500,21.964285
296600,8.6526575
296901,9.8501072
296902,21.95122
297000,5.9945502
297110,26.875
297120,7.0116863
297201,12.103746
297202,7.2727275
297300,5.1546392
297400,4.6109509
297500,4.6321526
297601,24.880383
297602,9.9447517
300100,2.4711697
300200,5.4140129
300301,8.609271
300400,5.451448
300501,3.7037036
300502,17.049809
300600,7.5883574
300701,3.3663366
300702,5.0108933
300800,6.2289562
300901,4.4444447
300902,10
301000,19.006479
301100,6.9984446
301203,4.693141
301204,10.810811
301205,11.004785
301206,8.8414631
301300,9.160305
301400,7.5555553
301501,12.133891
301502,11.645963
301601,16.216217
301602,16.847826
301701,14.328359
301702,24.9226
301801,3.0674846
301802,6.3888888
301900,10.863095
302002,35
302003,18.095238
302004,9.6711798
302102,15.961538
302103,12.009804
302104,15.481172
302201,15.938303
302202,23.691099
302301,12.38938
302302,10.283159
302401,18.831169
302503,8.94526
302504,27.118645
302505,21.525885
302506,12.997348
310100,2.0512822
310201,8.8842974
310202,9.8169718
310300,11.231884
310400,8.2677164
310501,11.827957
310601,13.751169
310602,17.785234
310701,2.8571429
310702,9.8143234
310703,35.023041
310800,20.373833
310900,12.152778
311000,11.371238
311100,5.152225
311200,9.4827585
311300,6.9565215
311400,15.137614
311500,12.086093
311600,8.7621698
311700,2.7548208
311801,10.880829
311802,15.778252
320100,9.5762711
320201,8.8114758
320202,8.9430895
320300,13.793103
400204,7.9896908
400205,12.398922
400206,10.191083
400207,10.104012
400302,10.616438
400304,3.3453889
400402,7.0444102
400403,9.0712748
400404,8.4249086
400501,3.7288136
400602,6.7092652
400603,15.456239
400604,11.320755
400800,0.17165276
400900,11.793612
401001,14.138818
401002,11.978221
401101,12.581063
401102,6.1371841
401201,15.659341
401202,7.8236132
401203,18.816568
401303,9.5940962
401304,3.3921304
401311,11.284916
401312,6.0568604
401500,10.15625
401601,5.9471364
401602,6.1968408
401603,15.151515
401701,2.8350515
401703,7.8909612
401704,17.407408
401800,1.4432989
401901,0.056947608
401902,21.097046
402001,10.862619
402002,2.1912351
402101,18.165138
402102,13.450293
402200,20.431473
402301,22.335026
402303,18.111111
402304,20.211361
402402,16.777779
402403,1.5532941
402404,0.050916497
402405,12.451362
402406,15.053763
402501,15.851449
402502,27.437641
402600,10.543478
402702,18.60465
402703,17.481663
402705,13.519313
402706,12.820513
402801,17.152103
402803,17.164179
402804,15.210843
402902,20.850708
402903,32.07547
402904,8.1377153
403000,19.333334
403303,7.2625699
403304,9.2178774
403305,12.252964
403312,6.9732938
403316,8.3818398
403317,5.6878309
403318,8.6244545
403319,5.9925094
403320,8.8983049
403321,7.7519379
403322,8.548708
403323,5.1987767
403324,5.7342658
403325,13.56784
403401,13.253012
403402,9.0189877
403403,5.0335569
403404,11.357341
403405,1.5544041
403406,6.1946902
403407,2.4316111
403408,5.3952322
403500,8.7649403
403600,17.387127
403702,11.80867
403703,7.2761192
403721,12.302284
403722,16.99115
403801,10.446247
403802,17.146776
403901,25.365854
403902,9.6726189
404000,12.351544
404100,14.904862
404201,9.973753
404202,1.9480519
404301,12.573674
404302,27.18894
404401,15.245009
404402,7.9831934
404501,25
404503,20.100502
404504,14.700705
404600,22.439024
404701,13.392858
404702,9.7689075
404703,17.960426
404801,11.501597
404802,19.586206
404803,8.7136927
404901,12.936345
404902,17.363344
404903,12.878788
405001,13.397483
405002,10.368664
405101,12.207792
405102,10.638298
405201,14.857142
405202,13.382353
405203,7.0607553
405301,14.902808
405302,17.571884
405400,14.442013
405500,5.2826691
405600,9.0285711
405701,9.375
405702,29.680998
405800,8.3769636
405900,19.7318
406000,10.767468
406101,6.5335755
406102,22.466961
406200,12.368024
406300,6.0818715
406402,9.2485552
406411,6.7114096
406412,2.0689654
406500,6.732348
406601,9.2888241
406602,14.235706
406701,19.485294
406702,12.661499
406800,11.094453
406901,2.3659306
406902,24.015009
407001,16.808769
407002,24.232634
407101,11.71875
407102,18.298368
407200,16.683218
407301,12.847966
407302,17.179024
407400,20.357143
407501,17.975567
407502,10.10101
407601,6.7019401
407602,13.735343
407701,12.345679
407702,10.652921
407801,21.518988
407802,16.244411
407900,18.335901
408003,17.228464
408004,14.503817
408005,13.957055
408006,10.752688
408133,10.204082
408134,18.831169
408135,25.679012
408136,10.135135
408137,30.873787
408138,29.321663
408139,19.162437
408140,16.07445
408141,23.958334
408202,13.747229
408211,7.2983356
408212,4.5662103
408301,18.865435
408302,4.7531991
408303,12.252253
408401,19.424461
408402,9.5840864
408501,5.381166
408503,4.0229883
408504,8.9574156
408505,12.142858
408623,15.759313
408624,10.791367
408625,10.42654
408626,6.6666665
408627,12.835821
408628,12.732096
408629,8.8607597
408630,19.791666
408631,20.146521
408703,8.8275862
408704,9.2838192
408705,8.333333
408706,7.0588236
408722,12.007874
408723,11.174785
408724,15.092166
408800,15.532734
430002,10.584678
430003,11.894273
430101,13.636364
430102,8.3116884
430200,5.8139534
430301,4.359673
430302,14.624506
430400,4.0899796
430501,12.087913
430502,5.1282053
430600,10.731708
430701,12
430721,13.063063
430723,6.9711537
430724,4.1125541
430801,6.3101606
430802,2.6578074
430803,5.6856189
430901,18.324608
430902,10.158013
431001,9.9702377
431002,4.2105265
431100,9.1036415
431200,18.510639
431300,8.4656086
431400,0.29498526
431501,13.989637
431502,6.8817205
431600,2.8720627
431700,6.4039407
431800,3.6088474
431900,2.1479714
432000,10.227273
432101,17.80822
432102,11.5
432201,13.827161
432202,12.302839
432300,10.132158
432401,9.89011
432402,7.3333335
432500,16.203703
432601,9.4801226
432602,10.643016
432700,16.427105
432801,17.111111
432802,19.97534
432901,9.4855309
432902,9.3816633
433101,7.7319589
433102,18.758257
433200,19.616686
433302,12.121212
433304,8.5399446
433305,17.443609
433306,17
433307,15.022422
433401,14.345115
433402,22.083334
433403,9.1743116
433501,18.571428
433503,13.402061
433504,16.068377
433601,6.1682243
433602,6.1302681
433700,17.254902
433801,13.806706
433802,4.9603176
433901,24.421965
433902,32.129276
434001,15.995975
434003,13.071896
434004,9.7902098
460000,6.7114096
460100,5.1685395
460200,9.4616642
460301,7.0175438
460302,10.76716
460401,1.3157895
460501,4.029304
460502,8.661417
460600,7.8039927
460700,3.5582821
460800,1.6483517
460900,14.285714
461000,14.703557
461100,26.222221
461200,6.9825435
461300,9.383378
461400,5.3072624
461501,17.532467
461502,17.228104
461600,12.365064
461700,4.0404038
461901,20.193237
461902,20.895523
462001,17.5
462002,14.644809
462100,13.111888
462201,15.742794
462202,23.574144
462301,23.162939
462302,9.7902098
462400,10.299004
462500,15.521065
462600,5.8823528
462700,12.834225
462800,16.818182
462900,18.430035
463000,8.2417583
463101,11.320755
463102,5.5555553
463200,18.90411
463300,1.7857143
463400,6.3063064
463500,1.47651
463601,11.349693
463602,12.385321
463700,14.179105
463800,13.615024
463900,14.393939
464000,5.8536587
464100,6.1068702
464200,4.0856032
480002,11.153846
480011,12.653779
480012,8.8154268
480101,3.2448378
480102,9.090909
480201,1.5209125
480202,8.2568808
480302,12.080537
480303,16.241299
480304,8.6538458
480400,7.9787235
480500,5.6644878
480600,11.835335
480702,7.2131147
480703,18.677042
480704,11.044177
480802,12.702079
480803,17.073172
480804,6.9620252
480901,8.4233265
480902,8.5158148
480903,14.361702
481001,12.951807
481002,26.726343
481101,7.5546718
481102,3.5087719
481103,14.693877
481201,9.0373278
481202,10.453649
481300,17.857143
481401,1.3595166
481402,8.3143511
481500,4.6568627
481603,15.560166
481604,8.6319218
481605,13.422819
481606,14.035088
481711,20.902613
481712,9.469697
481713,12.068966
481714,18.636364
481800,1.010101
481901,8.7751369
481902,8.7939701
482001,3.9603961
482002,10.111111
482101,9.7087383
482102,12.648221
482201,17.087379
482202,7.826087
482301,13.414634
482303,7.0464768
482304,25.965666
482401,16.07445
482402,12.862547
482502,13.319239
482503,16.049383
482521,9.9290781
482522,18.693285
482600,7.3333335
482701,8.8699875
482702,5.3658538
482800,7.0769229
500100,7.536232
500201,5.8072009
500202,9.7323599
500300,11.510792
500402,14.505119
500403,8.3743839
500404,12.430427
500500,9.1346149
500600,14.227642
500700,14.960629
500800,14.509246
500900,20.946915
501001,12.031558
501002,17.910448
501200,13.388625
501300,7.4626865
501400,11.463414
501501,6.3725491
501503,21.174864
501504,8.7378645
501600,3.2796319
501700,16.898609
501802,6.2770562
501803,13.950457
501804,22.028986
501900,5.483871
502003,10.479042
502004,20.508743
502005,20.853859
502100,17.637541
502200,15.026455
502301,14.398734
502302,18.306637
502401,6.8656716
502402,18.575851
502500,18.309858
502601,18.540268
502602,11.136891
502700,10.657597
502801,8.7697926
502802,8.4249086
502901,10.237204
502902,9.89011
503000,18.258766
503103,12.5
503104,22.727272
503105,6.5817409
503106,8.6746988
503201,6.3394685
503202,13.975155
503301,7.9670329
503302,8.1918077
503401,12.6071
503402,10.071942
503501,8.4623327
503502,9.5860567
503601,18.677042
503602,6.5116277
503701,11.416185
503702,9.4476748
503703,11.654527
503801,10.31746
503802,16.081331
503901,17.753624
503902,8.1560287
504001,1.8266475
504002,12.1875
504101,13.055954
530003,7.90378
530004,11.111111
530005,3.5714285
530006,21.907217
530101,13.723404
530102,15.039577
530202,12.5
530203,11.25
530204,16.63405
530301,10.182768
530302,11.764706
530400,13.408724
530500,17.663422
530601,21.129326
530602,6.425703
530700,23.208191
530801,15.619047
530802,16.838995
530901,16.485226
530902,18.504436
531000,18.202765
531101,23.551638
531102,13.707865
531201,20.3125
531202,14.652568
531301,10.344828
531302,14.390468
531502,15.109035
531503,12.605042
531504,17.940718
531602,18.743343
531603,11.788618
531604,20.559441
531701,16.35021
531702,14.202561
531800,14.850136
531901,15.256257
531902,16.366907
532001,26.818182
532002,14.438502
532101,10.265283
532102,10.536044
532200,13.984674
532302,12.104539
532303,11.627907
532304,12.5
532500,12.869565
532603,13.613445
532604,17.256638
532605,16.568914
532606,16.876574
532700,12.844037
532800,16.430019
532900,10.695652
533001,13.959391
533002,16.27907
533103,13.682432
533104,12.754159
533105,17.632242
533106,9.8113203
533107,18.75
533201,16.389549
533202,20.089285
533203,13.605442
533300,13.990826
533401,10.852714
533402,29.44079
533403,16.371681
533501,16.240875
533502,18.362284
533503,19.023136
533601,16.84322
533602,14.732725
533603,20.966084
533701,15.9375
533702,15.384615
533703,11.675127
533803,20.322887
533804,14.175654
533805,20.299501
533806,15.855354
533901,14.708692
533902,24.796085
534001,10.78125
534002,14.554794
534101,22.477064
534102,16.101694
534201,17.315435
534202,22.620171
534203,14.468864
534301,13.693901
534302,15.18797
534403,9.7251587
534404,17.463236
534405,18.268089
534406,17.524645
534501,20
534502,15.652174
534700,8.5967131
534802,19.134396
534803,21.865444
534804,21.748878
534900,26.963102
535001,18.010075
535002,14.285714
535101,18.81259
535102,21.485411
535200,23.541887
535300,21.209017
535400,24.777449
535501,14.262023
535502,15.929204
535503,16.519823
535603,21.834862
535604,15.062761
535605,21.709633
535606,10.884354
535607,9.262166
535701,9.7029705
535702,16.765755
535802,12.189616
535803,19.863014
535804,13.421342
535901,15.783133
535902,17.45636
536000,14.867256
536102,9.782609
536103,15.896885
536104,18.367348
536200,17.68
540000,12.798092
540101,11.809318
540102,16.695059
540201,20.062696
540202,23.03969
540203,23.279816
540300,12.653563
540400,25.814537
540501,26.035032
540502,24.46916
540600,30.379747
540700,27.54491
540800,17.661098
540901,16.106195
540902,21.89781
541001,11.210762
541002,18.723404
541100,20.232557
541200,14.665127
541300,22.64151
541400,24.781342
541500,14.227226
541603,22.295082
541604,23.504723
541605,21.375311
541606,24.925816
541700,10.625
541801,17.607224
541802,14.83871
542000,21.747572
542103,13.93534
542104,14.046122
542105,10.424242
542106,13.69863
542200,25.93775
542401,26.086956
542402,14.931238
542501,25.126263
542502,26.96011
542601,11.191336
542602,19.736841
542700,21.406729
542800,24.867725
542900,19.767443
543000,22.670807
543100,15.019763
543201,12.912482
543202,25.10965
543304,19.548872
543305,26.623377
543306,9.309967
543321,11.717496
543322,17.662683
543400,8.3521442
543501,9.2261906
543502,8.8942308
543503,12.524462
543601,17.842323
543602,19.127989
543603,8.3885212
543604,13.811007
543701,18.958334
543702,24.281984
543703,21.541157
543801,16.492147
543802,8.661417
543903,9.7308493
543905,20.235294
544001,12.971698
544002,8.043478
550000,22.093023
550100,16.028496
550201,5.4644809
550202,12.577319
550300,21.709974
550400,12.154696
550500,16.419613
550601,13.630731
550602,12.798875
550700,11.441048
550800,15.403727
550901,11.746522
550902,16.571428
551000,6.9627852
551101,28.677563
551102,8.7018547
551201,3.125
551202,6.690455
551300,10.785825
551401,7.5136614
551402,12.672812
551501,18.533333
551502,12.852113
551700,15.233416
551800,21.043001
551900,18.288771
552001,16.193657
552002,13.221601
552100,15.55184
552200,16.60079
552301,12.412178
552302,11.520738
552400,14.987081
552601,18.029739
552602,14.701378
552700,8.4148731
552800,11.495674
552900,8.8479261
553000,6.7946825
553100,10.99526
553200,6.8235292
553300,10.354609
553400,9.0146751
553502,16.151203
553503,14.92891
553504,11.464968
553601,17.877739
553602,9.8253279
553701,18.553459
553702,15.722544
553801,9.5588236
553802,17.479191
553901,14.862543
553902,12.092534
554001,13.926941
554002,19.612591
554101,11.467324
554103,9.545455
554104,19.427402
554105,17.953669
554201,9.8591547
554203,18.356165
554204,15.834767
554301,13.696369
554302,28.298611
554403,15.345005
554404,24.62406
554405,15.313653
554406,12.577319
554511,5.1546392
554512,4.9230771
554513,6.8592057
554514,10.769231
554515,9.6153851
554516,8.405797
554517,5.0193052
554518,7.3206444
554519,8.8452091
554521,9.7529259
554522,13.107822
554600,11.359405
554700,13.950457
554801,13.109243
554802,5.8519793
554900,8.9877014
555001,16.489361
555002,15.026834
555102,13.225806
555103,9.3117409
555104,11.849192
555202,7.6288662
555211,24.290579
555212,14.705882
570001,15.714286
570002,7.8544064
570003,15.70122
570100,20.614035
570202,17.45182
570203,20.338984
570204,29.354839
570301,20.075758
570303,19.164883
570304,24.777637
570402,11.713666
570403,12.864964
570404,13.763066
570501,12.147335
570502,16.977928
570601,16.972878
570602,13.489736
570603,30.071175
570701,11.130137
570702,8.5585585
570800,23.828125
570901,3.924222
570902,12.096774
571000,7.7409163
571101,16.385136
571102,2.0637898
571200,13.536586
571300,11.056106
571400,8.5808582
571502,15.363881
571503,16.920732
571504,18.97019
571600,35.276966
571701,21.394611
571703,10.492846
571704,14.849624
571800,2.5157232
571900,7.6305223
572001,17.964071
572002,19.6868
572100,9.6774197
572201,11.772487
572202,16.129032
572301,15.555555
572302,12.44168
572400,37.948719
572500,42.693409
572600,17.219387
572700,21.693909
572800,30.327869
572900,17.686171
573002,16.987179
573003,11.214953
573004,16.728624
573100,15.704154
573201,19.458128
573202,18.984772
573300,15.671641
573401,11.029411
573402,17.424242
573403,10.37037
573601,24.028269
573700,9.1811419
573800,7.3839664
573902,9.2050209
574000,4.3956046
574100,8.8172045
574201,10.098522
574202,5.8823528
574300,3.9215686
574400,10.893247
574500,5.6300268
574601,0
574602,7.964602
574800,6.4024391
574901,8.8019562
574902,6.0193071
575001,10.351201
575002,2.5553663
575101,11.25
575102,16.737589
575103,7.3195877
575201,25.710754
575202,10.95679
575300,17.628866
575401,14.571093
575402,19.125683
575500,
575801,19.346048
575802,20.35124
575803,13.793103
575901,13.242785
575902,6.7915692
576001,13.554987
576200,11.290322
576301,24.024025
576302,14.100185
576401,17.942583
576402,21.118011
576403,18.286814
576501,15.775401
576502,12.239222
576503,11.78344
576601,25.941423
576602,16.918428
576700,3.4129694
576801,22.50996
576802,11.166253
576901,12.479475
576903,16.684607
576904,8.9887638
577000,18.678816
577100,12.107623
577200,4.8109965
577300,8.447937
577400,12.236287
577501,3.6036036
577504,6.1224489
577602,3.8314176
577603,5.3900709
577604,11.290322
599000,7.5819674
599100,49.23077
600100,16.735113
600201,19.816513
600202,21.571772
600302,22.007723
600303,22.466423
600304,17.44186
600400,31.617647
600501,13.531353
600502,17.479675
600601,18.390804
600602,17.52809
600702,10.754415
600703,17.75148
600704,11.898734
600801,35.333332
600802,17.624521
600902,18.325792
600911,14.89842
600912,16.716867
601001,10
601002,12.063492
601100,17.127659
601202,14.784053
601211,21.13022
601212,27.918781
601301,7.8947368
601302,21.139431
601303,27.688171
601401,22.368422
601402,10.315534
601501,15.867159
601502,9.4614267
601600,19.039452
601700,13.754228
601801,18.3391
601802,15.011547
601900,9.7148895
602002,19.569893
602003,18.523489
602004,16.490166
602103,9.288991
602104,11.19403
602105,18.719212
602106,23.700121
602200,14.460285
602301,10.874704
602302,9.7222223
602402,18.735632
602403,19.674557
602404,8.695652
602504,12.969283
602505,19.642857
602506,15.18797
602507,27.404718
602508,14.693172
602509,15.289765
602600,12.955465
602700,18.759937
602801,29.279812
602802,31.6609
602900,13.453537
603001,8.5245905
603004,17.80822
603005,12.195122
603006,2.9556651
603101,14.423077
603102,23.239437
603200,5.4545455
603301,10.743802
603302,20.226843
603400,15.141955
603500,4.5822101
603600,11.196911
603702,12.892562
603703,15.725806
603704,25.025747
603801,17.61158
603802,7.0017953
603900,10.914052
604001,7.6923075
604002,12.834225
604100,15.384615
609900,19.504644
620001,14.094955
620002,4.5045047
620101,9.4298248
620102,9.375
620201,15.384615
620301,15.445026
620303,0.55248618
620305,9.3373489
620400,4.0152965
620501,3.75
620521,3.6231885
620522,16.151203
620601,13.874346
620602,1.572327
620701,18.910742
620702,3.4615386
620800,7.5177307
620901,7.4285712
620904,0
621001,3.6496351
621002,14.754098
621004,4.6218486
621102,4.2654028
621104,10.162601
621201,21.181557
621204,12.014134
621301,9.1324205
621324,2.9411764
621326,13.953488
621400,5.5
650001,8.8669949
650003,11.683168
650004,2.3076923
650101,5.7553959
650102,8.3601284
650200,6.1093249
650300,22.344828
650401,9.6676741
650501,4.3956046
650502,7.8947368
650602,14.928426
650603,4.75
650604,11.36891
650605,30.316742
650701,3.9215686
650702,12.625251
650800,4.3814435
650901,21
650902,5.8124175
651001,9.6440868
651002,13.176471
651101,6.1302681
651102,7.3863635
651201,4.1587901
651221,14.666667
651222,4.8209367
651302,13.128491
651304,7.6677318
651401,8.0536909
651402,14.285714
670001,17.61194
670002,16.141003
670003,7.8904991
670100,4.6325879
670201,0
670202,2.9787233
670324,2.2857144
670326,2.4096386
670328,7.3359075
670403,3.8338659
670405,8.5995083
670406,0
670407,6.9364161
670411,2.1881838
670413,1.6620499
670416,0.97323602
670500,7.4534163
670602,9.5371666
670701,8.1374321
670702,5.2173915
700101,13.439635
700102,12.418301
700200,18.100891
700300,15.916955
700400,10.902256
700501,8.5
700502,29.296875
700600,6.6974597
700700,5.3333335
700801,9.8501072
700802,6.9069071
700901,4.187192
700902,8.4210529
701000,7.5187969
701201,11.610487
701202,4.0229883
701302,8.2644625
701304,6.4417176
701402,10.42471
701501,23.103449
701502,5.5555553
701601,16.216217
701602,9.6256685
701701,9.2307692
701702,5.5226827
701801,8.6717892
701802,13.557214
701902,34.557236
702002,18.897638
702102,7.2538862
702201,5.4054055
702202,12.349398
702300,13.2116
702400,17.166212
702501,26.68919
702502,9.2696629
702600,10.843373
702700,5.2208834
702801,5.3712482
702802,14.733542
702803,13.5
702901,14.452555
703001,21.325649
703002,7.2215424
703100,10.810811
703200,3.0534351
800101,7.5606275
800102,16.071428
800202,5.9945502
800203,5.6473827
800204,16.149069
800324,11.787819
800325,4.090909
800326,3.030303
800327,10.931174
800328,9.131403
800329,8.4832907
800330,4.477612
800331,15.254237
800332,7.5575027
800406,14.040114
800408,5.699482
800410,0.254022
800504,2.9045644
800506,10.526316
900102,5.681818
900103,11.026201
900104,10.646388
900201,17.894737
900300,7.2957969
900501,17.06399
900504,13.484487
900505,16.473318
900506,17.22282
900507,15.10989
900508,7.4698796
900602,34.965832
900605,21.562246
900606,28.324697
900607,22.690763
900608,34.912281
900609,20.864382
900701,22.346369
900703,21.891418
900704,17.05151
900705,9.7928438
900803,16.793365
900804,22.109533
900805,23.873875
900806,36.439266
900900,14.833759
901004,8.2690191
901007,20.318726
901008,14.018692
901009,17.43487
901010,14.50858
901011,6.4516129
901101,11.341463
901102,11.934673
901205,8.25
901209,9.5588236
901210,13.28125
901213,9.2948713
910001,17.647058
910002,9.7596502
910101,16.872429
910201,15.192307
910202,10.828026
910205,14.788733
910206,11.735941
910207,12.515337
910208,17.169374
910209,14.115646
910210,10.078278
910301,18.266979
910302,19.754601
910401,20.752565
910402,28.998243
910403,19.617226
910404,14.638158
910501,24.784483
910502,22.677595
910504,17.465754
910505,5.7026477
910601,19.889503
910602,17.799999
910603,20.571957
910605,15.748032
910606,18.867924
910705,14.956012
910706,14.200681
910707,20.034246
910709,15.555555
910711,14.49468
910712,17.44186
910713,27.565983
910714,10.252601
910715,14.455232
910716,12.809316
910804,7.9439254
910805,10.634648
910807,9.3788061
910808,7.9754601
910809,12.969283
910810,9.3240089
910811,3.3333333
910812,3.7037036
910813,16.431925
911001,17.771084
920011,0
920012,7.0422535
920013,15.736041
920015,6.6772656
920016,7.6246333
920017,9.8878698
920018,5.919003
920020,7.7630234
920023,16.412214
920026,9.6153851
920028,6.0504203
920029,14.853557
920030,13.068845
920031,16.61721
920032,5.8212056
920033,19.200001
920034,14.477212
920035,10.344828
920036,4.8638134
920037,12.988193
920038,6.7681894
920039,8.206687
920040,10
920041,7.7134986
920042,11.04369
920043,14.011517
920044,10.335196
920045,6.8914957
920102,6.5026364
920104,2.6804123
920106,7.3005095
920107,7.2115383
920108,7.5980392
920109,4.3630018
920110,10.135135
920111,7.8014183
920112,20.035778
920114,4.9382715
920115,1.8292683
920116,16.975309
920118,16.013437
920119,1.7064847
920303,3.9130435
920312,14.511041
920313,9.9601593
920314,3.6407766
920322,11.279826
920326,2.6890757
920328,5.5970149
920329,4.7258978
920330,16.323296
920331,5.1446943
920332,2.9787233
920334,4.3183742
920336,14.148936
920337,10.497835
920338,6.1840119
920339,10.569948
930200,13.846154
930301,33.04348
980004,
980008,
980009,
980014,0
980015,14.285714
980024,
