Area,Below_100_Poverty_Threshold,Below_200_Poverty_Threshold
101110,14.461408,41.603054
101122,2.6796589,7.4908648
101210,24.022442,55.593334
101220,14.231565,37.629223
101300,7.314836,19.376289
101400,11.633,35.75079
102103,6.5405407,8.9729729
102104,6.7958179,17.066422
102105,17.662205,40.06179
102107,14.111729,35.398464
103101,9.57827,25.911366
103102,9.8144331,19.175259
103200,16.445753,42.906235
103300,18.615244,24.992409
103400,12.725345,26.950462
104103,6.6208301,40.463459
104105,26.655231,58.610634
104108,18.707968,59.119625
104124,11.188119,33.539604
104201,23.104771,48.679726
104203,22.400835,63.736954
104204,28.792988,61.126095
104310,21.47385,57.606972
104320,20.484871,55.421913
104401,23.746273,50.772568
104403,31.461061,53.411442
104404,23.654749,56.374142
104500,24.442966,49.318256
104610,28.609625,55.882355
104620,21.303331,53.068382
104701,41.302681,82.809708
104703,32.833847,75.099159
104704,24.622663,61.387699
104810,20.930233,42.953835
104821,19.022902,66.076332
104822,29.843138,61.294117
106010,23.649782,39.382759
106020,9.2963619,42.683121
106111,11.627907,21.345514
106112,16.125727,35.855824
106113,9.170702,29.570217
106114,22.133978,54.575275
106403,5.3389831,47.655369
106405,32.974251,45.901207
106406,7.534122,28.134668
106407,25.465376,62.062546
106408,30.388874,64.125679
106510,10.094044,18.725183
106520,21.327015,38.964115
106603,1.9765288,11.36504
106604,26.267879,46.987431
106641,2.9836829,6.7132869
106642,2.6939971,7.2035141
106643,1.5148327,11.655796
106645,7.5793886,20.82085
106646,5.820106,20.913395
106648,30.914114,59.994976
106649,10.575837,26.194956
107010,19.987043,46.647232
107020,19.35018,36.714802
108101,2.5908902,6.7697449
108102,6.891892,19.216217
108103,1.36075,4.8986998
108104,9.2705164,21.833839
108201,1.7789942,8.0225792
108202,6.9774528,14.183425
109100,4.2276421,37.479675
109200,7.7346039,16.972141
109300,5.5056505,30.36801
109400,13.681738,26.423958
109500,14.95287,45.458439
109601,11.76232,27.276415
109603,8.8491297,29.738878
109604,8.3710403,25.404007
109700,7.6262083,29.98926
109800,12.737233,30.209352
111100,7.3306527,20.630993
111201,9.7663269,20.97064
111202,7.3330903,28.183146
111204,4.6447644,11.555268
111205,5.4636593,25.062656
111206,4.8393912,13.546069
111301,15.32146,34.36908
111302,13.852726,25.142393
111400,13.078007,26.886127
113101,4.2452831,14.281971
113102,6.2020674,15.505168
113211,4.7989626,17.250324
113212,4.4642859,14.34949
113213,13.490504,20.497707
113231,4.7321429,21.607143
113232,6.0503821,17.588844
113233,21.170769,58.602219
113234,25.492317,43.497078
113235,16.289856,33.913044
113237,7.5132022,19.707153
113301,3.065134,20.349085
113303,4.6381741,18.795532
113321,14.820788,39.928314
113322,5.9337273,18.237864
113401,8.6241188,23.757006
113421,25.427164,48.783665
113422,12.165995,35.020153
115101,2.4908283,6.7001352
115103,65.730339,74.157303
115104,28.778662,38.277958
115201,23.239012,40.999397
115202,13.153272,32.674572
115301,13.141026,27.071007
115302,26.024916,57.667046
115401,17.70903,36.638798
115403,24.842587,54.464798
115404,32.293831,45.010395
117101,10.127048,32.885288
117102,10.516673,46.317333
117201,34.686184,54.890221
117202,3.3388293,23.742786
117301,6.4158721,13.913939
117302,8.8299351,29.439714
117303,6.0016222,36.523384
117404,13.814531,30.258125
117405,41.717628,78.915184
117407,42.679047,86.1008
117408,48.352345,76.013939
117510,41.080528,70.38736
117520,34.262543,75.924988
117530,35.363949,66.635429
119001,9.134737,21.492006
119002,15.924388,40.885006
119201,9.2494316,41.849888
119202,17.064846,56.450512
119310,22.363785,50.257523
119320,39.388935,58.298927
119340,40.834896,77.495316
119341,22.082132,58.825649
119342,33.140545,62.926548
119400,11.549088,39.767914
119700,10.782866,24.815361
119800,7.4102845,34.907566
119900,6.5456653,32.53524
120010,19.827896,54.714951
120020,20.983263,69.707115
120030,46.478313,79.228012
120103,51.805386,90.085678
120104,44.240837,73.335823
120105,28.191856,73.291924
120106,36.258205,70.962799
120107,42.665981,80.777145
120108,36.495441,71.789558
120300,14.329104,42.737179
120400,25.957144,54.614285
121010,23.563969,50.195824
121020,16.087309,38.507141
121101,27.397261,49.697357
121102,13.790447,44.183357
121210,19.14267,41.982983
121221,9.2013893,39.713543
121222,27.72994,70.802345
121600,6.5666041,20.187616
121801,27.31105,61.788616
121802,25.293949,56.724979
121900,17.478714,41.130558
122000,12.300424,39.149559
122120,15.033501,48.345898
122121,20.725574,48.096264
122122,23.728813,55.394791
122200,9.8203592,47.712574
122410,34.100025,73.763039
122420,26.912304,57.379875
123010,32.984413,62.968132
123020,21.070518,43.840271
123103,16.749468,62.550274
123104,19.432724,44.116268
123203,32.417732,67.582268
123204,29.427711,60.512047
123205,24.649963,51.142227
123206,32.415474,64.586967
123301,15.801204,34.900826
123303,23.451464,55.161789
123304,31.294483,58.429714
123410,28.829498,62.286564
123420,27.115118,55.409153
123510,23.64562,49.429737
123520,24.478331,52.407703
123601,11.859528,31.510267
123602,18.912134,50.683403
123700,12.872884,30.42193
123800,18.235399,37.667442
123901,18.719667,44.488098
123902,13.186004,25.488029
124000,6.1849599,16.807383
124102,20.911528,46.487934
124103,33.408989,64.185204
124104,28.272827,57.499084
124105,35.449146,59.020046
124201,12.227215,25.962772
124203,27.738581,52.989231
124204,33.776768,59.798832
124300,12.735595,37.318256
124400,20.34384,29.823305
124500,6.7791314,25.460794
124600,5.0074515,24.172876
124700,7.2053733,20.842663
124902,20.56357,39.147938
124903,26.164154,39.262981
125100,9.8058414,33.953335
125200,17.065475,32.947674
125310,27.214272,48.330223
125320,29.747292,51.35379
125401,15.841584,30.25013
125402,11.191067,24.71464
125501,13.132236,32.358318
125502,27.067457,46.232006
125600,7.4276123,23.080151
127102,20.201433,51.578541
127103,36.284775,62.728088
127104,25.850515,54.252579
127210,20.12888,47.312191
127220,33.333332,66.794624
127300,20.401262,45.130749
127400,32.072968,70.16584
127520,35.609879,72.253021
127603,28.438847,60.490555
127604,30.158159,63.874908
127605,17.517714,62.252628
127606,21.132273,47.691105
127711,18.83864,35.857639
127712,28.130419,57.370796
127803,23.555666,57.525414
127804,19.194599,49.963829
127805,28.9534,61.34454
127806,24.594257,65.199753
127910,28.695652,60.988144
127920,22.799496,42.57251
128101,17.094534,39.957718
128102,35.277718,55.221962
128210,40.317226,72.703796
128220,20.700417,47.156727
128302,33.217995,71.568626
128303,45.371464,81.22052
128400,7.292419,27.292419
128500,11.321606,26.635092
128601,31.395607,51.053917
128602,7.1842785,18.878866
128702,7.1440988,15.730923
128801,11.533816,24.667875
128802,4.8137298,23.712851
128910,7.2309971,18.805529
131010,25.297571,53.816853
131020,19.217777,35.68
131100,13.118092,28.068645
131200,10.492228,25.420984
131300,14.91353,45.981689
131400,15.441539,42.049004
131600,10.420993,32.169151
131701,23.133661,52.235138
131702,29.151699,39.458412
131800,20.258471,40.901154
131900,9.5969286,25.911709
132001,10.891391,31.548525
132002,12.180053,35.21624
132101,12.84073,29.894121
132102,20.814732,36.086311
132300,28.393221,53.016949
132501,16.378378,44.486488
132502,24.618567,43.599689
132700,26.596132,62.823788
132900,10.797046,32.034634
133000,17.340258,34.454731
133100,16.663692,39.67886
134001,31.41321,61.904762
134002,17.293777,48.721661
134101,20.81702,44.085106
134103,15.876288,35.097366
134104,12.563544,32.147179
134201,8.6526871,24.849361
134302,4.0427752,20.396452
134303,9.659956,25.461004
134304,22.813156,36.459061
134305,34.061611,70.876122
134306,18.181818,36.561882
134421,5.2032518,10.108401
134422,7.550571,15.061086
134423,7.1343989,14.712848
134424,0.91743118,4.3669724
134520,24.690903,54.49345
134521,27.438017,66.578514
134522,21.13335,63.530022
134710,31.00905,61.59906
134720,13.541881,31.673183
134800,12.498045,31.988111
134901,11.982248,29.467455
134903,16.29579,45.703526
134904,9.7755718,44.1735
134905,10.048949,17.420097
135102,9.9466276,23.774866
135111,6.3209076,24.278769
135113,5.1718383,14.814815
135114,18.609581,36.668079
135201,8.4441252,23.104563
135202,5.7405787,14.066608
135203,10.859917,20.305132
137000,4.1526847,16.149328
137103,6.431005,15.609029
137104,11.107243,17.374651
137201,9.5328722,22.456747
137301,4.2618628,12.038664
137302,4.7345133,11.172566
137401,8.3948336,16.12085
137402,9.7833805,27.503551
137501,9.3959732,22.843649
137502,5.1736703,16.201117
137504,3.3053775,7.1534286
138000,8.9754448,15.749365
139001,10.1222,18.778004
139200,12.937813,22.087206
139301,6.9971442,28.804569
139302,20.531504,48.628376
139303,18.999765,49.427437
139401,13.674934,34.399479
139402,8.0723734,18.649965
139502,10.217535,16.282135
139503,26.445286,40.313145
139504,16.652506,46.332485
139600,14.322692,24.050905
139701,3.5897436,7.405128
139702,7.1729245,12.005388
139703,8.5299454,14.591652
139801,2.7737226,5.1386862
139802,3.9463503,7.841114
141101,8.9826612,24.838102
141102,6.6066065,20.253588
141201,12.452199,32.695984
141202,8.181818,19.930071
141302,11.068502,19.435246
141303,13.320707,22.853535
141304,11.056054,25.611645
141400,13.898081,25.170969
141500,3.5377359,6.5026956
141600,3.7277536,9.090909
141700,2.0302932,5.1240735
143100,6.9698353,10.968922
143200,10.746951,25.990854
143300,6.235363,20.155151
143400,5.3393526,14.866127
143500,8.9209852,15.590485
143602,10.743243,17.432432
143603,10.992435,21.1838
143604,9.8480425,18.439508
143700,6.2051849,11.858798
143800,4.5000906,11.159499
143901,6.4765587,11.261479
143902,3.2967033,5.9940062
181000,10.114379,15.375817
181300,8.397337,16.052227
181400,14.519337,29.745857
181500,4.8943844,18.46986
181600,7.4393358,29.022989
183101,12.620292,35.60627
183103,21.793135,47.064137
183104,10.815308,23.044926
183220,18.551519,47.772446
183221,20.973537,45.769356
183222,14.533874,37.724377
183300,15.423477,33.283802
183401,9.2546062,40.871021
183402,22.017094,43.555557
183510,12.644135,32.683895
183520,27.263046,59.717785
183610,30.452204,58.156841
183620,22.444647,54.898392
183701,28.601362,48.035622
183702,16.594023,37.204235
183810,31.248514,54.982162
183820,35.424999,67.550003
185100,22.274584,50.911091
185202,26.802355,43.771458
185203,18.649815,59.093712
185204,10.248283,20.443741
185310,20.286694,64.817703
185320,22.41625,65.64505
186100,10.643351,32.037998
186201,17.49165,48.223503
186202,13.024174,27.577702
186203,18.690638,28.968792
186301,33.947029,64.179588
186302,21.576063,33.796883
186401,31.646275,58.175751
186403,19.04603,45.230152
186404,25.277246,56.061184
187101,10.359116,28.211327
187102,11.838943,39.813702
187200,23.320158,56.593605
187300,6.78934,17.988579
188100,11.197014,40.815781
188201,6.5042982,17.106018
188202,6.6205106,19.601904
188300,3.3907726,16.453585
189101,17.249603,32.35294
189102,13.892365,26.470589
189201,17.260275,46.544903
189202,8.7125635,15.169195
189300,6.5919132,12.911995
189400,11.978273,17.324184
189500,16.450325,32.601097
189600,10.406733,21.234222
189701,12.219321,23.08094
189702,12.598425,17.952755
189800,14.548201,32.217468
189902,16.749712,25.60368
189903,18.910107,28.92408
189904,20.390284,40.58144
189905,12.16443,26.635906
190100,23.224329,49.448032
190201,38.696445,63.719234
190202,36.964462,55.197609
190301,17.293234,46.201031
190401,23.092724,45.892017
190402,36.584328,57.836456
190510,33.187077,60.251297
190520,28.074596,65.196571
190700,26.276276,56.126125
190801,39.460785,69.566994
190802,22.777779,56
190901,35.759209,56.648697
190902,29.960272,61.813507
191000,23.625793,51.400635
191110,22.004967,53.848541
191120,29.137264,68.563622
191201,30.908203,49.560547
191203,29.822012,59.97094
191204,15.812379,58.558994
191301,19.840319,52.49501
191302,30.85239,54.345116
191410,36.314198,67.190331
191420,29.91814,62.318459
191500,29.774488,61.064129
191610,24.942844,59.533607
191620,28.18611,65.677681
191710,38.372093,61.491108
191720,41.067284,68.161896
191810,32.105114,64.75293
191820,17.63401,46.099815
191901,19.222033,40.772289
191902,12.412645,23.061563
192001,17.263987,33.872379
192002,10.440835,20.494972
192300,8.2947664,15.592737
192410,10.80944,37.32555
192420,25.34182,55.139084
192510,21.30744,54.485775
192520,31.466558,66.680099
192610,29.573935,68.901421
192620,29.196676,65.180054
192700,33.01963,58.806129
194101,8.0050821,19.949175
194102,6.5578089,19.094021
194200,4.8533039,11.982451
194300,10.450161,15.192926
194401,4.7391305,19.47826
194402,16.353155,30.946602
194500,12.677538,24.355602
195100,7.7215991,13.391157
195201,9.1210613,20.431177
195202,5.4046159,12.825007
195300,13.289474,35.578949
195400,10.527508,22.503962
195500,16.642696,27.141977
195600,23.291832,39.174004
195710,33.857758,62.564655
195720,11.381017,41.880341
195802,22.970512,58.536587
195803,23.030506,46.563862
195804,26.863226,47.338249
195901,21.555555,39.111111
195902,24.640554,36.192364
195903,17.443869,40.889465
197200,8.36129,36.232258
197300,20.107307,41.313236
197410,12.797758,24.007473
197420,20.983103,55.453148
197500,14.961832,44.580154
197600,16.687267,41.244335
197700,34.352623,58.331722
199000,32.538822,64.499817
199110,21.68,49.560001
199120,48.267567,69.008659
199201,28.161478,61.770428
199202,23.61248,53.727421
199300,22.052155,42.035149
199400,28.029295,64.647141
199700,35.426144,66.393692
199800,30.09009,63.703705
199900,36.594337,70.871643
201110,14.414754,57.960106
201120,27.418583,60.416668
201200,21.602125,60.136673
201301,17.153284,58.789539
201302,12.716763,30.690889
201401,32.659073,54.340141
201402,13.812981,34.756618
201501,25.115934,54.999073
201503,25.968874,68.324684
201504,31.017612,57.729942
201601,18.75,51.830357
201602,14.092798,38.850414
201700,26.487068,43.620689
203100,40.183918,76.112061
203200,30.250206,63.433144
203300,33.719135,56.558643
203500,30.793854,56.498081
203600,32.885212,62.419857
203710,35.290699,70.174416
203720,44.91423,88.161392
203800,25.273197,63.878403
203900,28.673836,62.104919
204110,28.163134,68.17598
204120,25.955883,67.058823
204200,37.296177,61.69582
204300,33.128445,76.070366
204410,38.66153,68.175255
204420,49.295292,76.314888
204600,29.282007,70.977509
204700,24.275288,58.435871
204810,28.982485,68.077568
204820,21.300081,50.695011
204910,38.099968,70.473351
204920,33.699921,66.378632
205110,43.627323,78.775192
205120,36.922142,78.315086
206010,45.232815,71.840355
206020,11.777778,18.222221
206031,12.516006,24.103714
206032,35.834641,69.220222
206050,49.019608,75.695396
206200,45.23592,72.207001
206300,80.680092,94.927811
207101,33.173229,57.444763
207102,36.221527,74.631531
207103,48.548458,78.293884
207301,32.373028,44.259495
207302,17.928757,40.858692
207400,91.836731,93.877548
207501,12.406015,22.791353
207502,37.420128,54.632587
207710,27.481155,41.268845
207900,25.178301,37.410851
208000,33.180237,60.79332
208301,36.375961,69.859917
208302,30.065655,68.983475
208401,25.073812,78.491936
208402,21.578947,51.508774
208501,12.584359,35.450577
208502,31.134193,69.258842
208610,23.672409,51.545906
208620,27.328918,57.858719
208710,18.158745,33.45639
208720,44.349541,78.142792
208801,35.332104,78.690041
208802,27.95031,62.76561
208902,47.710842,84.698792
208903,41.595833,79.956131
208904,65.467422,92.209633
209102,53.303684,85.112244
209103,55.409927,88.650307
209104,52.159607,79.514603
209200,38.431015,65.628815
209300,39.172123,65.692238
209401,47.783253,81.073372
209402,49.526386,87.821381
209403,52.975159,86.366264
209510,36.771473,67.177917
209520,37.983589,79.484177
209810,36.513298,78.851837
209820,47.529022,79.668327
210010,38.352676,70.11039
211000,5.2879467,14.322415
211120,20.256859,47.538433
211121,19.213974,42.314411
211122,27.342501,53.981453
211201,26.502003,65.520691
211202,30.30303,61.603374
211310,34.857677,74.988335
211320,23.146748,59.122543
211410,25.515465,53.681885
211420,21.841478,55.154945
211500,11.29101,41.499786
211701,7.3827734,16.860659
211703,14.612146,53.337341
211704,21.61235,44.391079
211802,20.028543,49.952427
211803,24.163372,49.275364
211804,27.974068,50.307941
211910,24.615061,59.228012
211921,28.110807,53.814713
211922,13.589604,51.624256
212101,25.356522,48.347828
212102,31.619871,72.483803
212202,28.908794,65.716614
212203,47.008827,84.373978
212204,43.235855,75.15715
212303,43.337486,72.758408
212304,34.708088,76.16497
212305,36.758369,71.229698
212306,23.493195,59.656513
212410,20.338573,51.608223
212420,31.484795,65.265358
212501,20.528267,62.928638
212502,14.808175,43.097885
212610,24.050632,48.178764
212620,28.400955,55.630287
212701,16.142736,49.362785
212702,9.3690252,21.524174
212800,23.933706,50.085304
212900,28.230738,62.107624
213100,25.693951,46.476868
213201,27.470356,76.460258
213202,33.333332,70.278404
213310,23.987457,73.112099
213320,23.337982,70.246399
213401,19.061216,72.318398
213402,31.587057,68.45697
214000,5.2686219,21.100441
214100,7.0883055,15.94272
214400,14.96037,26.287979
214501,12.283678,25.347811
214502,26.240419,35.397339
214503,9.5537586,23.420185
214600,8.7764969,18.482708
214700,6.6079297,16.4998
214800,7.5185437,18.745785
214901,14.929388,32.918629
214902,11.537121,17.84594
215101,18.431074,35.338917
215102,15.694926,22.849039
216100,8.1756516,20.028561
216200,15.780696,26.766729
216300,5.1669316,16.494436
216401,16.738474,34.769497
216402,14.763324,31.876862
216700,15.41471,36.150234
216800,10.9518,23.123856
216900,8.6451359,23.867664
217001,16.721191,27.117413
217002,12.61194,35.951492
217100,12.87599,27.757256
217200,17.105593,40.807625
218110,19.099827,36.410847
218120,30.882353,65.352943
218210,27.569593,62.847965
218220,24.665937,59.671413
218300,22.21069,53.935307
218400,28.414919,58.974358
218500,28.617363,43.837086
218600,24.826756,47.393795
218701,21.228142,42.78162
218702,29.749769,59.267841
218800,18.821785,48.795849
218900,23.803787,71.669533
219010,31.431767,48.173004
219020,17.468176,51.815182
219300,28.438494,72.58284
219500,9.0330048,17.834394
219700,12.324795,29.603674
219800,34.64854,66.677719
219901,37.89497,74.766357
219902,18.461538,54.565758
220000,25.060827,51.494614
220100,27.731825,42.533741
221110,36.20454,79.245285
221120,32.609409,73.083252
221210,26.411961,64.318939
221220,24.669487,64.516129
221302,34.256695,82.843948
221303,42.404072,63.703995
221304,28.544062,65.079369
221401,41.347149,65.975822
221402,32.437408,58.063328
221500,38.411797,62.183136
221601,33.247276,60.126221
221602,34.82933,73.07206
221710,34.35231,57.355751
221810,61.137268,79.210434
221820,62.799999,77.933334
221900,64.362854,80.993523
222001,17.510757,48.493877
222002,16.744881,52.005119
222100,30.978413,64.031403
222200,37.683956,65.379974
222500,34.900444,64.601768
222600,41.495846,69.769157
222700,88.266197,91.068298
224010,47.479595,84.109459
224020,44.604317,74.740211
224200,32.632011,79.249176
224310,42.645699,84.736359
224320,33.440796,72.860489
224410,42.95364,72.98127
224420,49.599289,75.556541
224600,47.046021,75.373131
224700,81.312462,91.172554
226001,34.278122,79.317978
226002,39.397743,65.307404
226410,44.849316,75.945206
226420,36.57452,72.87841
226700,42.938637,78.245453
227010,38.061981,72.239197
227020,40.63023,79.252647
228100,38.64621,76.155235
228210,44.162437,72.615547
228220,35.90789,73.710724
228310,39.93063,74.962067
228320,45.145962,81.194839
228410,39.479324,81.837669
228420,47.582321,80.094925
228500,45.637585,72.245071
228600,50.454357,84.138786
228710,48.968811,79.527161
228720,39.584297,79.561203
228800,37.459106,74.736458
228900,51.178783,84.839554
229100,36.491302,68.203728
229200,43.841389,75.365555
229300,47.952606,87.349716
229410,53.348091,86.579964
229420,44.095341,71.332611
231100,54.204247,77.04393
231210,31.672394,70.246277
231220,42.572464,67.436592
231300,43.469116,75.769745
231400,23.602985,65.382286
231500,16.162252,49.789829
231600,31.79233,71.386902
231710,54.537102,86.446129
231720,38.352379,70.659782
231800,52.177662,76.13195
231900,43.785782,73.296402
232110,33.165493,68.210808
232120,41.177525,70.937721
232200,41.931984,66.606369
232300,37.085617,59.36084
232400,26.004351,67.933289
232500,33.967556,55.517723
232600,32.369015,71.150757
232700,32.265335,74.013847
232800,39.004459,81.475975
234000,13.46357,39.246742
234200,11.459266,34.512085
234300,22.777485,44.082062
234501,19.709278,40.273621
234502,26.576576,58.468468
234600,27.977839,49.980213
234700,26.624796,52.566902
234800,16.853233,34.421642
234901,45.185719,89.109268
234902,33.413143,64.112793
235100,7.1670909,20.059372
235201,24.061033,48.630672
235202,28.152069,53.777672
236000,5.4441915,14.100227
236100,30.044756,53.045338
236202,36.068222,69.856377
236203,23.904276,67.087929
236204,38.054016,70.117729
236400,13.339488,31.179321
237101,40.787663,72.459381
237102,35.892117,70.435684
237201,24.602707,68.98175
237202,21.159481,47.090832
237300,24.725491,53.137257
237401,29.516039,57.597073
237402,23.003195,60.441475
237500,34.83345,72.96244
237600,30.58201,70.529099
237710,43.141151,67.362495
237720,51.221146,80.093674
237800,17.809299,46.151825
237900,19.709127,51.078236
238000,16.892883,41.104183
238100,17.846222,37.636524
238200,17.347315,50.901398
238310,55.586121,83.220482
238320,47.224373,85.050346
238400,16.956604,34.639648
239201,41.069031,73.381683
239202,29.432907,76.33786
239310,33.529827,74.958733
239320,34.266281,65.393669
239330,35.418671,72.698105
239501,33.369713,72.196449
239502,48.243359,67.066551
239601,46.398479,77.222069
239602,44.106575,83.116135
239701,46.533848,79.243752
239702,36.479382,72.986435
239801,38.406422,74.77787
239802,29.932829,75.608734
240010,45.653938,69.157867
240020,29.900272,66.328194
240200,36.71434,75.668045
240300,27.809101,59.061619
240401,44.480274,68.01973
240402,32.139065,65.923569
240500,35.570679,75.997528
240600,30.758621,67.862068
240700,24.390244,62.991871
240800,34.821793,67.226547
240900,47.500839,72.744049
241001,47.033119,68.284271
241002,24.862143,61.903622
241110,35.955055,66.709473
241120,45.082596,71.897812
241201,28.97551,51.466022
241202,41.543148,69.137054
241300,32.100456,53.105022
241400,27.318518,75.91111
242000,40.290783,68.137016
242100,69.895943,87.190529
242200,42.052204,70.027
242300,37.316216,75.274384
242600,67.477699,88.057587
242700,36.399448,85.542641
243000,34.014004,70.872231
243100,50.023701,76.015167
261101,6.7218199,10.57394
261102,5.8050113,12.552716
261200,4.851213,12.553139
262100,5.383091,12.219287
262200,3.2651284,6.2255116
262301,7.8478966,8.6165047
262302,2.3051949,5.8441558
262303,5.3499327,8.4454908
262400,3.8640907,4.8634243
262501,3.1273086,4.6047773
262601,5.293961,6.4378824
262604,3.9050536,6.5543647
262704,5.3185439,12.542662
262706,5.7769456,8.611928
262802,1.0457885,5.2854719
264000,6.0819464,9.987196
264102,11.299852,16.026588
264103,12.02887,20.930233
264301,5.7181888,13.212334
264302,7.0277123,15.015396
265100,9.1844511,19.016768
265201,24.788231,32.545696
265202,19.300226,26.269753
265301,,
265303,78.244972,87.202927
265304,78.936172,87.304962
265305,58.256031,66.631325
265410,5.3596616,19.111425
265420,12.704344,14.105558
265510,37.264378,44.973415
265520,13.242938,20.926554
265601,6.3411326,19.057308
265602,9.2586269,20.32798
265700,8.4995155,15.430784
267100,10.353046,22.19574
267200,6.8928952,19.123365
267300,18.077909,39.118263
267402,10.532126,23.581364
267403,21.902582,34.586468
267404,16.805685,32.159409
267501,12.444512,45.706413
267502,14.724292,27.958271
267600,9.2821369,30.48414
267700,9.5139914,24.329897
267800,3.7310925,15.092437
267901,6.6523604,22.832619
267902,8.9522161,18.566494
269000,5.150754,10.409189
269100,6.8612776,15.943113
269300,3.8925564,11.495561
269500,2.8949339,7.1125531
269601,19.175455,51.358261
269602,25.53734,45.610199
269700,8.5295658,28.309786
269800,21.530519,34.284847
269903,13.496109,29.943655
269904,19.582378,38.528137
269905,8.8659143,23.68421
269906,13.257182,27.864313
269907,13.924938,31.357418
270100,17.505943,34.514805
270200,17.163599,40.575577
270300,13.263665,25.321543
271100,9.3052635,25.557896
271200,15.115045,35.893806
271300,7.425632,25.788414
271400,11.338798,14.918033
271500,9.2058344,14.943274
271600,19.924812,33.215393
271701,12.570453,19.453459
271702,19.221916,29.097607
271801,28.302418,37.774029
271802,19.506866,41.463795
271901,11.696773,34.646137
271902,9.00947,33.248016
272100,10.877431,21.981005
272201,14.416203,41.739475
272202,10.882353,45.882355
272301,12.084784,22.429611
272302,16.083296,37.859993
273100,6.0676241,10.699398
273200,17.96986,31.447256
273300,11.789894,36.768486
273402,10.014409,24.639769
273502,12.542258,24.712645
273600,14.441646,17.548279
273700,6.6881261,15.486409
273800,11.237981,20.01202
273902,11.695747,17.693565
274100,15.390005,28.351238
274202,9.1338978,18.591339
275101,3.7735848,16.666666
275102,11.628506,47.980446
275200,19.019894,43.571083
275302,12.539054,23.578421
275311,8.1451893,24.696075
275400,3.7930021,15.760071
275500,29.570505,61.269478
275602,12.88127,20.216789
275603,13.410091,23.366068
276000,2.61555,5.5893946
276100,11.794787,32.464535
276400,16.355364,20.162836
276500,11.818704,18.932875
276601,13.906134,19.195431
276603,8.0861511,19.289627
276604,20.485693,28.925222
277000,3.4873271,10.64174
277100,5.65625,20.25
277200,21.267326,29.188118
277400,19.883041,46.725147
278001,18.416866,34.486874
278102,2.5806451,10
291110,32.324928,56.134453
291120,29.026627,61.065037
291130,14.361702,40.733482
291210,26.467524,52.96978
291220,29.810226,53.426464
291300,7.4552269,19.033735
292000,34.206608,56.698421
293201,10.56306,34.299591
293202,34.39621,64.751381
293301,10.595568,20.775623
293302,17.45945,39.274651
293304,16.074295,44.301765
293306,10.508617,17.318201
293307,24.002981,48.192322
294110,20.181055,42.945461
294120,20.691126,58.020477
294200,18.917452,41.310646
294301,8.5074625,31.156717
294302,23.004601,56.711342
294410,30.54878,54.695122
294421,24.991735,60.925621
294510,29.513311,69.71714
294520,26.984127,48.248493
294610,35.25864,59.823708
294620,24.179237,56.632652
294701,35.54385,64.859001
294810,46.236561,78.539429
294820,39.167751,74.850456
294830,40.290237,69.208443
294900,40.385658,72.542099
295103,3.3497739,11.467324
296210,34.00219,64.319588
296220,46.870926,73.098656
296300,5.8550596,19.907204
296401,8.3113842,18.905472
296402,13.730656,23.542971
296500,29.424999,54.724998
296600,32.92683,64.693153
296901,19.357862,41.270214
296902,15.498992,35.13105
297000,5.6473298,16.922781
297110,35.035946,56.129398
297120,23.670986,47.103939
297201,15.183965,39.923119
297202,12.120432,30.339682
297300,8.0572968,23.231871
297400,7.0991759,14.597181
297500,8.9411764,14.431373
297601,7.4980268,23.954222
297602,15.081148,22.372034
300100,3.2540886,12.089024
300200,7.5581393,14.763918
300301,6.1592541,10.912425
300400,5.7561674,16.035038
300501,10.236998,18.235682
300502,9.595705,20.315384
300600,7.0472484,26.919117
300701,3.6732206,13.092516
300702,8.4101601,13.264346
300800,14.32939,25.50844
300901,3.6625972,5.121294
300902,5.5906658,12.007778
301000,9.607605,27.588997
301100,9.8380508,23.021038
301203,7.2735486,28.258415
301204,18.3978,44.178284
301205,3.3868093,10.294118
301206,18.927563,40.395107
301300,3.5517759,9.904952
301400,5.121294,18.7062
301501,2.6881721,20.161291
301502,20.68619,54.37841
301601,14.909147,49.867992
301602,13.655725,33.450264
301701,13.891762,24.956911
301702,11.908476,48.812618
301801,9.8688593,41.098022
301802,19.919518,46.162689
301900,20.323763,37.473125
302002,23.152834,41.573887
302003,18.414188,43.348984
302004,16.095346,49.353008
302102,13.791295,39.066597
302103,22.483793,58.563629
302104,13.681784,41.122215
302201,29.637787,60.621635
302202,25.656092,54.543674
302301,16.957546,39.386791
302302,15.727653,48.516823
302401,24.257339,49.446301
302503,22.50164,56.789852
302504,31.662508,57.609436
302505,22.09638,65.467468
302506,19.976635,37.938084
310100,4.740562,10.567143
310201,8.3491459,35.949631
310202,12.76,26.24
310300,2.7690151,5.7483349
310400,7.2669826,20.663507
310501,8.4628668,42.976395
310601,13.24208,33.235928
310602,7.2250896,15.005955
310701,26.165594,43.12701
310702,15.374295,36.074593
310703,30.838831,45.768143
310800,9.835763,21.406164
310900,5.3574309,17.040503
311000,4.5082984,19.222195
311100,9.326683,21.59601
311200,5.0077763,26.531881
311300,14.41933,22.395428
311400,8.2204151,17.028004
311500,6.432641,19.058996
311600,9.6483946,19.559801
311700,6.8878922,15.55157
311801,12.424446,38.04567
311802,22.997149,38.371792
320000,,
320100,15.711905,34.58926
320201,24.407328,57.327587
320202,8.3347425,33.86306
320300,28.86076,58.257633
400204,3.9396346,8.9277201
400205,7.1041732,11.404906
400206,2.1571937,8.9289064
400207,3.9182992,9.5664864
400302,11.602393,22.140957
400304,11.79033,20.182953
400402,4.995265,18.46591
400403,3.2871971,20.835394
400404,1.852699,15.805123
400501,2.9214559,4.93295
400602,22.948112,43.962265
400603,9.1650486,20
400604,20.413275,48.371948
400800,18.239796,33.886055
400900,9.2068644,26.576994
401001,2.5929396,7.2789755
401002,17.45636,28.72818
401101,15.418262,35.392746
401102,10.929737,34.492546
401201,0.69131351,9.1373606
401202,9.5843201,16.282576
401203,10.682981,20.726809
401303,4.6747966,10.081301
401304,2.8448277,9.2931032
401311,9.7824383,23.164814
401312,6.5225563,18.590225
401500,10.534043,34.153057
401601,8.1549244,28.084858
401602,12.327847,23.295263
401603,7.6833072,25.975039
401701,7.4858756,27.35405
401703,18.764795,38.368839
401704,19.281563,39.795738
401800,9.3766718,24.34457
401901,12.250712,31.054131
401902,4.0790658,15.07637
402001,18.909866,38.580997
402002,13.664158,41.251175
402101,16.969944,46.534451
402102,14.630794,43.067558
402200,22.078323,40.14801
402301,20.953554,54.838142
402303,32.197575,69.014404
402304,35.85746,74.263794
402402,17.562111,39.875778
402403,6.6887922,45.851418
402404,,
402405,18.950535,51.637699
402406,22.923729,58.75
402501,24.951233,73.736481
402502,24.891712,59.529308
402600,20.475033,46.945198
402702,44.55064,71.388931
402703,19.346626,43.508698
402705,15.975163,41.151566
402706,12.70413,41.282421
402801,32.203388,71.822037
402803,30.114807,67.58905
402804,28.35751,68.483856
402902,28.80731,49.454952
402903,17.144136,55.416294
402904,15.980968,41.645676
403000,23.536036,51.140202
403200,63.190186,84.04908
403303,10.171869,22.763943
403304,8.2447338,18.435307
403305,3.9775386,18.998596
403312,6.3064833,20.314342
403316,6.1169839,26.300211
403317,6.022222,18.177778
403318,8.1535168,15.351672
403319,6.0660934,19.601629
403320,6.2079282,15.875093
403321,7.7406869,14.481535
403322,13.031446,20.830189
403323,9.3134546,22.418552
403324,3.2914422,17.878515
403325,4.2320395,15.854666
403401,9.1024017,33.321293
403402,7.1130872,15.893304
403403,3.7987473,9.6989288
403404,7.397572,14.453718
403405,0.66225165,8.5540838
403406,11.398071,28.787878
403407,11.929658,17.110266
403408,4.0969505,12.322126
403500,3.5657265,19.265566
403600,8.4898996,20.426615
403702,4.3068643,20.484522
403703,6.5808296,21.949724
403721,6.9294858,22.393822
403722,21.154177,47.631351
403801,12.2224,27.512383
403802,11.537173,25.619558
403901,7.9813576,32.304108
403902,15.479275,32.642487
404000,11.664965,28.539326
404100,12.496025,41.144672
404201,36.056789,64.80043
404202,26.522043,56.438068
404301,14.019337,57.613949
404302,10.808179,28.578384
404401,18.150774,42.264252
404402,11.399424,33.377689
404501,11.102485,42.546585
404503,8.548708,31.146454
404504,16.66004,52.743538
404600,12.491228,38.596493
404701,18.1056,52.782734
404702,29.614214,58.988316
404703,25.207676,63.477512
404801,16.169992,52.202644
404802,16.893497,55.584358
404803,15.913431,47.231064
404901,6.9327369,26.870808
404902,24.055756,41.389389
404903,18.83378,42.091152
405001,8.3226423,41.693394
405002,11.831153,51.18906
405101,15.736041,47.250423
405102,20.99567,50.288601
405201,19.082535,53.017483
405202,10.217597,43.727531
405203,11.813555,35.708546
405301,15.031555,41.82444
405302,8.5648146,29.960318
405400,7.7606525,19.31097
405500,8.7483568,36.278664
405600,4.0034513,17.618637
405701,5.3270769,32.321281
405702,16.850491,44.689541
405800,10.824299,23.627604
405900,10.12262,39.446907
406000,13.505013,29.663849
406101,6.5141864,26.722641
406102,11.392406,38.11935
406200,22.132015,49.452877
406300,12.035874,21.183857
406402,1.0254124,17.788675
406411,9.1862211,24.013979
406412,2.7810419,13.474344
406500,6.7535729,18.046175
406601,6.6489363,24.113476
406602,10.763278,37.407669
406701,3.2871971,26.009228
406702,13.888889,37.05962
406800,15.152829,30.132235
406901,14.82268,44.404331
406902,5.7496562,22.640991
407001,9.6592846,42.674618
407002,11.176786,39.172489
407101,19.639488,42.255291
407102,9.694066,42.204201
407200,12.029969,46.098389
407301,8.4294405,43.740826
407302,7.5427685,41.316746
407400,11.764706,28.407461
407501,13.777778,45.311111
407502,10.762442,44.128464
407601,14.820628,48.09417
407602,10.612245,37.066326
407701,25.355087,56.257198
407702,9.8142462,30.963873
407801,12.631579,41.511963
407802,5.4550157,25.749741
407900,11.723494,26.327261
408003,8.965517,20.334379
408004,13.051147,30.64374
408005,6.3518596,18.052654
408006,11.896104,30.415585
408133,19.015659,42.626053
408134,9.4479437,20.93368
408135,11.938775,32.219387
408136,8.9564285,28.348574
408137,12.138454,33.570412
408138,34.129368,60.793926
408139,11.490205,73.497688
408140,17.433941,56.006538
408141,14.275093,53.643124
408202,15.749235,43.781857
408211,20.862944,50.439934
408212,10.467882,34.119747
408301,20.160427,38.146168
408302,6.1576357,21.009851
408303,7.9412441,22.653202
408401,5.5934815,27.879322
408402,9.1588783,20.710279
408501,9.4756794,41.471889
408503,4.760428,14.126221
408504,8.6398134,24.265421
408505,3.8942976,12.517385
408623,7.6692629,29.239065
408624,7.2597442,20.113062
408625,2.0256112,10.151339
408626,12.798783,29.747936
408627,8.6682167,23.380936
408628,12.776958,24.46455
408629,9.6398687,20.771189
408630,11.921511,49.055904
408631,10.145999,32.008869
408703,5.0821433,14.555505
408704,22.236341,51.493011
408705,7.9276018,28.81448
408706,7.2219296,17.290459
408722,11.339983,22.029488
408723,9.5961342,46.634449
408724,15.576437,54.860859
408800,35.947887,67.056633
430002,18.778473,35.962414
430003,5.7162223,11.635789
430101,17.877329,41.762611
430102,17.11034,41.010803
430200,9.5381527,18.975904
430301,3.6331017,6.2345819
430302,4.0685945,20.292536
430400,4.9452953,13.829322
430501,4.3673277,7.5542965
430502,6.5858645,15.508178
430600,7.6779461,13.582264
430701,5.9303484,16.159204
430721,6.4629846,14.688601
430723,9.3916759,23.564568
430724,12.001587,34.417774
430801,10.776797,28.092001
430802,10.083415,21.221786
430803,7.3967891,13.226299
430901,11.280418,27.928133
430902,10.978261,22.173914
431001,18.738838,37.216652
431002,10.171532,26.151068
431100,9.4580994,44.113842
431200,16.493637,34.912926
431300,3.8002172,10.930148
431400,9.0592337,33.503082
431501,22.33267,43.936382
431502,12.627197,25.277521
431600,5.7608972,26.178946
431700,11.560954,23.166891
431800,17.407343,33.795891
431900,17.345505,35.065544
432000,2.1595759,19.656019
432101,9.2105265,21.306557
432102,7.7353215,26.206896
432201,14.710905,51.085632
432202,24.557076,46.624805
432300,11.196283,30.592335
432401,24.517622,57.447903
432402,23.365162,59.259258
432500,15.869436,39.264095
432601,29.670994,58.315727
432602,11.288558,36.622185
432700,27.164236,63.629475
432801,21.643286,61.756847
432802,29.233986,70.556931
432901,13.724267,39.509254
432902,11.474485,40.146603
433101,10.973167,47.336803
433102,30.605429,59.895615
433200,22.083399,57.504295
433302,37.439484,78.42926
433304,19.778025,65.061043
433305,31.729469,62.628017
433306,29.711321,63.833927
433307,23.570082,47.360149
433401,20.988043,52.737572
433402,33.28635,76.086449
433403,38.348984,66.302689
433501,40,73.994781
433503,18.305439,63.981869
433504,22.169094,61.464897
433601,18.005424,41.852703
433602,30.65177,62.383614
433700,10.630441,45.31786
433801,32.778912,73.324966
433802,9.7012529,33.890137
433901,36.863365,70.916756
433902,18.459024,55.867138
434001,19.256966,63.63261
434003,21.457489,65.901932
434004,22.252747,61.332417
460000,8.5335016,10.830173
460100,8.5411053,14.807952
460200,4.9268804,13.840529
460301,5.8677502,19.386143
460302,18.05493,27.082396
460401,12.552743,19.620253
460501,0.9733237,10.54434
460502,2.6589851,9.9933529
460600,4.5841517,8.9500113
460700,2.3587711,10.069376
460800,4.1074247,11.121643
460900,19.913998,34.564056
461000,13.984411,40.883389
461100,18.675791,34.896358
461200,6.3164749,13.544606
461300,10.424823,28.215166
461400,9.9376841,22.597572
461501,14.897179,36.53754
461502,26.215176,50.251926
461600,24.134024,51.246357
461700,4.969367,14.159292
461901,23.06805,42.214535
461902,28.289892,46.726002
462001,24.325712,58.181351
462002,20.364159,56.516529
462100,23.123337,48.873116
462201,29.943342,51.1898
462202,26.453388,42.655659
462301,23.325117,46.090073
462302,20.455366,29.345861
462400,11.220743,27.237265
462500,11.577072,16.952721
462600,4.4708028,11.724453
462700,10.176991,28.687315
462800,12.985972,19.398798
462900,6.0478568,12.358665
463000,2.0852642,13.716404
463101,12.255106,26.344311
463102,12.225877,18.092106
463200,11.496296,28.385185
463300,2.5999999,11.85
463400,9.6370687,26.497534
463500,12.942035,23.22275
463601,7.5050368,17.528543
463602,20.173317,27.791214
463700,13.120696,22.653135
463800,3.0936012,6.478054
463900,9.9246235,18.184673
464000,9.2362928,18.178852
464100,5.2068191,11.669089
464200,5.9799514,10.404425
480002,4.5400944,13.443397
480011,15.441442,36.036037
480012,6.6744275,22.875437
480101,10.519126,21.334244
480102,14.145471,34.805889
480201,2.2434244,13.486333
480202,2.2848439,15.689261
480302,11.569507,36.950672
480303,21.699282,40.673767
480304,22.979156,46.51754
480400,10.716911,32.261028
480500,4.8390207,11.605938
480600,9.6320896,22.330097
480702,5.3280492,13.298106
480703,5.6569343,10.614355
480704,11.911469,20.84507
480802,12.312665,33.617397
480803,8.9170332,34.685966
480804,15.396519,31.334623
480901,14.268143,44.731449
480902,19.599905,47.392235
480903,27.275805,46.734348
481001,15.064866,39.475773
481002,12.823219,43.834652
481101,12.447699,41.422596
481102,10.4519,34.876629
481103,13.137055,38.253807
481201,9.5710459,33.029491
481202,14.73556,38.343773
481300,15.825826,44.954956
481401,21.051796,51.112171
481402,14.571823,40.276241
481500,22.627569,45.278225
481603,18.994709,36.746033
481604,17.612011,42.897999
481605,16.518591,37.282001
481606,22.293377,42.225334
481711,25.404644,55.477364
481712,30.763329,53.145378
481713,20.636587,49.387897
481714,28.432169,57.108044
481800,12.16968,27.086231
481901,8.5922241,22.687733
481902,9.4681473,26.884863
482001,8.6844997,10.846464
482002,13.654504,32.881985
482101,15.496716,35.714287
482102,14.962763,33.141502
482201,16,41.754837
482202,18.168545,46.641636
482301,23.234058,52.119129
482303,21.23851,54.120304
482304,27.362637,63.846153
482401,12.776294,48.749088
482402,9.3213301,42.700832
482502,32.707005,59.68153
482503,26.219065,57.118355
482521,13.769957,40.366474
482522,9.9655619,29.294016
482600,9.3839865,26.577871
482701,16.835995,36.90649
482702,13.943894,40.841583
482800,14.544221,39.968334
500100,2.3510115,8.1738653
500201,2.2030313,10.891788
500202,3.8501132,9.5326338
500300,11.182995,18.422674
500402,17.87989,41.583256
500403,18.255945,34.835789
500404,10.362695,25.740932
500500,13.932108,50.707214
500600,26.473028,45.67635
500700,8.7282963,35.91428
500800,13.540925,35.142349
500900,17.509727,41.837254
501001,10.079492,43.147854
501002,6.6039662,21.508894
501200,10.845176,19.633509
501300,5.4535918,21.198217
501400,19.101412,52.220795
501501,6.2975488,13.778529
501503,17.723129,41.467033
501504,25.869263,55.49374
501600,11.340355,24.383205
501700,10.519236,24.051655
501802,6.2853909,27.293318
501803,37.074104,60.988075
501804,23.968176,52.362007
501900,6.2738547,21.564886
502003,12.959113,45.010395
502004,19.913088,44.836399
502005,10.859911,44.348003
502100,8.1354609,28.882833
502200,9.7368832,33.827003
502301,7.4646072,37.30695
502302,22.709404,58.784397
502401,12.188703,41.364647
502402,8.9478045,26.070147
502500,18.346775,42.666332
502601,5.5030575,26.445248
502602,7.6013145,31.062431
502700,7.9526229,31.825872
502801,12.326389,27.517361
502802,18.900043,55.085117
502901,7.4242978,19.956221
502902,30.917538,54.076656
503000,21.864786,59.470154
503103,9.7905951,39.511387
503104,19.984201,44.233807
503105,14.522324,31.325012
503106,5.6932154,43.59882
503201,6.9397593,24.530121
503202,16.537045,36.041752
503301,11.401503,18.523359
503302,10.392749,40.815708
503401,8.1371984,11.681974
503402,4.5034642,20.138569
503501,16.748917,36.473755
503502,10.668597,29.833454
503601,2.924269,20.969757
503602,7.090909,15.064935
503701,6.2654262,25.650276
503702,11.27089,26.078508
503703,6.3034325,18.935818
503801,8.1235151,24.014252
503802,10.726235,25.054123
503901,3.9289374,14.964128
503902,3.5641317,19.931896
504001,9.2493296,22.359249
504002,6.0231352,12.385321
504101,14.561069,30.553434
504102,,
530003,6.5903463,24.381187
530004,14.33869,32.583435
530005,8.36518,20.127388
530006,10.473565,32.473064
530101,19.380135,52.483196
530102,16.981499,42.414799
530202,7.3473916,27.702553
530203,8.6751366,43.738655
530204,21.611351,49.83532
530301,20.845667,54.080338
530302,17.279953,54.047688
530400,29.544884,46.416897
530500,32.764832,67.595482
530601,22.947762,60.927505
530602,13.633014,46.868092
530700,22.651449,54.345917
530801,33.069305,62.700272
530802,23.698912,50.955601
530901,25.174463,54.019127
530902,35.542313,75.589989
531000,19.171663,52.848576
531101,29.589291,68.27774
531102,29.913206,58.679478
531201,28.189528,63.772125
531202,22.924528,56.627357
531301,36.987309,73.588379
531302,31.032948,65.598099
531502,22.956161,67.446686
531503,33.386478,72.034439
531504,33.749149,74.302567
531602,29.588766,70.310936
531603,22.06278,43.976082
531604,27.801455,75.332161
531701,27.950075,57.810135
531702,30.560846,61.185184
531800,27.328215,62.118526
531901,24.214659,52.196045
531902,18.502428,49.757221
532001,17.562946,62.946846
532002,15.89361,50.178398
532101,21.726191,57.064537
532102,7.1524968,24.156546
532200,15.437393,59.254639
532302,18.437984,60.150875
532303,13.99177,33.173298
532304,23.625525,47.692646
532400,2.4390244,43.902439
532500,29.536489,56.188362
532603,27.655067,77.004539
532604,28.332727,65.165276
532605,33.898304,72.657028
532606,34.66119,77.104721
532700,26.95829,62.529671
532800,35.014835,76.283951
532900,38.629192,81.230286
533001,29.282965,74.711258
533002,20.663931,57.888847
533103,38.174511,74.540756
533104,40.774136,76.92984
533105,37.113838,82.818451
533106,29.976303,67.890999
533107,31.112383,59.222191
533201,29.296741,73.790741
533202,22.024729,49.072643
533203,22.594831,57.669048
533300,33.372746,60.77446
533401,21.012991,58.407078
533402,30.978905,57.004028
533403,35.402626,62.646328
533501,33.918839,72.804359
533502,18.02737,45.162811
533503,29.358215,70.277649
533601,30.359741,68.143066
533602,26.023338,64.586037
533603,24.013206,66.606636
533701,35.870129,64.233765
533702,32.054794,63.534248
533703,27.691948,66.643257
533803,27.065702,67.595016
533804,21.480783,54.6805
533805,27.091005,60.967911
533806,33.932701,60.698689
533901,27.883377,71.762245
533902,25.247644,60.908432
534001,29.154575,65.351135
534002,15.842512,50.175766
534101,28.025793,71.130951
534102,32.957661,67.773376
534201,32.692726,70.910683
534202,35.351994,75.419846
534203,18.686869,61.588104
534301,45.024929,61.131584
534302,32.36483,65.386559
534403,19.14324,59.069611
534404,35.278591,69.824043
534405,23.699423,71.92762
534406,28.546135,70.194763
534501,17.171289,62.73555
534502,21.863075,55.308643
534700,12.583472,49.123539
534802,15.53398,55.14563
534803,28.777313,59.716412
534804,19.126112,67.006805
534900,29.620213,59.844273
535001,30.781797,64.830803
535002,38.01086,67.390686
535101,34.463131,64.773613
535102,39.052525,54.665295
535200,26.69845,74.663712
535300,31.253145,69.451431
535400,41.064079,75.396828
535501,26.957384,64.444992
535502,19.866999,50.581879
535503,30.255566,74.278648
535603,20.734341,49.460045
535604,25.080019,67.16964
535605,24.965549,56.68351
535606,30.587618,76.862541
535607,16.74287,49.836708
535701,18.916304,45.621674
535702,30.342833,66.162064
535802,15.271227,56.043633
535803,18.906353,66.083687
535804,22.418934,50.801342
535901,17.265169,39.395012
535902,4.5659809,31.547918
536000,21.083567,49.501659
536102,15.410335,36.352585
536103,17.118959,42.323421
536104,27.218653,57.363789
536200,21.465212,48.454556
540000,20.281805,52.770626
540101,15.692625,42.17577
540102,13.397273,55.162594
540201,43.217823,70.89109
540202,36.052937,77.225128
540203,30.270758,70.234657
540300,22.629051,66.306526
540400,35.700352,80.218491
540501,25.281103,66.648529
540502,31.171303,61.508053
540600,27.330359,69.124207
540700,21.052631,70.028366
540800,12.434141,38.619598
540901,32.464615,58.481239
540902,20.115286,49.850925
541001,20.355732,47.2332
541002,7.4307747,35.856991
541100,16.987505,52.414726
541200,21.025225,41.301872
541300,25.071852,63.956043
541400,34.918842,69.400139
541500,29.731703,61.598831
541603,41.682072,74.892174
541604,42.413574,77.528809
541605,22.103767,69.936035
541606,26.953287,68.168663
541700,23.0893,53.258247
541801,34.590282,63.995647
541802,17.652727,59.934475
542000,27.644569,56.06488
542103,29.599028,66.731468
542104,18.98082,47.609505
542105,34.965782,70.466209
542106,31.07361,68.839104
542200,25.042542,56.678955
542401,21.038198,51.792362
542402,13.381774,40.690281
542501,34.863731,55.639412
542502,39.019287,60.748314
542601,35.426888,66.470398
542602,27.57209,62.299751
542700,26.386938,54.108147
542800,15.822784,36.518986
542900,21.340822,58.441559
543000,6.7941508,35.320583
543100,14.910479,35.529793
543201,24.13522,57.206497
543202,27.91658,62.853603
543304,11.367702,16.620588
543305,16.746107,34.127739
543306,10.219079,22.365501
543321,10.118074,17.202543
543322,5.4027367,20.24263
543400,9.5022621,32.579185
543501,15.345149,31.110075
543502,10.296333,21.019588
543503,4.2912621,17.747572
543601,4.0183973,18.373276
543602,11.73009,31.358704
543603,4.2575288,18.328142
543604,9.6491232,13.849527
543701,8.4337349,31.526104
543702,15.693832,38.436123
543703,4.112741,28.846706
543801,11.003757,30.416891
543802,10.544266,31.959642
543903,7.7005634,28.280119
543905,26.781712,45.45047
544001,18.46545,40.305061
544002,2.6217229,17.228464
550000,48.215919,55.169258
550100,8.3238888,29.190279
550201,9.4037476,37.853493
550202,13.205893,44.87899
550300,12.516247,33.350662
550400,6.9199457,13.297151
550500,3.7465365,18.88929
550601,12.762298,27.089783
550602,2.4467411,26.555578
550700,3.433923,13.482979
550800,6.9419174,32.40028
550901,14.399229,40.380447
550902,12.381436,42.649052
551000,5.6805077,35.726643
551101,32.004013,55.505394
551102,28.648005,53.226128
551201,3.6358948,26.972666
551202,17.356602,33.089828
551300,14.29145,48.474506
551401,19.840101,38.396801
551402,4.6002192,27.754656
551501,9.5490713,33.401348
551502,14.904888,42.908741
551600,,
551700,10.792847,39.389145
551800,10.195621,30.081617
551900,15.681429,35.145409
552001,10.968734,39.620708
552002,16.541742,36.857067
552100,10.228758,39.836601
552200,21.805876,49.488281
552301,12.508045,30.036472
552302,10.002661,25.405693
552400,6.6001534,41.903301
552601,12.753888,47.813358
552602,24.812513,42.425541
552700,16.082621,35.142448
552800,16.705376,34.671532
552900,16.200951,39.863258
553000,5.8004642,29.360895
553100,10.601503,35.548874
553200,12.524513,31.52046
553300,18.722006,42.818752
553400,15.257048,40.823658
553502,20.768847,49.001499
553503,16.952311,45.380032
553504,26.086269,54.337177
553601,17.041119,47.859261
553602,20.432785,55.074684
553701,23.319756,61.558044
553702,26.54973,58.381504
553801,29.274736,57.925072
553802,33.515453,56.889191
553901,15.01298,43.005482
553902,23.589382,52.346634
554001,13.158591,30.315065
554002,17.165703,50.714527
554101,32.213017,67.1716
554103,9.2154417,19.364882
554104,25.216736,54.617413
554105,29.500471,55.065975
554201,11.184378,32.868374
554203,16.617765,29.741264
554204,18.952854,60.696518
554301,18.333334,48.736561
554302,18.799788,54.062668
554403,26.183987,55.519592
554404,23.109037,59.872299
554405,16.742374,42.050617
554406,7.672358,34.406742
554511,3.4808552,19.691696
554512,2.4211054,12.289197
554513,4.8031497,11.377953
554514,7.1014495,21.532091
554515,5.9550843,16.95685
554516,3.8274932,13.369272
554517,6.8312945,17.72444
554518,3.5806096,12.633125
554519,6.2749572,19.880205
554521,4.4810543,17.281713
554522,4.750824,13.438046
554600,21.046915,43.635967
554700,16.366158,46.978401
554801,13.688328,55.054153
554802,12.041065,31.720898
554900,12.027586,29.917242
555001,21.912498,35.942402
555002,14.875767,34.107777
555102,22.346449,51.967476
555103,8.1465034,29.877913
555104,13.760321,35.451588
555202,6.3650074,13.966818
555211,31.464119,65.542732
555212,32.587116,62.492081
570001,6.9457011,15.995475
570002,7.1612077,17.951189
570003,8.5714283,20.546219
570100,23.934959,37.10569
570202,22.503242,44.763294
570203,18.97131,51.718792
570204,25.627869,49.824467
570301,26.195004,52.643589
570303,26.673063,65.195488
570304,31.202858,58.693928
570402,15.855107,43.349167
570403,28.592348,64.909393
570404,19.749029,48.043022
570501,9.4853687,37.653164
570502,16.211208,45.221554
570601,22.247787,49.044247
570602,23.144672,45.466358
570603,35.200634,63.607468
570701,6.057198,19.15167
570702,7.040472,14.123103
570800,3.4063261,24.435175
570901,3.9139276,14.334124
570902,3.7852349,16.483221
571000,4.5732241,11.118869
571101,7.9113922,12.257384
571102,3.8746297,21.791708
571200,3.1421933,21.995354
571300,4.9764628,9.9753418
571400,3.6732109,21.975935
571502,10.351781,31.660318
571503,15.404762,33.047619
571504,8.3103666,27.983889
571600,68.577278,85.926308
571701,20.041487,53.917343
571703,21.6245,57.443409
571704,36.858974,57.585468
571800,2.9562981,9.929306
571900,9.0001717,15.832043
572001,3.8461537,15.070267
572002,7.92834,25.481228
572100,2.8783658,4.9210773
572201,5.3390837,25.342058
572202,9.8631697,19.099201
572301,18.231754,46.560291
572302,17.794554,37.880829
572400,21.34647,46.551723
572500,38.204872,65.498833
572600,7.281467,39.059998
572700,17.209631,48.12323
572800,54.803921,91.470589
572900,30.182482,59.489052
573002,46.846607,74.85302
573003,28.422619,42.757938
573004,35.808544,65.757103
573100,13.802257,40.225613
573201,27.077421,56.890961
573202,27.215189,63.065098
573300,38.246181,72.443314
573401,14.116829,33.518776
573402,21.972002,45.587341
573403,11.747168,17.590937
573601,5.1126089,10.84991
573700,4.3028212,10.290237
573800,7.5639853,12.865631
573902,1.9607843,13.585434
574000,3.6598494,7.1223536
574100,5.0969949,12.476227
574201,4.1325026,16.726795
574202,11.691136,31.647635
574300,8.9030991,19.757338
574400,3.4099472,12.980407
574500,9.7068405,18.648209
574601,,
574602,3.21065,16.60141
574700,,
574800,8.4705076,16.152264
574901,7.7517314,14.970698
574902,34.561405,44.188595
575001,12.544122,23.676352
575002,13.390831,25.578756
575101,33.574093,56.453869
575102,40.882282,70.582687
575103,28.122498,54.883907
575201,24.757282,63.261253
575202,35.241146,64.218529
575300,31.264502,73.588554
575401,40.23959,79.124115
575402,33.851673,70.95694
575500,0,89.189186
575801,46.283184,84.336281
575802,39.981041,76.398102
575803,41.35997,73.431473
575901,39.583954,59.375927
575902,33.858269,58.31028
576001,12.342664,21.829796
576200,38.349251,66.948997
576301,32.981018,62.532356
576302,26.509306,62.573765
576401,48.104465,82.11879
576402,28.636742,69.866997
576403,35.01255,72.158478
576501,24.665392,48.470364
576502,32.4198,58.232418
576503,24.713503,52.441456
576601,10.640681,27.956989
576602,17.35635,25.254198
576700,9.5538187,26.594404
576801,27.345972,52.843601
576802,15.442359,32.25201
576901,41.718163,71.680481
576903,27.030655,60.438576
576904,21.303099,53.209839
577000,15.407471,29.485003
577100,8.058198,34.68103
577200,7.5393066,15.912105
577300,11.589464,23.596731
577400,8.4762869,18.668013
577501,9.7906055,15.506508
577504,6.0815482,16.171389
577602,9.8451653,19.456617
577603,11.334077,18.778645
577604,6.6210046,13.394217
599000,14.876266,43.925758
599100,6.2913909,37.417217
600100,46.014183,71.546097
600201,33.273258,63.144852
600202,38.849464,67.597763
600302,31.525185,50.545967
600303,39.222,54.360752
600304,43.662376,75.250359
600400,18.042274,43.054855
600501,13.046621,32.490063
600502,7.1139126,26.699684
600601,13.116591,27.503736
600602,42.962963,75.020576
600702,15.09716,35.703609
600703,6.2962961,17.830688
600704,13.21891,25.504366
600801,6.2276521,22.854589
600802,14.458317,21.546516
600902,27.87015,52.858273
600911,19.281332,48.670757
600912,21.699982,56.960201
601001,23.371849,60.556725
601002,25.793207,47.05114
601100,30.423771,66.317741
601202,27.432951,48.991058
601211,19.323832,59.628769
601212,22.611813,63.253857
601301,6.8737273,18.177189
601302,17.137972,40.655006
601303,24.989639,61.541649
601401,20.264488,53.675613
601402,18.047514,41.505291
601501,31.212122,71.338387
601502,30.950644,70.532455
601600,32.191944,51.314201
601700,40.168793,61.142036
601801,37.151447,65.199562
601802,28.858896,51.656441
601900,33.754307,64.523537
602002,21.076672,50.831974
602003,32.866295,63.290634
602004,29.124088,53.211678
602103,21.622484,51.085915
602104,25.67453,54.267776
602105,23.962307,60.264751
602106,13.086642,38.64621
602200,20.141216,47.199615
602301,8.2402897,20.852335
602302,2.4090075,14.061273
602402,17.741177,45.505882
602403,18.674917,52.329815
602404,17.278511,44.542339
602504,21.767555,53.728813
602505,40.475613,62.314972
602506,24.04022,53.404938
602507,30.269335,53.792934
602508,18.931759,43.147137
602509,19.197424,45.949963
602600,11.809982,36.632591
602700,17.650187,25.465178
602801,34.42152,67.171585
602802,18.507853,40.916229
602900,15.169613,55.35117
603001,22.489082,50.247452
603004,15.878616,39.237827
603005,23.197159,48.383659
603006,19.652342,43.505554
603101,18.922924,39.45158
603102,19.609417,46.147671
603200,6.4757161,19.364882
603301,8.7418785,35.174248
603302,16.46109,48.082531
603400,11.74766,40.726704
603500,8.600728,24.115118
603600,6.0867481,29.618979
603702,12.761754,28.684315
603703,2.1388369,11.932458
603704,26.953426,55.902832
603801,19.732441,42.872074
603802,20.447906,56.523857
603900,14.869637,53.992397
604001,18.518518,58.221409
604002,11.379311,47.327587
604100,21.679556,51.553387
609900,14.212679,30.265848
620001,6.5931373,12.034314
620002,5.0226927,14.886536
620101,11.398041,20.160284
620102,3.8392167,15.434167
620201,9.5435686,15.352697
620301,2.5482779,4.9970136
620303,2.4931381,8.3485823
620305,4.1980062,7.7138357
620400,4.3093495,9.6575603
620501,1.7925736,14.50064
620521,7.5804777,16.796469
620522,5.1702127,17.297873
620601,9.8599138,17.474855
620602,2.7111192,12.236673
620701,2.672209,14.652613
620702,2.6423357,11.328467
620800,3.161298,9.3042746
620901,5.4441261,10.565903
620904,6.1473846,9.5456285
621001,1.5855539,6.7165823
621002,5.9059057,13.013013
621004,7.4016447,11.558124
621102,7.5611324,11.486486
621104,1.2767898,8.6943302
621201,3.3166153,11.114706
621204,7.3615637,15.179153
621301,4.3924465,10.76902
621324,6.9524045,18.639421
621326,3.7841396,9.8716679
621400,7.6053214,12.305986
650001,12.44415,27.949694
650003,14.727683,31.936836
650004,15.334378,32.993729
650101,5.1496406,17.371677
650102,6.7084079,12.522362
650200,3.8711777,16.297983
650300,5.8814816,32.237038
650401,6.4774694,15.792894
650501,6.5420561,13.664196
650502,8.831584,12.825194
650602,11.117151,27.779287
650603,7.730093,22.957602
650604,14.344193,38.205696
650605,12.291454,27.340824
650701,5.2223582,17.339861
650702,1.7952554,7.0314169
650800,3.7642252,10.285964
650901,4.4903312,21.665028
650902,6.5984073,16.853567
651001,10.999023,26.098276
651002,3.2310839,14.498978
651101,5.7175527,14.236707
651102,7.975616,28.422657
651201,2.1321962,5.565032
651221,12.253212,23.252899
651222,4.8109412,14.271923
651302,2.2003746,8.2553062
651304,6.1545372,9.838275
651401,9.8686829,23.398329
651402,2.873117,16.167107
670001,11.652174,27.73913
670002,13.505535,28.339483
670003,12.424026,33.643188
670100,18.764776,36.303192
670201,2.8428533,5.7383523
670202,6.1254611,13.099631
670324,4.2105265,11.866029
670326,1.8348624,3.3830276
670328,4.0808001,7.8555398
670403,6.2711229,11.528352
670405,4.1999998,12.366667
670406,4.4148936,6.861702
670407,8.5418749,10.427094
670411,4.0245566,12.210095
670413,5.5283556,8.2823334
670416,5.2211747,16.050278
670500,1.9812878,5.5035772
670602,4.2645073,9.8650475
670701,2.4479978,13.810669
670702,2.2668154,8.6213303
700101,22.511431,37.513191
700102,24.606619,54.232231
700200,15.725866,29.344141
700300,9.4734993,21.517874
700400,11.067268,21.0823
700501,10.887815,24.879166
700502,14.160756,26.926714
700600,5.5222087,13.365346
700700,3.018446,8.9155951
700801,15.272844,22.667097
700802,9.3914566,16.237566
700901,11.455847,20.65765
700902,8.7655525,17.97847
701000,7.0257611,14.23167
701100,58.924206,86.063568
701201,7.0605907,12.018027
701202,7.1122012,10.821582
701302,9.0813761,16.820469
701304,7.0793653,16.079365
701402,13.163935,23.131147
701501,8.2197437,17.368856
701502,10.134579,19.829718
701601,3.1572165,9.0206184
701602,12.673081,22.107487
701701,6.9032979,21.408607
701702,16.71875,26.46875
701801,15.589864,39.016613
701802,21.971109,41.891891
701902,18.22929,36.743412
702002,13.831028,32.161308
702102,9.1042109,15.347098
702201,12.761675,23.450081
702202,8.324873,13.959391
702300,13.076597,22.951052
702400,6.7870035,15.042118
702501,7.6627488,13.856238
702502,6.4849625,18.890978
702600,5.3525915,12.727273
702700,2.2386093,7.1635504
702801,15.042674,37.802277
702802,9.052453,28.976311
702803,15.609913,37.04538
702901,12.959172,18.000647
703001,11.028037,18.725573
703002,8.4290695,13.811798
703100,8.4525118,17.180052
703200,8.8778057,13.915212
800101,1.2056738,8.9007092
800102,6.9100962,17.064301
800202,11.776251,19.52895
800203,8.9488373,15.293023
800204,8.0774088,20.908709
800324,3.7171781,9.0319519
800325,8.4449625,15.463017
800326,6.7059979,11.819076
800327,13.447783,26.484262
800328,7.8254848,16.239613
800329,6.134604,11.986301
800330,10.177404,20.821663
800331,3.3096926,10.283688
800332,1.7990547,8.1262388
800406,8.680851,18.085106
800408,10.401662,13.490305
800410,4.4976635,12.908878
800504,10.598065,14.951627
800506,7.2432761,12.041565
900102,54.848045,71.345879
900103,32.267937,63.787827
900104,28.325281,58.727859
900201,34.026466,53.308128
900300,11.834149,48.401958
900501,23.630083,60.276337
900504,11.258384,30.884701
900505,30.961824,66.236984
900506,34.944008,57.154709
900507,26.036186,58.270241
900508,25.207914,46.228851
900602,33.121468,70.639122
900605,29.444515,62.571175
900606,39.686749,64.024094
900607,53.958622,75.83448
900608,27.483725,48.485706
900609,34.405895,60.90239
900701,32.583218,55.438351
900703,37.774727,58.46154
900704,31.830986,65.105637
900705,15.377008,43.411621
900803,23.755919,44.608101
900804,32.35294,68.366707
900805,17.805122,39.628326
900806,37.618279,74.174934
900900,15.154038,22.98085
901003,,
901004,10.656135,18.620022
901007,11.025146,19.92263
901008,10.1227,25.357874
901009,13.371488,35.778702
901010,30.290873,53.226345
901011,14.888535,29.378981
901101,18.154404,40.088459
901102,18.365845,34.118511
901205,10.038374,23.574045
901209,13.563605,30.244314
901210,8.5585585,37.644787
901213,3.3406353,12.62322
910001,15.048793,58.055126
910002,21.826344,56.47356
910101,33.729923,55.978584
910201,23.699423,45.141758
910202,5.9005647,26.31579
910205,19.383261,37.518356
910206,10.005784,20.618855
910207,13.317599,29.28186
910208,11.571649,39.33744
910209,4.8541422,16.12602
910210,3.1214848,17.899324
910301,12.055055,19.411486
910302,3.1211643,18.411362
910401,6.7871962,22.866034
910402,48.321209,73.614998
910403,67.038414,88.434532
910404,22.535976,51.262558
910501,68.386986,85.689293
910502,31.860777,73.574295
910504,39.406067,73.06234
910505,21.969696,53.656128
910601,34.067631,70.169777
910602,41.906204,69.566315
910603,28.556517,54.443783
910605,24.973679,58.791325
910606,19.910582,63.994038
910705,12.150794,46.809525
910706,13.186634,41.890789
910707,20.560747,48.420116
910709,10.267062,43.442135
910711,24.508169,65.566299
910712,23.928293,45.479343
910713,19.831293,59.659279
910714,15.932863,58.209682
910715,15.094635,42.57782
910716,17.128731,40.102421
910804,9.8645363,17.818687
910805,9.5075674,26.987848
910807,6.6849227,15.560567
910808,1.2650949,10.494537
910809,9.9772205,13.940775
910810,6.3585825,13.655316
910811,9.7902098,20.979021
910812,13.263158,18.31579
910813,7.2698326,14.937649
911001,16.572689,44.07943
920011,23.03665,31.937172
920012,8.0971661,20.34413
920013,3.8155479,8.7329121
920015,3.3419023,8.9492292
920016,4.3081698,8.3834658
920017,5.5648189,21.613173
920018,6.1939344,14.737291
920020,6.8757877,16.426271
920023,10.804522,37.533245
920026,15.2,40.533333
920028,5.4962311,13.34799
920029,5.3399477,19.433907
920030,11.948439,27.136011
920031,5.4934645,20.45842
920032,3.0097086,7.540453
920033,17.073172,32.384823
920034,20.614973,34.438503
920035,10.447577,43.385262
920036,15.9689,27.960526
920037,29.26671,55.444515
920038,19.361233,44.647575
920039,2.7066216,6.3798938
920040,10.860889,17.445839
920041,12.866449,29.250814
920042,11.003005,20.818428
920043,1.2353601,13.797529
920044,2.349689,7.15273
920045,6.2652068,10.482563
920102,18.850073,37.554585
920104,8.5192699,16.024342
920106,17.150719,34.515438
920107,2.8837998,8.8634434
920108,1.9395579,8.2769508
920109,2.6644917,14.536886
920110,4.4708548,11.035654
920111,4.6708465,6.3322883
920112,5.1030669,13.524384
920114,6.6480775,15.468154
920115,2.781955,11.804511
920116,1.7892253,6.6850176
920118,3.3184428,12.172942
920119,4.3584719,9.3535748
920200,,
920303,14.996447,17.981522
920312,7.8583288,24.663345
920313,12.924071,26.045593
920314,2.075536,11.024158
920322,2.3857527,6.8548388
920326,6.0491776,12.988384
920328,12.446146,14.169459
920329,4.79073,11.622276
920330,5.6162248,8.1296587
920331,5.8259411,17.9813
920332,5.2961278,16.343964
920334,13.299722,22.72253
920336,20.36862,54.379333
920337,29.93774,62.961983
920338,7.4236493,9.2090836
920339,3.2087791,9.6263371
930101,0,5.0955415
930200,18.594105,29.478458
930301,14.1252,34.510433
980001,,
980002,,
980003,,
980004,,
980005,,
980006,,
980007,,
980008,41.935482,58.064518
980009,,
980010,58.992805,77.697845
980013,,
980014,45.714287,100
980015,21.333334,52
980018,,
980019,0,0
980020,,
980021,,
980022,,
980023,,
980024,1.6260163,22.357723
980025,,
980026,,
980028,,
980030,,
980031,0,0
980033,,
990300,,
