Area,Total_Population
101110,4824
101122,3291
101210,5882
101220,2902
101300,4410
101400,4109
102103,1850
102104,3481
102105,1942
102107,3932
103101,2798
103102,4865
103200,6299
103300,3293
103400,6658
104103,4019
104105,5839
104108,4917
104124,4304
104201,4879
104203,4828
104204,3372
104310,5158
104320,5321
104401,3708
104403,2919
104404,2769
104500,3047
104610,3385
104620,3422
104701,3915
104703,2269
104704,4439
104810,5798
104821,3283
104822,2572
106010,2991
106020,6279
106111,4816
106112,6009
106113,3455
106114,5926
106403,3553
106405,3825
106406,5495
106407,2891
106408,3908
106510,5151
106520,5908
106603,3256
106604,4638
106641,2145
106642,3422
106643,4753
106645,3338
106646,3689
106648,3994
106649,2657
107010,3116
107020,5549
108101,2393
108102,3706
108103,3307
108104,1974
108201,5846
108202,6564
109100,2642
109200,2728
109300,3458
109400,3412
109500,4687
109601,4975
109603,4153
109604,3094
109700,4709
109800,5161
111100,3233
111201,3387
111202,5595
111204,6179
111205,3990
111206,4747
111301,7943
111302,5110
111400,7812
113101,3845
113102,3016
113211,3906
113212,3286
113213,4714
113231,2240
113232,4559
113233,7841
113234,4621
113235,1725
113237,4166
113301,2361
113303,4206
113321,5619
113322,3936
113401,5603
113421,6906
113422,6699
115101,5179
115103,3409
115104,4324
115201,6679
115202,4560
115301,4112
115302,4415
115401,5983
115403,3500
115404,2901
117101,5456
117102,2764
117201,4655
117202,2454
117301,3881
117302,5060
117303,3709
117404,4197
117405,3818
117407,3775
117408,3156
117510,3948
117520,4008
117530,6415
119001,3941
119002,7038
119201,3966
119202,4415
119310,3877
119320,4844
119340,3763
119341,2785
119342,3458
119400,5486
119700,4774
119800,6479
119900,5210
120010,2789
120020,4822
120030,2521
120103,3268
120104,2684
120105,2912
120106,4695
120107,3886
120108,4883
120300,5597
120400,7021
121010,4674
121020,3740
121101,3152
121102,2608
121210,3201
121221,2304
121222,5159
121600,2684
121801,3321
121802,3487
121900,4260
122000,6180
122120,4785
122121,2784
122122,2419
122200,4175
122410,3853
122420,4641
123010,4335
123020,3552
123103,4227
123104,4334
123203,3699
123204,3367
123205,2714
123206,2876
123301,4499
123303,3266
123304,4496
123410,4125
123420,4326
123510,5003
123520,2500
123601,5312
123602,3585
123700,3721
123800,5599
123901,4327
123902,2721
124000,5093
124102,3744
124103,2203
124104,2727
124105,2694
124201,3116
124203,2693
124204,3097
124300,3764
124400,4270
124500,3201
124600,3355
124700,5018
124902,2993
124903,3211
125100,6129
125200,3803
125310,4867
125320,5540
125401,3838
125402,4030
125501,3282
125502,3543
125600,2383
127102,5169
127103,3343
127104,3880
127210,5903
127220,4704
127300,4582
127400,6087
127520,3968
127603,3022
127604,2782
127605,4120
127606,3833
127711,3737
127712,2883
127803,4033
127804,4154
127805,4224
127806,3223
127910,5128
127920,4013
128101,3311
128102,4663
128210,5455
128220,2884
128302,5202
128303,3434
128400,4181
128500,4444
128601,4570
128602,3104
128702,5869
128801,3312
128802,4778
128910,4091
131010,6308
131020,5625
131100,3438
131200,3088
131300,4933
131400,6257
131600,5327
131701,4474
131702,3658
131800,5750
131900,4706
132001,3304
132002,3416
132101,4439
132102,5376
132300,7390
132501,4071
132502,3965
132700,5509
132900,3927
133000,4609
133100,5806
134001,3941
134002,4160
134101,5875
134103,4460
134104,4145
134201,4161
134302,3854
134303,6053
134304,3013
134305,4577
134306,3666
134421,3690
134422,4993
134423,3378
134424,2725
134520,5440
134521,3060
134522,3847
134710,5979
134720,4859
134800,6408
134901,3380
134903,5842
134904,4682
134905,3473
135102,4151
135111,3098
135113,3031
135114,4723
135201,2783
135202,4564
135203,7317
137000,4797
137103,4775
137104,2872
137201,5842
137301,2276
137302,4520
137401,4387
137402,5709
137501,4062
137502,4117
137504,2027
138000,4736
139001,4910
139200,5596
139301,4902
139302,4666
139303,4425
139401,3064
139402,2874
139502,3036
139503,5812
139504,3531
139600,4636
139701,4972
139702,6063
139703,2774
139801,3432
139802,3894
141101,4787
141102,2997
141201,4184
141202,2860
141302,5737
141303,3168
141304,3257
141400,4533
141500,2987
141600,4158
141700,3103
143100,4376
143200,3936
143300,6848
143400,6424
143500,4708
143602,4729
143603,2247
143604,3422
143700,3626
143800,5511
143901,4162
143902,3003
181000,6163
181300,3925
181400,4619
181500,3882
181600,4632
183101,3673
183103,4428
183104,2404
183220,4465
183221,3162
183222,3460
183300,3365
183401,2430
183402,3056
183510,2521
183520,3814
183610,3510
183620,3325
183701,3818
183702,3252
183810,4209
183820,4000
185100,6452
185202,4086
185203,3244
185204,1893
185310,3209
185320,2806
186100,4632
186201,3293
186202,2031
186203,2948
186301,3103
186302,4779
186401,3618
186403,2998
186404,2615
187101,2896
187102,3364
187200,2783
187300,3152
188100,3761
188201,3490
188202,2311
188300,3608
189101,2516
189102,3196
189201,3285
189202,2571
189300,2943
189400,3513
189500,4006
189600,3565
189701,3830
189702,1905
189800,3980
189902,5218
189903,2147
189904,2518
189905,2410
190100,4801
190201,2636
190202,3038
190301,5122
190401,3408
190402,2349
190510,5068
190520,3971
190700,3330
190801,2448
190802,2700
190901,4468
190902,4334
191000,3784
191110,3451
191120,4581
191201,4724
191203,2753
191204,2068
191301,2505
191302,2405
191410,5077
191420,3793
191500,5683
191610,4374
191620,3034
191710,2932
191720,3879
191810,3501
191820,2719
191901,3522
191902,3014
192001,2470
192002,2607
192300,2809
192410,3947
192420,4258
192510,3666
192520,4964
192610,4793
192620,3648
192700,3719
194101,3148
194102,3797
194200,3647
194300,3732
194401,2464
194402,3296
194500,1956
195100,4942
195201,3015
195202,3448
195300,3800
195400,4427
195500,4922
195600,3334
195710,4784
195720,2223
195802,2747
195803,2983
195804,2442
195901,2307
195902,2017
195903,2316
197200,3875
197300,3914
197410,4286
197420,3457
197500,3930
197600,2427
197700,5167
199000,5538
199110,2500
199120,4484
199201,4121
199202,3045
199300,3556
199400,4513
199700,3297
199800,4995
199900,2719
201110,2657
201120,4176
201200,2660
201301,3307
201302,3652
201401,5127
201402,4693
201501,5406
201503,3285
201504,2044
201601,2240
201602,2905
201700,5866
203100,4689
203200,4876
203300,2095
203500,3136
203600,4854
203710,3458
203720,4139
203800,5053
203900,3097
204110,3131
204120,2745
204200,3382
204300,4812
204410,2077
204420,2909
204600,4633
204700,4795
204810,4796
204820,2446
204910,3021
204920,2570
205110,3826
205120,3288
206010,3157
206020,7579
206031,3124
206032,5133
206050,2278
206200,3294
206300,5514
207101,3137
207102,2239
207103,2253
207301,4686
207302,4243
207400,991
207501,2128
207502,2504
207710,3197
207900,4627
208000,7197
208301,2213
208302,4417
208401,4403
208402,2850
208501,2529
208502,3589
208610,4261
208620,4530
208710,4334
208720,4574
208801,3252
208802,3059
208902,2572
208903,3883
208904,3632
209102,4787
209103,3610
209104,2431
209200,3276
209300,4276
209401,4108
209402,3695
209403,3589
209510,2680
209520,2559
209810,2773
209820,3020
210010,3570
211000,4676
211120,5174
211121,2330
211122,3127
211201,3013
211202,2607
211310,4296
211320,3305
211410,2716
211420,3356
211500,4694
211701,3008
211703,4989
211704,2931
211802,4213
211803,3795
211804,3095
211910,4749
211921,2202
211922,3694
212101,2875
212102,2315
212202,3704
212203,3059
212204,3666
212303,3268
212304,1867
212305,3030
212306,3086
212410,4135
212420,3354
212501,2158
212502,2790
212610,3871
212620,4609
212701,2496
212702,3756
212800,4103
212900,4906
213100,2902
213201,4554
213202,3987
213310,3827
213320,2151
213401,5616
213402,4558
214000,3853
214100,4257
214400,3028
214501,2947
214502,4958
214503,3339
214600,2767
214700,2590
214800,3021
214901,2974
214902,2869
215101,2626
215102,3173
216100,2801
216200,4797
216300,5053
216401,4686
216402,3076
216700,3973
216800,3288
216900,5178
217001,2778
217002,5360
217100,5685
217200,3997
218110,3476
218120,5124
218210,3991
218220,4592
218300,5781
218400,4290
218500,2819
218600,3440
218701,2472
218702,2178
218800,2699
218900,5828
219010,2694
219020,4275
219300,4433
219500,1727
219700,4180
219800,3024
219901,4494
219902,4030
220000,5754
220100,2297
221110,3657
221120,3075
221210,3022
221220,3782
221302,5457
221303,2613
221304,3740
221401,3169
221402,2926
221500,3875
221601,3486
221602,3174
221710,2632
221810,2792
221820,3202
221900,3592
222001,3021
222002,4696
222100,3567
222200,4147
222500,5432
222600,5530
222700,3797
224010,2112
224020,2517
224200,2441
224310,2189
224320,3430
224410,3399
224420,2460
224600,3377
224700,6518
226001,2258
226002,1598
226410,3669
226420,5202
226700,6594
227010,4604
227020,3661
228100,5540
228210,3749
228220,4179
228310,4613
228320,2985
228410,3265
228420,3379
228500,4648
228600,4856
228710,3990
228720,4341
228800,5543
228900,3054
229100,4783
229200,4051
229300,5772
229410,3620
229420,4626
231100,3478
231210,3492
231220,4514
231300,5234
231400,4966
231500,4772
231600,6991
231710,4357
231720,5444
231800,4645
231900,5415
232110,2979
232120,5652
232200,2786
232300,4198
232400,6906
232500,5015
232600,6250
232700,6211
232800,4052
234000,5721
234200,2234
234300,3808
234501,2370
234502,2231
234600,5060
234700,3686
234800,3231
234901,2773
234902,3858
235100,4728
235201,2573
235202,4156
236000,4390
236100,5139
236202,5570
236203,3732
236204,2927
236400,4400
237101,3641
237102,2902
237201,3405
237202,4784
237300,5136
237401,3580
237402,3444
237500,2844
237600,3780
237710,3027
237720,2989
237800,3814
237900,3988
238000,5462
238100,4598
238200,5463
238310,4726
238320,3916
238400,5237
239201,3723
239202,5008
239310,4273
239320,3862
239330,3129
239501,3700
239502,3517
239601,3714
239602,3507
239701,4919
239702,3669
239801,3508
239802,4764
240010,3702
240020,5578
240200,5314
240300,4966
240401,5299
240402,3768
240500,6548
240600,5075
240700,6150
240800,4950
240900,5962
241001,4398
241002,4184
241110,3129
241120,5292
241201,2899
241202,4930
241300,2216
241400,3385
242000,4085
242100,2787
242200,5580
242300,4842
242600,4932
242700,5162
243000,6934
243100,6600
261101,3890
261102,4039
261200,3999
262100,3028
262200,4714
262301,2993
262302,3102
262303,2972
262400,3030
262501,4065
262601,3759
262604,6531
262704,3516
262706,3770
262802,3538
264000,3124
264102,2708
264103,2494
264301,5124
264302,5521
265100,2624
265201,2927
265202,3562
265301,11519
265303,4925
265304,3454
265305,4282
265410,1418
265420,2141
265510,4138
265520,4425
265601,2949
265602,2927
265700,5184
267100,6713
267200,5658
267300,4388
267402,4604
267403,3070
267404,3237
267501,6602
267502,3370
267600,2995
267700,3424
267800,2980
267901,2330
267902,3486
269000,5663
269100,4019
269300,4393
269500,4007
269601,3184
269602,2745
269700,3822
269800,3293
269903,3969
269904,4019
269905,3192
269906,2889
269907,2851
270100,4627
270200,3857
270300,2495
271100,2404
271200,2825
271300,4494
271400,3660
271500,3106
271600,4522
271701,5867
271702,4344
271801,3558
271802,6488
271901,3393
271902,3909
272100,4422
272201,2518
272202,3740
272301,3288
272302,4514
273100,2159
273200,3527
273300,3564
273402,2797
273502,2964
273600,2389
273700,2800
273800,3328
273902,3674
274100,4292
274202,4018
275101,1272
275102,3887
275200,4122
275302,4801
275311,5758
275400,3401
275500,5262
275602,7934
275603,2953
276000,5582
276100,6062
276400,4176
276500,5272
276601,4027
276603,5293
276604,4249
277000,5563
277100,3200
277200,2525
277400,1710
278001,2514
278102,3100
291110,3570
291120,2291
291130,3572
291210,5771
291220,3794
291300,2414
292000,6723
293201,6594
293202,6424
293301,2900
293302,5498
293304,4361
293306,2386
293307,2691
294110,4541
294120,2386
294200,5559
294301,2680
294302,5049
294410,4979
294421,3029
294510,4808
294520,3658
294610,4329
294620,4508
294701,3236
294810,4464
294820,3845
294830,3796
294900,3682
295103,4866
296210,2749
296220,4602
296300,4530
296401,3417
296402,3043
296500,4000
296600,5101
296901,4267
296902,3968
297000,5206
297110,5286
297120,3789
297201,3663
297202,3886
297300,2298
297400,3761
297500,5100
297601,2565
297602,4005
300100,5961
300200,5676
300301,6543
300400,5594
300501,3065
300502,6003
300600,8966
300701,6561
300702,5315
300800,7604
300901,6307
300902,2057
301000,4944
301100,6607
301203,4427
301204,5168
301205,2244
301206,5315
301300,2017
301400,3710
301501,1860
301502,6966
301601,6492
301602,4064
301701,2901
301702,5904
301801,4508
301802,3479
301900,7966
302002,3968
302003,3834
302004,4405
302102,5771
302103,5862
302104,4028
302201,4086
302202,5122
302301,4359
302302,5138
302401,5887
302503,4573
302504,4409
302505,4503
302506,3520
310100,5813
310201,5797
310202,5000
310300,2853
310400,3174
310501,3474
310601,6502
310602,2519
310701,2488
310702,7454
310703,5305
310800,5446
310900,6221
311000,4037
311100,4044
311200,3230
311300,3849
311400,2219
311500,5441
311600,7224
311700,5800
311801,2978
311802,3857
320000,
320100,7828
320201,3712
320202,6017
320300,6739
400204,6316
400205,3284
400206,5370
400207,4835
400302,3047
400304,6998
400402,4224
400403,4090
400404,4372
400501,2100
400602,4288
400603,5150
400604,3194
400800,6113
400900,4312
401001,3201
401002,4010
401101,5568
401102,2921
401201,3327
401202,4727
401203,5595
401303,2460
401304,5832
401311,6389
401312,5678
401500,5967
401601,5149
401602,5964
401603,2646
401701,4347
401703,4703
401704,5733
401800,7909
401901,3977
401902,5690
402001,3284
402002,4369
402101,4998
402102,5200
402200,6959
402301,5777
402303,4553
402304,4041
402402,6454
402403,5454
402404,2042
402405,2995
402406,4734
402501,5657
402502,6932
402600,6999
402702,6487
402703,4714
402705,3551
402706,4180
402801,5192
402803,3403
402804,4308
402902,6486
402903,4517
402904,3581
403000,7118
403200,738
403303,2851
403304,4985
403305,2137
403312,5090
403316,7095
403317,4514
403318,6106
403319,4418
403320,5369
403321,6239
403322,4001
403323,5433
403324,6684
403325,4852
403401,5552
403402,3609
403403,4949
403404,2636
403405,1812
403406,2913
403407,2104
403408,6395
403500,1879
403600,7082
403702,3773
403703,4939
403721,4921
403722,5810
403801,6261
403802,5972
403901,3437
403902,4961
404000,4904
404100,6315
404201,3752
404202,3959
404301,5793
404302,2054
404401,3819
404402,4607
404501,2576
404503,3077
404504,5058
404600,1426
404701,5672
404702,6247
404703,3491
404801,7763
404802,4657
404803,1648
404901,5813
404902,4462
404903,3004
405001,6257
405002,3364
405101,4821
405102,4218
405201,5319
405202,5285
405203,3813
405301,3486
405302,6055
405400,5569
405500,6847
405600,5795
405701,3633
405702,4896
405800,5832
405900,3842
406000,5185
406101,3551
406102,5545
406200,5817
406300,5575
406402,2243
406411,2003
406412,2554
406500,6408
406601,5648
406602,5717
406701,3504
406702,6043
406800,4743
406901,4796
406902,3641
407001,5976
407002,3740
407101,4831
407102,5433
407200,7123
407301,4779
407302,3905
407400,2091
407501,4510
407502,4105
407601,4460
407602,3933
407701,5253
407702,6837
407801,5241
407802,3878
407900,6493
408003,4807
408004,2268
408005,4791
408006,3850
408133,5879
408134,2699
408135,3925
408136,3718
408137,4218
408138,6355
408139,4543
408140,3671
408141,5445
408202,2008
408211,5955
408212,5078
408301,5619
408302,4060
408303,4363
408401,4577
408402,5363
408501,3192
408503,6461
408504,5162
408505,2880
408623,3345
408624,3370
408625,4295
408626,4606
408627,3011
408628,5416
408629,2749
408630,2701
408631,5427
408703,6513
408704,3151
408705,5525
408706,1897
408722,4633
408723,2897
408724,5559
408800,3896
430002,7100
430003,4426
430101,5023
430102,5220
430200,1051
430301,4469
430302,5984
430400,4570
430501,4236
430502,6848
430600,4312
430701,5054
430721,3480
430723,4685
430724,5041
430801,6934
430802,4076
430803,5232
430901,4397
430902,4670
431001,7279
431002,3330
431100,6962
431200,6091
431300,2763
431400,3731
431501,4557
431502,4425
431600,3991
431700,6669
431800,5788
431900,4272
432000,8129
432101,4332
432102,5378
432201,4151
432202,4464
432300,4305
432401,3978
432402,7000
432500,8472
432601,6652
432602,4611
432700,5279
432801,3005
432802,5283
432901,4818
432902,3641
433101,2497
433102,4807
433200,6482
433302,1859
433304,4714
433305,5196
433306,3210
433307,3188
433401,3183
433402,4329
433403,4598
433501,1915
433503,2868
433504,4601
433601,4793
433602,2685
433700,3813
433801,6373
433802,3119
433901,5694
433902,3684
434001,4845
434003,4476
434004,2912
460000,4746
460100,5936
460200,5757
460301,4431
460302,4483
460401,948
460501,5548
460502,4523
460600,4645
460700,5045
460800,3165
460900,6863
461000,6608
461100,4969
461200,4623
461300,7034
461400,3248
461501,4182
461502,7330
461600,6223
461700,1475
461901,5202
461902,1573
462001,3893
462002,4174
462100,5668
462201,3608
462202,2907
462301,4500
462302,2774
462400,4375
462500,6176
462600,2203
462700,5433
462800,2495
462900,3803
463000,2158
463101,2404
463102,3659
463200,3375
463300,2000
463400,5699
463500,6374
463601,5981
463602,4962
463700,2759
463800,3825
463900,3373
464000,6162
464100,7567
464200,5786
480002,3436
480011,5566
480012,5154
480101,4412
480102,4572
480201,3966
480202,2640
480302,4482
480303,4037
480304,4010
480400,5482
480500,5192
480600,8007
480702,4542
480703,3288
480704,4970
480802,3456
480803,3888
480804,5170
480901,4914
480902,4199
480903,3057
481001,4032
481002,5685
481101,4047
481102,3665
481103,4939
481201,3730
481202,5759
481300,3334
481401,6294
481402,7240
481500,4331
481603,3780
481604,4196
481605,3039
481606,4997
481711,4467
481712,5231
481713,2874
481714,2462
481800,2908
481901,5648
481902,3471
482001,2737
482002,7028
482101,4881
482102,2983
482201,3884
482202,4794
482301,5254
482303,6201
482304,3702
482401,4117
482402,7378
482502,3149
482503,4081
482521,5838
482522,4736
482600,6607
482701,4835
482702,2440
482800,4421
500100,3678
500201,5830
500202,4936
500300,3282
500402,4477
500403,4483
500404,4825
500500,2828
500600,6035
500700,6473
500800,5620
500900,6010
501001,3145
501002,4899
501200,5354
501300,7631
501400,3895
501501,2366
501503,4800
501504,3624
501600,7869
501700,3717
501802,3576
501803,4814
501804,2011
501900,4192
502003,2886
502004,3938
502005,4985
502100,5348
502200,6368
502301,6234
502302,3307
502401,5041
502402,3658
502500,4117
502601,7229
502602,4565
502700,6513
502801,6935
502802,2342
502901,5488
502902,4331
503000,5833
503103,5459
503104,2581
503105,4174
503106,3390
503201,4199
503202,4956
503301,3072
503302,6632
503401,7026
503402,4330
503501,6711
503502,4154
503601,4245
503602,3850
503701,5267
503702,5173
503703,7841
503801,4232
503802,5081
503901,2933
503902,4428
504001,6048
504002,5284
504101,5240
504102,
530003,3249
530004,4075
530005,4724
530006,4007
530101,5529
530102,5308
530202,4505
530203,2755
530204,3968
530301,2365
530302,6801
530400,3977
530500,4163
530601,3780
530602,1416
530700,2304
530801,5587
530802,3401
530901,3920
530902,4255
531000,5336
531101,4468
531102,3253
531201,5501
531202,4240
531301,5586
531302,6814
531502,3382
531503,3171
531504,4447
531602,4985
531603,3368
531604,3989
531701,5381
531702,4735
531800,5089
531901,6886
531902,3934
532001,3235
532002,3088
532101,6408
532102,3748
532200,6431
532302,4649
532303,4407
532304,4537
532400,41
532500,4102
532603,3305
532604,2789
532605,4012
532606,4940
532700,2964
532800,4381
532900,6974
533001,4156
533002,2681
533103,3488
533104,4555
533105,2363
533106,1702
533107,3515
533201,2940
533202,2588
533203,1822
533300,3428
533401,5320
533402,4234
533403,2963
533501,3329
533502,2152
533503,2197
533601,4809
533602,5407
533603,6672
533701,3850
533702,3672
533703,4272
533803,6598
533804,4241
533805,3802
533806,3893
533901,6208
533902,4151
534001,5206
534002,4448
534101,2021
534102,6580
534201,4726
534202,5918
534203,3584
534301,4645
534302,3980
534403,3015
534404,3410
534405,4005
534406,5083
534501,4723
534502,4481
534700,4824
534802,3090
534803,4302
534804,3838
534900,6295
535001,4308
535002,3518
535101,7730
535102,4855
535200,5883
535300,6021
535400,3411
535501,4036
535502,4885
535503,2426
535603,3241
535604,4399
535605,4361
535606,1906
535607,4593
535701,6269
535702,4492
535802,6784
535803,4517
535804,5374
535901,5653
535902,7998
536000,3925
536102,3305
536103,5380
536104,4203
536200,7603
540000,7381
540101,6874
540102,6696
540201,2034
540202,7254
540203,5609
540300,4998
540400,2605
540501,7395
540502,6838
540600,4287
540700,3251
540800,5694
540901,4607
540902,5087
541001,1019
541002,2930
541100,3009
541200,6205
541300,5993
541400,7085
541500,5545
541603,3346
541604,6248
541605,5628
541606,2465
541700,6244
541801,5572
541802,5194
542000,5797
542103,4121
542104,3510
542105,4676
542106,3510
542200,7068
542401,5175
542402,3303
542501,4780
542502,4303
542601,3076
542602,5678
542700,5834
542800,3221
542900,2899
543000,4547
543100,6827
543201,3820
543202,4843
543304,6197
543305,3147
543306,7212
543321,5553
543322,7111
543400,4434
543501,6516
543502,3993
543503,5672
543601,4135
543602,7920
543603,3852
543604,5928
543701,3011
543702,7273
543703,3515
543801,5605
543802,7066
543903,3727
543905,4517
544001,4409
544002,2945
550000,1555
550100,7941
550201,2935
550202,5702
550300,7739
550400,1474
550500,8369
550601,5937
550602,4741
550700,6736
550800,7145
550901,4153
550902,5914
551000,7015
551101,3987
551102,5096
551201,3931
551202,7526
551300,5147
551401,4753
551402,4575
551501,4934
551502,4264
551600,32
551700,6331
551800,7719
551900,5449
552001,3997
552002,3981
552100,6161
552200,6141
552301,4824
552302,3759
552400,2639
552601,5465
552602,4690
552700,7080
552800,6094
552900,6762
553000,4749
553100,6723
553200,7677
553300,3349
553400,3628
553502,4094
553503,2684
553504,6414
553601,4745
553602,5222
553701,3965
553702,5017
553801,4268
553802,5857
553901,7068
553902,5689
554001,3812
554002,5896
554101,4332
554103,1614
554104,2653
554105,4244
554201,3960
554203,3843
554204,4221
554301,3720
554302,3766
554403,5959
554404,4149
554405,3082
554406,4756
554511,4022
554512,6018
554513,2540
554514,4854
554515,3963
554516,3720
554517,4333
554518,5488
554519,3506
554521,6086
554522,5171
554600,4604
554700,5078
554801,3415
554802,6083
554900,7287
555001,5465
555002,3099
555102,6917
555103,4507
555104,4006
555202,3315
555211,5588
555212,4743
570001,4420
570002,3114
570003,4760
570100,3143
570202,6168
570203,3869
570204,3897
570301,7887
570303,4169
570304,5043
570402,3421
570403,5463
570404,3347
570501,6937
570502,6531
570601,5729
570602,6955
570603,5034
570701,6224
570702,2379
570800,5754
570901,5902
570902,3725
571000,5813
571101,4777
571102,4062
571200,8179
571300,4466
571400,4766
571502,4485
571503,4200
571504,4717
571600,1961
571701,6287
571703,3876
571704,3816
571800,3189
571900,5885
572001,5419
572002,5568
572100,1077
572201,6844
572202,3727
572301,3835
572302,3713
572400,1218
572500,2997
572600,5617
572700,5653
572800,1041
572900,5508
573002,3742
573003,2016
573004,4471
573100,7548
573201,4937
573202,6636
573300,4382
573401,1438
573402,6648
573403,3354
573601,6083
573700,4941
573800,4376
573902,2142
574000,5574
574100,5265
574201,3061
574202,2148
574300,6126
574400,5310
574500,6157
574601,2142
574602,1277
574700,152
574800,2916
574901,3754
574902,4797
575001,3683
575002,4775
575101,4302
575102,4267
575103,4996
575201,4622
575202,4997
575300,5179
575401,5224
575402,4221
575500,37
575801,2260
575802,5282
575803,2884
575901,3365
575902,4699
576001,5422
576200,5564
576301,4682
576302,4485
576401,4761
576402,4882
576403,5578
576501,3140
576502,4734
576503,4206
576601,4464
576602,4263
576700,4104
576801,4220
576802,3833
576901,6672
576903,4469
576904,3150
577000,7203
577100,7238
577200,5279
577300,5505
577400,2973
577501,3534
577504,1447
577602,3423
577603,8073
577604,1314
599000,3571
599100,493
600100,7055
600201,4451
600202,6657
600302,2871
600303,4036
600304,3495
600400,4001
600501,2767
600502,2221
600601,2682
600602,2455
600702,4683
600703,1890
600704,3321
600801,3356
600802,2495
600902,6480
600911,3423
600912,5593
601001,1982
601002,5397
601100,6087
601202,3915
601211,3057
601212,6417
601301,1964
601302,7618
601303,4826
601401,5190
601402,5052
601501,3972
601502,4174
601600,4147
601700,5569
601801,3677
601802,4111
601900,5319
602002,3065
602003,5022
602004,4122
602103,6488
602104,5893
602105,4500
602106,5540
602200,8375
602301,6367
602302,3819
602402,6397
602403,5494
602404,6175
602504,4216
602505,4121
602506,4376
602507,4155
602508,6946
602509,4090
602600,8594
602700,3768
602801,3829
602802,3825
602900,4193
603001,7029
603004,1518
603005,5651
603006,2071
603101,4091
603102,3738
603200,3212
603301,3590
603302,4485
603400,4486
603500,3065
603600,4208
603702,5112
603703,2671
603704,6518
603801,4784
603802,4108
603900,7396
604001,4920
604002,4647
604100,7376
609900,2247
620001,4106
620002,3320
620101,5615
620102,3888
620201,1446
620301,5036
620303,4387
620305,5750
620400,5198
620501,6286
620521,3852
620522,4711
620601,5568
620602,5459
620701,6736
620702,6884
620800,8351
620901,2806
620904,2629
621001,4541
621002,999
621004,4504
621102,3108
621104,6595
621201,6247
621204,3070
621301,7309
621324,4016
621326,3047
621400,4510
650001,6061
650003,3116
650004,3828
650101,6081
650102,2245
650200,6153
650300,6750
650401,4616
650501,3132
650502,4388
650602,7743
650603,3868
650604,5935
650605,2937
650701,2451
650702,4729
650800,6854
650901,6102
650902,6160
651001,6146
651002,4898
651101,5348
651102,3937
651201,4739
651221,3318
651222,6242
651302,6408
651304,4452
651401,2513
651402,6439
670001,3518
670002,4065
670003,5605
670100,6815
670201,3799
670202,2710
670324,5225
670326,3488
670328,4901
670403,2663
670405,3024
670406,1880
670407,5994
670411,4398
670413,4902
670416,4139
670500,1820
670602,7598
670701,7067
670702,5382
700101,5686
700102,3699
700200,6785
700300,5679
700400,5322
700501,3931
700502,4230
700600,4998
700700,3578
700801,6194
700802,3418
700901,3771
700902,7153
701000,5551
701100,988
701201,4010
701202,3262
701302,4768
701304,6300
701402,6214
701501,4842
701502,4130
701601,4656
701602,4397
701701,3578
701702,3200
701801,5965
701802,4378
701902,4227
702002,6001
702102,6151
702201,4983
702202,3940
702300,7167
702400,4162
702501,4424
702502,4256
702600,5979
702700,3804
702801,5629
702802,2434
702803,3214
702901,9289
703001,5885
703002,7769
703100,5524
703200,6124
800101,5648
800102,6874
800202,6114
800203,5375
800204,4790
800324,6414
800325,3454
800326,5129
800327,5656
800328,2901
800329,6731
800330,1077
800331,853
800332,6571
800406,2664
800408,7306
800410,4103
800504,2274
800506,3272
900102,691
900103,5944
900104,6228
900201,1058
900300,4318
900501,6429
900504,6294
900505,4034
900506,4848
900507,7890
900508,3514
900602,5664
900605,7932
900606,4163
900607,3653
900608,3551
900609,5600
900701,4293
900703,3729
900704,2860
900705,4118
900803,9559
900804,3196
900805,4401
900806,4350
900900,3603
901003,5588
901004,12420
901007,2068
901008,2944
901009,5766
901010,6036
901011,5024
901101,4974
901102,5476
901205,11642
901209,1187
901210,1554
901213,3652
910001,5941
910002,7139
910101,1681
910201,3633
910202,5508
910205,1362
910206,3466
910207,5932
910208,6556
910209,4313
910210,7112
910301,4225
910302,5710
910401,6828
910402,3582
910403,2421
910404,3710
910501,5716
910502,3792
910504,4828
910505,3049
910601,7212
910602,3966
910603,6782
910605,4756
910606,3366
910705,12916
910706,6171
910707,4591
910709,1703
910711,8997
910712,2575
910713,6074
910714,4111
910715,6393
910716,5663
910804,2893
910805,4818
910807,6241
910808,3478
910809,2195
910810,2886
910811,143
910812,475
910813,3782
911001,4087
920011,275
920012,1004
920013,4901
920015,6233
920016,5153
920017,4802
920018,2341
920020,7149
920023,3021
920026,375
920028,6405
920029,3454
920030,6051
920031,5279
920032,3230
920033,738
920034,3748
920035,8088
920036,3344
920037,7725
920038,4637
920039,2075
920040,3529
920041,3078
920042,7073
920043,6233
920044,2894
920045,4932
920102,5643
920104,2996
920106,3271
920107,4716
920108,4444
920109,5517
920110,3534
920111,3190
920112,3999
920114,6814
920115,4003
920116,5086
920118,6268
920119,2042
920200,6051
920303,1407
920312,5522
920313,5598
920314,2944
920322,2976
920326,6651
920328,2089
920329,5834
920330,5799
920331,4301
920332,2472
920334,6263
920336,6362
920337,7549
920338,6412
920339,7199
930101,157
930200,441
930301,869
980001,
980002,
980003,
980004,
980005,
980006,
980007,
980008,124
980009,
980010,139
980013,
980014,70
980015,347
980018,
980019,214
980020,
980021,
980022,
980023,
980024,246
980025,
980026,44
980028,
980030,
980031,1035
980033,
990300,
