Area,No_Vehicle_Households
101110,4.8024316
101122,0
101210,9.090909
101220,13.230241
101300,4.1042347
101400,6.3417892
102103,2.2058823
102104,4.0958271
102105,1.0398613
102107,7.2337041
103101,2.5054467
103102,4.6913581
103200,4.6939716
103300,0
103400,4.8770323
104103,0.37974682
104105,6.6797643
104108,12.150221
104124,2.3387096
104201,3.5674469
104203,9.6711798
104204,8.238636
104310,8.0419579
104320,15.378007
104401,7.2340426
104403,10.126582
104404,4.9751244
104500,5.8536587
104610,3.2258065
104620,3.8834951
104701,22.334455
104703,4.7945204
104704,1.2567325
104810,0.57471263
104821,4.5691905
104822,10.09772
106010,2.6002166
106020,3.0812325
106111,1.5452539
106112,1.591512
106113,2.2727273
106114,8.3224115
106403,3.6649215
106405,4.8847928
106406,2.1140294
106407,21.428572
106408,6.147541
106510,2.4214659
106520,2.9542098
106603,1.9427403
106604,6.0922542
106641,0
106642,1.9784173
106643,0.82335329
106645,2.6200874
106646,1.1282052
106648,6.7472305
106649,3.526093
107010,4.7233467
107020,0.4954583
108101,3.3877039
108102,1.0761589
108103,2.0972354
108104,0.84033614
108201,0.51519835
108202,4.8500881
109100,7.7032809
109200,2.0607376
109300,5.5370984
109400,7.7375121
109500,7.5787401
109601,6.3004847
109603,2.6835043
109604,5.5679288
109700,0.70754719
109800,1.3022618
111100,1.9771072
111201,5.5401664
111202,5.1295896
111204,0.7723996
111205,0.7581501
111206,4.4786096
111301,6.7894545
111302,13.949672
111400,8.1440058
113101,1.4925373
113102,3.946002
113211,0.95238096
113212,1.4981273
113213,0.96096098
113231,2.1556885
113232,1.4840989
113233,10.379325
113234,8.3621283
113235,5.6195965
113237,3.9835165
113301,5.109489
113303,2.7859237
113321,9.4072161
113322,0
113401,5.274972
113421,6.568974
113422,9.0994368
115101,1.459854
115103,0
115104,12.859468
115201,10.983075
115202,7.2774868
115301,4.732254
115302,5.9523811
115401,5.9270515
115403,7.8373017
115404,3.8461537
117101,4.1512232
117102,2.3285899
117201,16.477768
117202,1.7366136
117301,1.8488746
117302,3.321471
117303,2.8436019
117404,6.8058777
117405,9.8360653
117407,14.285714
117408,20.305164
117510,18.907562
117520,17.901234
117530,15.355086
119001,1.8027571
119002,4.573935
119201,6.752037
119202,4.9595141
119310,12.024756
119320,7.9406633
119340,22.470713
119341,7.9634466
119342,10.993378
119400,0.82872927
119700,1.350278
119800,6.9015098
119900,3.79107
120010,10.751104
120020,12.331233
120030,26.156069
120103,22.263681
120104,28.100264
120105,15.753425
120106,19.080069
120107,22.546162
120108,12.636505
120300,4.3631244
120400,13.734116
121010,0.310559
121020,5.1671734
121101,4.5356374
121102,7.6716018
121210,13.659794
121221,1.7681729
121222,9.0834017
121600,0.49751243
121801,11.101001
121802,4.7026281
121900,4.6554933
122000,3.7859008
122120,6.227437
122121,11.002786
122122,15.514334
122200,11.098779
122410,10.449219
122420,13.880814
123010,6.9990411
123020,8.875
123103,7.3431244
123104,14.412699
123203,11.878453
123204,14.44976
123205,12.121212
123206,15.967366
123301,6.3385029
123303,12.407211
123304,19.320215
123410,13.827161
123420,10.429448
123510,13.863338
123520,7.635468
123601,11.140444
123602,11.144578
123700,9.0529251
123800,6.570581
123901,10.746064
123902,5.6621003
124000,5.3365383
124102,11.119134
124103,9.9173555
124104,16.585365
124105,7.6581578
124201,8.2882881
124203,20.047449
124204,10.207939
124300,12.762646
124400,7.80762
124500,4.6550293
124600,2.4442847
124700,1.9925858
124902,17.366043
124903,13.888889
125100,2.919708
125200,8.5642319
125310,13.010967
125320,13.899184
125401,6.9193478
125402,5.9210525
125501,6.0225849
125502,3.4698522
125600,5.1546392
127102,13.981359
127103,18.555759
127104,10.543657
127210,10
127220,17.588236
127300,10.846246
127400,7.5233388
127520,19.288538
127603,6.8571429
127604,20.05254
127605,7.6555023
127606,14.460999
127711,8.5049238
127712,17.039587
127803,22.077923
127804,9.6668844
127805,10.73593
127806,18.52459
127910,17.027216
127920,8.0564785
128101,8.6746988
128102,22.214436
128210,19.681908
128220,9.7184381
128302,24.031008
128303,26.82243
128400,7.0017953
128500,8.0516901
128601,6.1925201
128602,8.3773584
128702,0.47341588
128801,11.07438
128802,14.574713
128910,6.0112362
131010,11.003071
131020,7.858048
131100,0.38387716
131200,6.9642859
131300,1.4190317
131400,6.4021163
131600,1.7170329
131701,9.2316856
131702,7.4866309
131800,11.363636
131900,2.8797696
132001,3.0381944
132002,5.381166
132101,3.0100334
132102,6.867589
132300,14.297521
132501,11.090909
132502,18.129614
132700,12.076974
132900,4.5813584
133000,1.9138756
133100,17.282717
134001,10.094637
134002,8.2784576
134101,2.8917284
134103,5.6327162
134104,7.9494801
134201,2.6272578
134302,2.5974026
134303,6.9715562
134304,7.9382582
134305,14.655943
134306,6.9865322
134421,0
134422,2.0075283
134423,11.832947
134424,1.1554621
134520,16.912971
134521,24.512535
134522,9.1543837
134710,13.446396
134720,9.5115681
134800,0.85424453
134901,6.25
134903,7.4801502
134904,7.4564462
134905,4.0137615
135102,0.78740156
135111,3.9667897
135113,9.3704243
135114,22.593801
135201,7.436182
135202,0.46697798
135203,1.3444049
137000,0.75187969
137103,5.9762588
137104,0.75757575
137201,3.9700043
137301,0.81300813
137302,0.6832298
137401,2.4283936
137402,6.6699123
137501,6.9461827
137502,11.136235
137504,2.0588236
138000,0.94602114
139001,3.3997085
139200,5.4825554
139301,2.9784536
139302,14.07563
139303,9.5036955
139401,21.72471
139402,0.66964287
139502,4.1769042
139503,7.6111531
139504,5.3142858
139600,3.3955045
139701,3.952158
139702,1.8961625
139703,3.4849951
139801,0.23076923
139802,0.90022504
141101,3.7052631
141102,5.5720654
141201,5.7868018
141202,1.7660044
141302,5.1894846
141303,5.8479533
141304,8.0711355
141400,13.464374
141500,1.4164306
141600,0.43050429
141700,0.75757575
143100,3.3697631
143200,4.835391
143300,4.0991735
143400,3.2605042
143500,2.7112517
143602,4.7169809
143603,3.3044846
143604,6.9980693
143700,3.417861
143800,4.0399833
143901,1.5605493
143902,3.3783784
181000,6.19349
181300,4.1085839
181400,10.967344
181500,3.712297
181600,10.852714
183101,3.7124803
183103,2.733813
183104,3.3376124
183220,10.571185
183221,7.1285143
183222,10.062403
183300,2.5717111
183401,5.2287583
183402,5.7017546
183510,6.4136124
183520,15.176152
183610,14.151925
183620,14.561028
183701,17.039322
183702,8.402585
183810,17.03125
183820,9.5467691
185100,11.726384
185202,7.0072994
185203,14.086021
185204,5.7607088
185310,10.42471
185320,8.8167057
186100,9.0347919
186201,15.684575
186202,4.434907
186203,0.96339113
186301,9.9562359
186302,3.1231585
186401,22.199799
186403,15.186916
186404,8.7649403
187101,7.4534163
187102,9.6187172
187200,10.698198
187300,5.7163019
188100,11.316259
188201,2.6455026
188202,7.6853528
188300,3.2327585
189101,13.238434
189102,11.09375
189201,16.035288
189202,8.1994925
189300,7.8372269
189400,2.5795829
189500,9.2771978
189600,8.9407196
189701,3.9070749
189702,15.489567
189800,9.2032385
189902,14.544886
189903,10.378681
189904,14.888011
189905,15.342087
190100,20.176083
190201,40.205429
190202,20.670128
190301,28.216259
190401,19.548458
190402,27.380016
190510,30.29093
190520,21.110434
190700,32.554256
190801,42.439735
190802,30.622349
190901,30.240549
190902,28.790668
191000,21.43951
191110,41.607143
191120,31.438936
191201,27.937788
191203,29.781879
191204,22.52142
191301,26.919033
191302,28.985508
191410,31.426775
191420,28.999146
191500,23.884977
191610,17.341431
191620,39.668701
191710,35
191720,34.571644
191810,15.291262
191820,13.852459
191901,18.265896
191902,6.9503546
192001,21.108395
192002,4.5101089
192300,2.1442494
192410,9.8062239
192420,13.983976
192510,15.835521
192520,19.36937
192610,23.045547
192620,20.660458
192700,17.371737
194101,6.7745805
194102,1.4402003
194200,0.97087377
194300,0.52562416
194401,13.125
194402,6.4324594
194500,8.4905663
195100,3.3613446
195201,8.6814623
195202,3.1380754
195300,6.4077668
195400,10.638298
195500,8.2581224
195600,13.541667
195710,15.015244
195720,19.679634
195802,16.666666
195803,6.3464837
195804,13.137255
195901,10.424355
195902,12.139303
195903,10.075027
197200,7.8333335
197300,10.849598
197410,7.8711987
197420,12.319391
197500,10.566038
197600,15.04606
197700,14.285714
199000,16.25709
199110,12.033195
199120,20.166512
199201,28.665569
199202,10.225922
199300,6.6833749
199400,15.273312
199700,15.642458
199800,24.119602
199900,22.53886
201110,6.9518719
201120,11.729323
201200,10.66482
201301,9.1778202
201302,8.9141006
201401,12.47216
201402,10.598413
201501,9.6753244
201503,14.576271
201504,8.0419579
201601,3.5143769
201602,5.7766366
201700,6.0178304
203100,27.332243
203200,21.130032
203300,21.67382
203500,23.028391
203600,28.506788
203710,20.960188
203720,28.486647
203800,14.491449
203900,11.935953
204110,19.181585
204120,13.629842
204200,30.216648
204300,25.040129
204410,22.512236
204420,38.444443
204600,21.528425
204700,16.271463
204810,15.665796
204820,11.089866
204910,19.794344
204920,11.582382
205110,22.832724
205120,28.121607
206010,41.306435
206020,4.3103447
206031,12.817617
206032,32.47649
206050,32.679737
206200,50.79528
206300,89.603958
207101,24.596775
207102,47.357292
207103,36.39706
207301,48.038361
207302,35.92136
207400,77.14286
207501,14.440434
207502,44.045063
207710,23.687878
207900,14.22629
208000,16.410257
208301,36.549164
208302,36.401672
208401,34.087791
208402,14.738124
208501,17.718447
208502,36.052204
208610,24.262537
208620,18.115501
208710,16.754202
208720,43.817204
208801,48.318295
208802,34.863064
208902,67.452827
208903,56.421234
208904,65.180824
209102,58.071507
209103,38.737865
209104,45.637585
209200,22.405817
209300,36.310162
209401,56.089073
209402,69.779289
209403,67.655785
209510,35.584137
209520,38.283829
209810,47.701149
209820,39.375
210010,42.834267
211000,4.1691484
211120,14.455364
211121,11.622807
211122,9.8569155
211201,25.105932
211202,32.629356
211310,27.966103
211320,45.748299
211410,18.505648
211420,22.971949
211500,14.767699
211701,5.9187279
211703,19.243986
211704,29.88792
211802,21.711132
211803,20.012316
211804,18.566038
211910,32.256096
211921,22.632103
211922,27.32688
212101,18.316446
212102,36.049381
212202,28.257191
212203,62.521008
212204,38.782051
212303,54.1633
212304,52.189781
212305,44.804577
212306,26.569218
212410,30.176077
212420,35.097721
212501,22.70434
212502,26.117647
212610,23.646408
212620,31.920601
212701,9.5607233
212702,4.1752224
212800,13.123718
212900,26.517572
213100,16.55983
213201,28.552368
213202,25.344564
213310,31.233124
213320,37.851929
213401,27.887323
213402,26.944065
214000,9.2056417
214100,5.0400915
214400,4.6443267
214501,12.075472
214502,6.1124697
214503,5.202312
214600,8.0059299
214700,3.2539682
214800,8.6773968
214901,6.5398889
214902,11.335012
215101,10.660206
215102,19.148935
216100,8.1749048
216200,4.3826218
216300,6.5628943
216401,12.748816
216402,8.4527216
216700,5.2631578
216800,6.0769749
216900,4.7899489
217001,12.47505
217002,11.528608
217100,9.3124456
217200,11.667724
218110,17.661901
218120,19.863014
218210,26.867031
218220,19.708492
218300,18.656015
218400,13.251366
218500,18.955513
218600,5.9149723
218701,15.63594
218702,26.157698
218800,17.667044
218900,23.465347
219010,13.434728
219020,18.261505
219300,23.606331
219500,10.24531
219700,13.189964
219800,18.088387
219901,19.460228
219902,6.0631938
220000,14.906833
220100,10.048309
221110,44.722221
221120,32.304039
221210,28.407789
221220,28.305582
221302,26.011993
221303,29.664429
221304,14.336918
221401,37.900642
221402,23.910734
221500,30.434782
221601,22.417582
221602,23.271889
221710,22.34763
221810,27.41573
221820,31.059063
221900,39.458851
222001,13.073395
222002,12.071778
222100,22.395834
222200,22.723543
222500,12.719298
222600,22.554518
222700,17.241379
224010,62.943722
224020,43.595505
224200,36.886395
224310,43.485085
224320,30.200001
224410,22.084129
224420,41.606888
224600,25.930681
224700,28.869047
226001,31.512606
226002,39.733631
226410,27.5
226420,29.55102
226700,19.836554
227010,17.737297
227020,16.874136
228100,19.631903
228210,29.032259
228220,14.128036
228310,23.593287
228320,21.22093
228410,25.82873
228420,22.330097
228500,22.854563
228600,24.155069
228710,19.186653
228720,16.425619
228800,20.101782
228900,32.878582
229100,14.968153
229200,25.698828
229300,11.12013
229410,12.83697
229420,16.205534
231100,39.33934
231210,34.190231
231220,31.402184
231300,24.890829
231400,21.329639
231500,10.463483
231600,25.784868
231710,32.566071
231720,25.526316
231800,28.264463
231900,27.157738
232110,26.302729
232120,21.322437
232200,22.867298
232300,8.1592035
232400,16.358696
232500,21.000704
232600,22.197557
232700,21.235521
232800,21.734476
234000,10.976838
234200,12.53406
234300,26.980534
234501,13.834423
234502,34.712231
234600,17.844093
234700,27.088949
234800,15.121512
234901,32.464027
234902,27.537212
235100,5.1487412
235201,18.300653
235202,28.882833
236000,2.8746467
236100,33.557522
236202,29.127407
236203,26.961771
236204,40.375202
236400,4.9395161
237101,24.454977
237102,26.984127
237201,19.072708
237202,14.404223
237300,18.056322
237401,10.956175
237402,15.893386
237500,15.643803
237600,27.574469
237710,22.794117
237720,29.611042
237800,10.543933
237900,16.56535
238000,15.829528
238100,15.755054
238200,20.270269
238310,29.359165
238320,25.884544
238400,10.402299
239201,22.632795
239202,22.657743
239310,19.497488
239320,18.044237
239330,21.060171
239501,13.769752
239502,20.770128
239601,20.581114
239602,17.610838
239701,23.333334
239702,27.900288
239801,16.407187
239802,17.784964
240010,19.258497
240020,15.10457
240200,16.741741
240300,18.810513
240401,13.835511
240402,14.751131
240500,14.705882
240600,13.47936
240700,15.167866
240800,13.910506
240900,17.317612
241001,17.108875
241002,16.684046
241110,10.313316
241120,19.609509
241201,8.4951458
241202,17.567568
241300,9.1044779
241400,16.921268
242000,17.248062
242100,35.014004
242200,25.667351
242300,13.499112
242600,31.583199
242700,13.282572
243000,14.229867
243100,25.675676
261101,3.2343235
261102,4.3916912
261200,0.41617122
262100,1.1235955
262200,2.1384356
262301,0
262302,1.0169492
262303,2.079566
262400,2.1663778
262501,6.1549101
262601,0.57224607
262604,2.7882442
262704,3.3172081
262706,2.5510204
262802,1.9890261
264000,1.0752689
264102,5.4749341
264103,7.0103092
264301,5.1169095
264302,6.4405618
265100,24.068966
265201,14.349277
265202,18.139294
265301,
265303,22.676838
265304,21.228449
265305,26.97258
265410,4.5380874
265420,0
265510,17.283413
265520,6.0458961
265601,7.6363635
265602,5.9491978
265700,5.6969695
267100,0.55286801
267200,2.6661928
267300,11.787072
267402,11.655731
267403,7.3212256
267404,8.3542709
267501,11.840563
267502,10.952971
267600,4.2414355
267700,11.214953
267800,11.551724
267901,4.7619047
267902,4.6913581
269000,9.6194954
269100,9.9348536
269300,3.3788173
269500,3.7572255
269601,21.718603
269602,11.786038
269700,8.3483486
269800,4.1904764
269903,6.9672132
269904,5.5080724
269905,13.938919
269906,9.0361443
269907,3.9172211
270100,5.1106639
270200,10.016155
270300,11.814346
271100,7.1134019
271200,4.3037972
271300,6.5796084
271400,3.1994047
271500,8.0656672
271600,4.7008548
271701,1.4989294
271702,7.2656684
271801,7.5803518
271802,8.5640459
271901,5.0980392
271902,3.1755197
272100,2.3242302
272201,7.5342464
272202,8.0481625
272301,6.6923075
272302,13.292434
273100,3.7239869
273200,12.474849
273300,9.3486128
273402,9.5805283
273502,10.81239
273600,4.1988006
273700,6.1872911
273800,8.9694653
273902,3.8653934
274100,2.92851
274202,9.5515699
275101,5.122951
275102,9.0979786
275200,1.9350811
275302,1.4723927
275311,6.4390664
275400,5.8757062
275500,12.095808
275602,1.7199677
275603,5.7921634
276000,2.2202487
276100,6.9611778
276400,2.4421594
276500,3.5714285
276601,2.0871701
276603,3.740876
276604,1.0269576
277000,6.1987238
277100,4.0186915
277200,4.4955044
277400,9.2920351
278001,4.189044
278102,0.61182868
291110,17.056856
291120,11.396469
291130,10.079841
291210,5.8001399
291220,16.650717
291300,5.0777202
292000,9.3784685
293201,2.1800947
293202,8.8876143
293301,4.2430086
293302,3.4313726
293304,6.6387143
293306,3.4263959
293307,21.064552
294110,8.333333
294120,7.2727275
294200,3.7341299
294301,0
294302,5.7046981
294410,7.0802007
294421,8.4033613
294510,4.4423442
294520,13.592233
294610,14.723404
294620,15.276558
294701,23.321554
294810,11.301716
294820,18.463303
294830,18.965517
294900,6.1320753
295103,2.7846842
296210,20.283533
296220,23.067253
296300,3.9673913
296401,8.4693089
296402,3.3598585
296500,5.9467916
296600,18.724279
296901,13.460231
296902,7.2969542
297000,5.4669704
297110,28.346952
297120,8.4249086
297201,10.606061
297202,5.6980057
297300,7.1240106
297400,2.0792723
297500,3.7950664
297601,2.7586207
297602,8.1874647
300100,2.3845763
300200,5.3544111
300301,4.2266603
300400,3.1217482
300501,0.99206346
300502,5.1903114
300600,12.892612
300701,1.1865212
300702,5.8013768
300800,3.2484312
300901,3.3929391
300902,0
301000,8.4050636
301100,9.492445
301203,7.4537539
301204,12.26601
301205,0.54570258
301206,6.7517276
301300,4.0057225
301400,3.7126715
301501,3.1561463
301502,18.411406
301601,27.858986
301602,3.3952594
301701,11.391223
301702,13.10705
301801,12.656784
301802,18.4774
301900,12.222222
302002,14.302741
302003,21.026724
302004,17.128464
302102,13.220205
302103,17.677025
302104,11.818825
302201,37.052505
302202,20.653318
302301,5.4332876
302302,20.785219
302401,19.388235
302503,19.877468
302504,22.032742
302505,26.863667
302506,16.557257
310100,0.68385059
310201,2.7562864
310202,8.5552406
310300,4.4221106
310400,4.7694755
310501,9.1192522
310601,3.6739864
310602,3.125
310701,28.682842
310702,18.65226
310703,12.009926
310800,9.8950529
310900,4.5164042
311000,5.8742228
311100,3.4428794
311200,5.9885154
311300,6.329114
311400,1.6718913
311500,9.9916391
311600,6.4704323
311700,7.4074073
311801,10.231023
311802,9.7927094
320000,
320100,2.9799428
320201,11.282546
320202,4.5954695
320300,11.842834
400204,0
400205,3.3630068
400206,2.7027028
400207,0.71382219
400302,11.73913
400304,7.9020152
400402,1.43613
400403,2.4595923
400404,1.0752689
400501,3.1205673
400602,8.3459787
400603,2.2366097
400604,6.680162
400800,5.2325583
400900,2.5695932
401001,2.8818443
401002,7.3710074
401101,12.866927
401102,7.9887218
401201,1.774043
401202,2.0149255
401203,1.2805588
401303,0.84337348
401304,5.3632374
401311,3.2863851
401312,9.4017096
401500,5.976757
401601,10.682927
401602,5.7385759
401603,13.464567
401701,8.746356
401703,6.3648295
401704,15.059927
401800,2.2346368
401901,0
401902,10.520362
402001,7.8449054
402002,15.546772
402101,2.4456522
402102,4.538578
402200,7.3950381
402301,6.6023741
402303,10.595447
402304,11.088083
402402,1.2833675
402403,2.2222223
402404,
402405,4.375
402406,6.4901795
402501,8.4291191
402502,10.409357
402600,8.1624451
402702,13.398058
402703,6.4082279
402705,5.1311288
402706,6.2374244
402801,18.143459
402803,7.2503419
402804,7.881269
402902,12.801101
402903,5.4711246
402904,2.6474128
403000,4.6465969
403200,
403303,3.3635187
403304,3.2736256
403305,2.3255813
403312,0.83708948
403316,2.7118645
403317,0.89593387
403318,0.97686374
403319,0.57361376
403320,1.0011779
403321,3.6682615
403322,1.1914217
403323,4.0350876
403324,1.6352825
403325,0.87306917
403401,1.2140576
403402,3.9961014
403403,0
403404,2.6385224
403405,2.3166022
403406,2.1454113
403407,1.3803681
403408,3.9752195
403500,21.308725
403600,1.2814646
403702,3.9667897
403703,5.2491693
403721,4.2297978
403722,5.8536587
403801,2.9015543
403802,5.3147573
403901,2.7233117
403902,4.0027604
404000,4.2004423
404100,0.59568131
404201,8.0612249
404202,9.9590721
404301,5.730659
404302,4.4444447
404401,6.2032084
404402,2.1602161
404501,4.8622365
404503,2.4460433
404504,12.261995
404600,3.9215686
404701,9.4980698
404702,6.484375
404703,2.9870131
404801,6.6990814
404802,6.7089753
404803,6.855792
404901,1.8306636
404902,0
404903,1.997147
405001,1.8768768
405002,2.635432
405101,4.9700084
405102,11.583924
405201,6.3271604
405202,12.377049
405203,8.2725058
405301,4.9800797
405302,1.6600266
405400,0
405500,6.1394382
405600,3.2806804
405701,9.4083414
405702,6.0773482
405800,1.992528
405900,5.4545455
406000,2.0261438
406101,5.0566697
406102,6.8770609
406200,16.712479
406300,1.40433
406402,1.1705686
406411,5.3537283
406412,1.9255456
406500,2.5265286
406601,0.40733197
406602,3.0516431
406701,0.53879309
406702,7.398119
406800,5.5981593
406901,8.1463013
406902,12.254335
407001,1.188455
407002,9.0296497
407101,1.8214936
407102,5.4099746
407200,7.6506433
407301,3.740876
407302,5.1655631
407400,4.8473969
407501,3.3570702
407502,3.8596492
407601,9.021842
407602,1.5963511
407701,9.4288301
407702,4.1958041
407801,3.6199095
407802,3.0037546
407900,0.47716427
408003,0.75503355
408004,4.0816326
408005,3.9973352
408006,3.7418149
408133,5.2432089
408134,1.6229713
408135,0.91896409
408136,3.4058657
408137,10.231814
408138,6.7906227
408139,7.1608038
408140,5.4719563
408141,1.4939309
408202,2.8508773
408211,6.1686473
408212,5.319149
408301,5.6059356
408302,0.89445436
408303,0
408401,5.1428571
408402,1.394538
408501,6.5162907
408503,4.4730077
408504,1.619171
408505,1.8796992
408623,2.9268293
408624,0.5780347
408625,2.8458498
408626,7.216495
408627,1.0764263
408628,7.7620397
408629,3.6263735
408630,5.7301292
408631,1.0211525
408703,1.7543859
408704,19.123507
408705,3.6875
408706,2.4439919
408722,1.272872
408723,3.1094527
408724,11.016394
408800,17.647058
430002,8.8653927
430003,1.4464169
430101,21.73913
430102,3.9611964
430200,10.256411
430301,1.4566181
430302,2.7288733
430400,0
430501,2.4621212
430502,2.2342587
430600,0.92002833
430701,7.8988128
430721,2.9695024
430723,5.5359244
430724,12.819203
430801,0.55295616
430802,1.2241775
430803,1.7445133
430901,2.8007638
430902,3.365973
431001,3.7640667
431002,6.0435133
431100,9.3535748
431200,6.0967526
431300,2.9953916
431400,2.29249
431501,6.4950261
431502,7.8204198
431600,3.7781351
431700,6.9617105
431800,3.8563128
431900,3.9943938
432000,6.6492343
432101,2.2438295
432102,1.3221154
432201,15.270164
432202,5.3877549
432300,5.8871627
432401,7.183908
432402,10.523561
432500,9.1865644
432601,5.5
432602,6.8317676
432700,5.8259587
432801,27.835052
432802,8.8466578
432901,9.2417059
432902,4.043716
433101,13.755796
433102,8.512331
433200,12.606061
433302,19.912472
433304,12.773723
433305,8.0933847
433306,9.4159718
433307,6.6740823
433401,9.103261
433402,7.0189924
433403,16.999203
433501,15.285451
433503,8.2321186
433504,19.873531
433601,6.6920152
433602,18.661518
433700,6.0445385
433801,6.0315285
433802,3.6697247
433901,10.39886
433902,5.6485357
434001,4.9242425
434003,9.5706615
434004,6.6052227
460000,2.0238094
460100,0
460200,4.495913
460301,4.060606
460302,4.9446492
460401,0
460501,0.93150687
460502,1.2747875
460600,0
460700,0.58214748
460800,0.55955237
460900,5.2874742
461000,4.2915931
461100,4.3589745
461200,5.0144091
461300,7.3341093
461400,18.036713
461501,13.333333
461502,16.454159
461600,12.623046
461700,1.4970059
461901,12.208937
461902,24.551464
462001,18.535263
462002,22.182787
462100,5.2204175
462201,32.085857
462202,7.8034682
462301,11.523545
462302,11.397849
462400,7.6685219
462500,3.442189
462600,4.0243902
462700,6.7617297
462800,11.655874
462900,3.4892354
463000,2.1134593
463101,4.3123541
463102,6.4180398
463200,9.0209789
463300,6.2358274
463400,5.7730327
463500,18.419033
463601,11.521676
463602,19.637562
463700,4.417089
463800,0
463900,10.21148
464000,1.0208088
464100,4.8373985
464200,2.4460433
480002,3.3744855
480011,2.0647321
480012,3.4167175
480101,5.1464767
480102,9.3267879
480201,6.2451811
480202,4.6789989
480302,7.2195706
480303,4.5643153
480304,19.838524
480400,3.42556
480500,4.7756872
480600,4.8139396
480702,1.0563381
480703,0.66006601
480704,4.5239348
480802,4.9230771
480803,2.5510204
480804,8.6380501
480901,8.2234774
480902,12.56175
480903,14.48203
481001,19.510386
481002,8.3500004
481101,12.049862
481102,5.5209951
481103,3.6960986
481201,6.0380478
481202,6.1259217
481300,1.150748
481401,5.393743
481402,7.8244276
481500,10.161508
481603,7.5320511
481604,4.6563191
481605,4.2532148
481606,6.7524114
481711,13.124534
481712,17.857143
481713,12.615741
481714,16.824644
481800,5.326087
481901,7.0791821
481902,8.2854795
482001,5.6365404
482002,5.8474188
482101,10.014006
482102,3.6717062
482201,21.656052
482202,4.845222
482301,5.8475204
482303,7.5826311
482304,10.950413
482401,5.1619434
482402,5.3144374
482502,6.4242425
482503,5.7337222
482521,3.7212448
482522,4.9900198
482600,6.0673161
482701,5.1262431
482702,3.4351146
482800,5.9514489
500100,2.3870418
500201,0.55443549
500202,2.0763564
500300,1.6100179
500402,9.3100586
500403,5.1803885
500404,5.3364267
500500,13.513514
500600,8.6767893
500700,2.8622541
500800,10.526316
500900,7.1698112
501001,1.6393442
501002,0.71073204
501200,4.4415417
501300,2.7722771
501400,6.826241
501501,2.0737326
501503,8.648057
501504,20.958084
501600,5.1610055
501700,6.0200667
501802,5.1571312
501803,12.267402
501804,16.713484
501900,0.75244546
502003,1.908397
502004,6.8855934
502005,2.3293173
502100,11.805555
502200,5.7400112
502301,2.1722846
502302,19.200001
502401,7.0859871
502402,2.347919
502500,12.395929
502601,3.6231885
502602,9.4029846
502700,5.6500273
502801,2.1578648
502802,15.944881
502901,1.5873016
502902,5.4025426
503000,4.940239
503103,1.1484098
503104,0.85034013
503105,1.061776
503106,12.868369
503201,1.268116
503202,10.558531
503301,1.9267823
503302,3.8628945
503401,5.2360516
503402,2.8550513
503501,5.9679036
503502,2.9790661
503601,2.4431341
503602,3.2706459
503701,7.8316774
503702,4.3076925
503703,6.9886947
503801,0.89722675
503802,1.5180266
503901,1.8270402
503902,1.1887072
504001,10.627177
504002,3.585927
504101,9.0974216
504102,
530003,3.0181086
530004,6.06777
530005,6.6752248
530006,11.259676
530101,14.149354
530102,12.377663
530202,7.2957969
530203,9.3816633
530204,6.6151204
530301,22.780569
530302,6.5370069
530400,25.892857
530500,19.308599
530601,7.6049943
530602,7.7319589
530700,12.956204
530801,11.004785
530802,10.861865
530901,4.3524418
530902,22.751799
531000,7.7099237
531101,21.563786
531102,20.022753
531201,10.677291
531202,18.822479
531301,11.606457
531302,13.404114
531502,9.090909
531503,18.610746
531504,17.922794
531602,19.224283
531603,6.7375889
531604,17.316017
531701,11.750973
531702,12.450437
531800,9.6385546
531901,9.4474154
531902,5.9797606
532001,18.612818
532002,13.908629
532101,9.0084982
532102,6.359447
532200,12.912087
532302,4.5780969
532303,11.567732
532304,17.102804
532400,
532500,6.5693431
532603,9.7260275
532604,25.341427
532605,23.392857
532606,23.021002
532700,4.6012268
532800,14.830072
532900,15.536375
533001,16.895874
533002,17.532467
533103,27.209303
533104,36.934074
533105,18.387096
533106,19.570406
533107,10.275424
533201,14.413075
533202,6.5599999
533203,10.025063
533300,10.800971
533401,7.6719575
533402,17.846153
533403,24.383163
533501,10.751295
533502,8.5774059
533503,13.552361
533601,12.511415
533602,11.451495
533603,11.659966
533701,19.169329
533702,6.9988136
533703,4.3699188
533803,13.084665
533804,12.236629
533805,4.2437434
533806,8.7591238
533901,5.6439943
533902,5.0108933
534001,7.0512819
534002,12.266112
534101,6.4516129
534102,7.0588236
534201,6.9582505
534202,13.492064
534203,10.864198
534301,11.466666
534302,7.1342201
534403,5.570652
534404,15.6283
534405,13.487882
534406,6.9164267
534501,6.8221073
534502,4.8923678
534700,3.822314
534802,14.349113
534803,20.977777
534804,10.635965
534900,20.162933
535001,13.241107
535002,15.864759
535101,13.765643
535102,22.128059
535200,9.5826893
535300,7.315341
535400,12.116992
535501,11.959799
535502,12.023217
535503,16.551723
535603,11.713933
535604,5.3149605
535605,21.73913
535606,9.5435686
535607,5.651341
535701,8.6006823
535702,13.800905
535802,7.7658305
535803,3.9667897
535804,5.0914879
535901,5.9914408
535902,1.3548387
536000,9.0270815
536102,6.3931298
536103,10.674932
536104,6.7269077
536200,2.8467908
540000,2.5657895
540101,1.4305177
540102,2.6888604
540201,18.181818
540202,15.181315
540203,11.354737
540300,7.0652175
540400,8.5653105
540501,4.1246562
540502,13.627119
540600,24.600939
540700,12.016022
540800,6.0394154
540901,7.4204946
540902,15.047879
541001,9.2409239
541002,1.1869437
541100,4.2269187
541200,14.630137
541300,5.0985723
541400,11.254851
541500,4.5155993
541603,6.8047338
541604,7.7848549
541605,2.5889966
541606,15.824916
541700,7.0306659
541801,6.7854114
541802,5.8500915
542000,2.4590163
542103,3.6363637
542104,4.3723555
542105,4.2813454
542106,16.216217
542200,12.627551
542401,8.8235292
542402,9.4175959
542501,9.8347111
542502,25.142393
542601,16.470589
542602,14.863871
542700,7.2474942
542800,5.856833
542900,5.7142859
543000,3.6776214
543100,6.6120219
543201,9.4235029
543202,8.8971272
543304,1.7623364
543305,0
543306,4.7853971
543321,4.5912652
543322,2.1256931
543400,2.173913
543501,6.4238744
543502,5.8088236
543503,3.3512866
543601,3.2818532
543602,2.4904215
543603,4.6227055
543604,0.91324198
543701,3.058104
543702,3.5407724
543703,1.8027571
543801,3.9623909
543802,7.4036512
543903,8.5004778
543905,5.7553959
544001,6.3492064
544002,7.875895
550000,7.8947368
550100,0.75798595
550201,5.6473827
550202,2.9025569
550300,3.8635223
550400,0.79575598
550500,1.8298261
550601,3.1211751
550602,1.980198
550700,1.1217948
550800,3.5830619
550901,11.864407
550902,4.887218
551000,4.8257375
551101,10.176619
551102,6.5613608
551201,2.7121611
551202,7.9409051
551300,11.376896
551401,0
551402,3.1782947
551501,3.536068
551502,4.12111
551600,
551700,3.7794299
551800,4.2197804
551900,2.4221454
552001,5.6584363
552002,7.3737373
552100,18.95013
552200,9.4194317
552301,4.8989115
552302,13.005551
552400,6.5743942
552601,5.517827
552602,2.6455026
552700,4.4950056
552800,2.8125
552900,6.7117877
553000,0.99916738
553100,3.7840846
553200,6.7141404
553300,2.5236592
553400,4.2810097
553502,15.488215
553503,3.1680441
553504,2.1036813
553601,2.1061499
553602,5.7121096
553701,1.8757327
553702,6.0778728
553801,4.4865403
553802,15.974776
553901,5.582233
553902,2.0357804
554001,3.6903691
554002,5.8368077
554101,4.1951218
554103,5.0108933
554104,6.60502
554105,10.136054
554201,3.0330062
554203,5.942275
554204,19.926426
554301,2.0181634
554302,11.386987
554403,6.9534473
554404,4.1213064
554405,5.8580856
554406,6.0226593
554511,4.4697633
554512,1.0376843
554513,4.7146401
554514,3.5353534
554515,2.8745644
554516,2.8802881
554517,2.2964509
554518,1.0480888
554519,2.2510822
554521,6.9791665
554522,0.60769749
554600,4.2159762
554700,2.6845639
554801,3.2085562
554802,5.9572005
554900,7.8327727
555001,5.139883
555002,0.67961162
555102,4.7496128
555103,4.0172167
555104,6.62152
555202,0
555211,7.3776479
555212,2.3159635
570001,6.5910702
570002,3.0235162
570003,4.5007033
570100,4.4235926
570202,6.7053514
570203,12.703862
570204,12.183236
570301,6.4471879
570303,12.864964
570304,16.002747
570402,2.5806451
570403,9.0283747
570404,5.8542414
570501,0.89641434
570502,3.5630841
570601,8.2638893
570602,5.8987203
570603,8.2159624
570701,10.497237
570702,3.5322778
570800,1.9818799
570901,2.1578948
570902,2.5514402
571000,2.5038323
571101,3.6988969
571102,3.9670658
571200,2.2314312
571300,1.8241042
571400,7.7834177
571502,8.425334
571503,2.5641026
571504,7.8485179
571600,42.125481
571701,14.681108
571703,21.705427
571704,11.913358
571800,2.6236882
571900,2.0236087
572001,3.9492242
572002,11.761762
572100,1.7482518
572201,10.883721
572202,4.3111529
572301,9.268795
572302,6.9212413
572400,2.8268552
572500,28.631403
572600,1.8838304
572700,6.8318319
572800,25.414364
572900,13.064133
573002,14.727955
573003,3.4710743
573004,24.705883
573100,6.375
573201,16.862169
573202,7.8584285
573300,15.295257
573401,4.3222003
573402,5.8461537
573403,2.3311896
573601,7.5259514
573700,4.2007003
573800,1.0141988
573902,2.6035502
574000,0.36726129
574100,2.9442692
574201,3.7105751
574202,10.909091
574300,3.8547738
574400,1.9442985
574500,2.2466757
574601,
574602,4.4722719
574700,
574800,4.0816326
574901,0.85592014
574902,2.6166098
575001,6.3713593
575002,7.0626001
575101,12.268188
575102,20.666666
575103,12.771328
575201,19.311502
575202,13.610432
575300,28.416487
575401,22.802851
575402,24.081238
575500,
575801,26.615385
575802,26.571613
575803,42.601627
575901,18.087473
575902,25.451916
576001,10.437818
576200,39.937542
576301,19.349005
576302,20.893007
576401,32.888145
576402,18.789309
576403,16.843596
576501,20.594059
576502,20
576503,19.039825
576601,10.68892
576602,6.0445786
576700,12.408425
576801,12.217412
576802,8.4647741
576901,22.74678
576903,15.880721
576904,7.0647602
577000,9.7100029
577100,6.2732739
577200,2.7085257
577300,0.28855401
577400,4.4005103
577501,3.5403366
577504,1.4925373
577602,3.5566094
577603,3.3962264
577604,0.67476386
599000,44.25428
599100,9.7345133
600100,22.76742
600201,16.801292
600202,26.171694
600302,14.272121
600303,16.695353
600304,18.962265
600400,12.643678
600501,7.8976641
600502,10.30303
600601,4.4420366
600602,18.539326
600702,3.2822757
600703,0.87912089
600704,4.0262942
600801,2.9388404
600802,10.839161
600902,12.5
600911,4.0404038
600912,2.4650233
601001,17.521782
601002,8.5441532
601100,15.280374
601202,9.8753595
601211,13.790035
601212,11.886051
601301,8.3445492
601302,11.041449
601303,18.04175
601401,7.2809277
601402,6.859756
601501,6.4575644
601502,11.428572
601600,13.799622
601700,5.981595
601801,13.160987
601802,9.8867149
601900,13.942307
602002,13.727811
602003,9.6198606
602004,6.0465117
602103,6.0114503
602104,8.2663603
602105,6.2362437
602106,9.2749529
602200,3.4400949
602301,3.071317
602302,0.49504951
602402,9.9656353
602403,13.660874
602404,6.0515871
602504,13.186813
602505,21.131138
602506,12.462731
602507,11.200995
602508,6.329618
602509,10.10101
602600,6.3947458
602700,6.9787235
602801,12.268908
602802,7.2868218
602900,6.6109424
603001,6.3175397
603004,12.852665
603005,6.1504669
603006,8.2125607
603101,6.9987388
603102,7.5237398
603200,3.5056968
603301,6.8746023
603302,3.6745408
603400,3.2831738
603500,5.4956899
603600,7.850071
603702,2.6472535
603703,1.8518518
603704,10.163776
603801,4.0112596
603802,6.908463
603900,5.6734519
604001,0.55688149
604002,5.847569
604100,6.0087934
609900,2.5682182
620001,4.5454545
620002,4.9484534
620101,1.3272312
620102,2.6070764
620201,2.4154589
620301,2.2619047
620303,1.8494898
620305,2.4942441
620400,2.4341779
620501,1.6037736
620521,1.8288701
620522,4.0861402
620601,6.9837189
620602,2.8557115
620701,6.6642389
620702,0
620800,2.7326186
620901,0.61664951
620904,2.3041475
621001,6.2827225
621002,2.173913
621004,3.0384271
621102,2.9850745
621104,1.2218045
621201,3.1821797
621204,9.2027826
621301,3.2467532
621324,5.546751
621326,0.50533408
621400,2.6286354
650001,5.7274828
650003,7.8856153
650004,6.7986798
650101,3.446578
650102,4.4098573
650200,1.9566367
650300,5.3741217
650401,2.7910142
650501,1.8446602
650502,2.0671835
650602,13.712719
650603,6.6237941
650604,11.460761
650605,6.7157311
650701,4.6038542
650702,1.8796992
650800,4.608789
650901,5.482193
650902,4.3775101
651001,5.4112554
651002,3.1652989
651101,10.072689
651102,7.3001161
651201,2.1028037
651221,9.1359777
651222,2.4576271
651302,0.46044371
651304,1.4358108
651401,6.6101694
651402,1.8647008
670001,2.7711797
670002,10.162601
670003,2.9005525
670100,9.1910496
670201,2.103879
670202,2.3554604
670324,0.94438612
670326,0.68859982
670328,2.6658401
670403,3.0895984
670405,9.7375107
670406,1.8691589
670407,1.9929141
670411,5.7998724
670413,2.7792916
670416,3.7251124
670500,0.45662099
670602,1.3582343
670701,3.8865137
670702,0.58055151
700101,16.174133
700102,27.055817
700200,10.233311
700300,7.9088473
700400,8.6392403
700501,3.4747474
700502,14.295604
700600,3.4172661
700700,8.4120979
700801,16.321926
700802,9.6227446
700901,4.1067762
700902,6.0192366
701000,4.0824113
701100,19.23077
701201,2.2531478
701202,3.8867295
701302,7.9930797
701304,6.2344913
701402,15.480649
701501,12.341063
701502,9.2030849
701601,2.0429544
701602,4.0634294
701701,7.4474473
701702,11.451706
701801,17.671917
701802,12.807881
701902,23.990252
702002,19.198812
702102,7.782516
702201,4.0385499
702202,7.7876105
702300,5.6603775
702400,5.7797165
702501,8.1011353
702502,11.832061
702600,5.5530877
702700,3.4856701
702801,9.2653255
702802,6.9575472
702803,7.2439632
702901,1.8255972
703001,2.5153177
703002,3.2967033
703100,6.4223962
703200,5.5124893
800101,0.4918839
800102,0.98425198
800202,0.71538067
800203,1.7313746
800204,3.9598439
800324,1.4366565
800325,3.4505208
800326,1.439206
800327,8.1770086
800328,1.1439466
800329,2.1653543
800330,0
800331,0
800332,0.83410567
800406,3.4140968
800408,3.1091585
800410,0.78864354
800504,3.4227567
800506,0.77355838
900102,5
900103,0.30193236
900104,1.2145749
900201,3.7533512
900300,9.9442377
900501,6.7630358
900504,6.2569213
900505,9.443099
900506,4.2222223
900507,8.6675892
900508,3.9419086
900602,2.9562981
900605,7.133059
900606,19.368246
900607,9.319665
900608,4.0733199
900609,5.3469129
900701,20.091324
900703,19.649122
900704,15.935335
900705,4.9423394
900803,7.6602201
900804,12.048193
900805,8.1245251
900806,33.078491
900900,3.3691757
901003,
901004,1.3866231
901007,2.0766773
901008,1.1591148
901009,4.8600106
901010,2.8387787
901011,10.096154
901101,4.3988271
901102,0.55248618
901205,7.3487844
901209,0
901210,1.6260163
901213,4.765625
910001,6.9444447
910002,1.8978102
910101,7.6566124
910201,15.334948
910202,3.3392963
910205,0
910206,0.20790021
910207,0.54811203
910208,3.0319438
910209,1.1049724
910210,0
910301,2.9538906
910302,3.7228541
910401,3.9198217
910402,15.335464
910403,10.763889
910404,2.1761658
910501,28.534836
910502,16.014898
910504,7.2712417
910505,2.6548672
910601,7.6970825
910602,12.645349
910603,7.2325463
910605,1.6583748
910606,2.8025477
910705,3.0999651
910706,2.1408839
910707,8.5669785
910709,2.2448978
910711,6.1072054
910712,2.1148036
910713,0.76335877
910714,4.0935674
910715,8.1081085
910716,4
910804,0.57471263
910805,1.9569472
910807,2.8880866
910808,0
910809,0.84151471
910810,0
910811,0
910812,0
910813,0
911001,3.3792241
920011,0
920012,0.67264575
920013,2.3132849
920015,0.92927206
920016,4.0994625
920017,0.48476455
920018,2.0942409
920020,1.0672854
920023,4.1095891
920026,14.457831
920028,0.87179488
920029,10.341726
920030,4.9003768
920031,7.8616352
920032,1.1947432
920033,0
920034,3.0456853
920035,3.9479392
920036,0
920037,10.577347
920038,11.710607
920039,0
920040,1.3986014
920041,1.2443439
920042,5.9684253
920043,0.94444442
920044,6.9640913
920045,1.1612022
920102,3.8682697
920104,0
920106,2.2675736
920107,0.86750787
920108,4.7801147
920109,1.5010352
920110,0.79225349
920111,1.7928287
920112,6.6755676
920114,0.54852319
920115,1.9138756
920116,1.6079159
920118,0.99778271
920119,1.8382353
920200,
920303,1.1152416
920312,5.6127706
920313,9.215579
920314,0.3144654
920322,2.8810408
920326,2.1747727
920328,1.2658228
920329,0.50878817
920330,7.0138597
920331,7.702795
920332,1.0920436
920334,11.435832
920336,4.5909357
920337,6.556531
920338,2.6734927
920339,0
930101,0
930200,2.9761906
930301,3.3057852
980001,
980002,
980003,
980004,
980005,
980006,
980007,
980008,18.918919
980009,
980010,42.372883
980013,
980014,
980015,3.9215686
980018,
980019,0
980020,
980021,
980022,
980023,
980024,5.0632911
980025,
980026,
980028,
980030,
980031,
980033,
990300,
